gid,role,role_score,cluster_id,priority_score,evidence
100000000343175100,coordinator,0.69,13,0.6538,"Признаки координации: получает от 8 плательщиков (179 тыс ₸), рассылает 31 получателям (4,0 млн ₸) (seed: входящие неполны)"
100000000456947100,peripheral,1.0,0,0.0,Нет переводов ≥5 000 ₸ в выгрузке (seed)
100000000580561100,peripheral,0.8,35,0.3335,"Признаков роли не выявлено: вход 2 (28 тыс ₸), выход 3 (1,5 млн ₸) (seed: входящие неполны)"
100000001415126100,peripheral,0.9,16,0.2258,"Признаков роли не выявлено: вход 1 (27 тыс ₸), выход 0 (0 ₸) (seed: входящие неполны)"
100000001429930100,peripheral,0.9,17,0.2146,"Признаков роли не выявлено: вход 1 (26 тыс ₸), выход 0 (0 ₸) (seed: входящие неполны)"
100000001616816100,consolidator,0.5,9,0.6069,"Признаки консолидации: получает от 5 разных плательщиков, 176 тыс ₸, отдаёт дальше 103% полученного"
100000001732159100,peripheral,0.8,14,0.5159,"Признаков роли не выявлено: вход 2 (2,4 млн ₸), выход 4 (1,5 млн ₸) (seed: входящие неполны)"
100000002527114100,distributor,0.991,5,0.5866,"Веерное распределение: 111 получателей, 3,3 млн ₸, отдаёт дальше 2550% полученного (seed: входящие неполны)"
100000002916006100,peripheral,0.95,16,0.0726,"Признаков роли не выявлено: вход 0 (0 ₸), выход 1 (32 тыс ₸) (seed: входящие неполны)"
100000003016635100,coordinator,0.778,2,0.6436,"Признаки координации: получает от 8 плательщиков (587 тыс ₸), рассылает 73 получателям (9,4 млн ₸) (seed: входящие неполны)"
100000003200071100,peripheral,0.95,46,0.0682,"Признаков роли не выявлено: вход 0 (0 ₸), выход 1 (30 тыс ₸) (seed: входящие неполны)"
100000003265658100,peripheral,1.0,0,0.0,Нет переводов ≥5 000 ₸ в выгрузке (seed)
100000003349739100,peripheral,1.0,0,0.0,Нет переводов ≥5 000 ₸ в выгрузке (seed)
100000003684369100,coordinator,0.936,8,0.8101,"Признаки координации: получает от 24 плательщиков (3,8 млн ₸), рассылает 62 получателям (8,6 млн ₸) (seed: входящие неполны)"
100000003770083100,peripheral,1.0,0,0.0,Нет переводов ≥5 000 ₸ в выгрузке (seed)
100000003975102100,peripheral,0.9,2,0.3271,"Признаков роли не выявлено: вход 1 (26 тыс ₸), выход 2 (88 тыс ₸) (seed: входящие неполны)"
100000003977183100,peripheral,0.8,9,0.2827,"Признаков роли не выявлено: вход 2 (124 тыс ₸), выход 4 (766 тыс ₸) (seed: входящие неполны)"
100000004007116100,terminal,0.981,24,0.4011,"Конечный получатель: 765 тыс ₸ от 3 плательщиков, дальше уходит 19% (колено 0)"
100000004019124100,terminal,0.891,2,0.5268,"Конечный получатель: 193 тыс ₸ от 3 плательщиков, исходящих нет (колено 0)"
100000004021459100,peripheral,1.0,0,0.0,Нет переводов ≥5 000 ₸ в выгрузке (seed)
100000004041163100,peripheral,0.9,16,0.5238,"Признаков роли не выявлено: вход 1 (50 тыс ₸), выход 2 (866 тыс ₸) (seed: входящие неполны)"
100000004174835100,peripheral,1.0,0,0.0,Нет переводов ≥5 000 ₸ в выгрузке (seed)
100000004193835100,peripheral,0.9,2,0.3026,"Признаков роли не выявлено: вход 1 (47 тыс ₸), выход 1 (5 тыс ₸) (seed: входящие неполны)"
100000004269433100,peripheral,0.95,13,0.2147,"Признаков роли не выявлено: вход 0 (0 ₸), выход 1 (1,4 млн ₸) (seed: входящие неполны)"
100000004358004100,distributor,0.519,8,0.3125,"Веерное распределение: 11 получателей, 981 тыс ₸ (seed: входящие неполны)"
100000004388983100,peripheral,0.9,45,0.1898,"Признаков роли не выявлено: вход 0 (0 ₸), выход 2 (451 тыс ₸) (seed: входящие неполны)"
100000004714705100,peripheral,0.95,16,0.0782,"Признаков роли не выявлено: вход 0 (0 ₸), выход 1 (37 тыс ₸) (seed: входящие неполны)"
100000004723755100,peripheral,0.95,8,0.1274,"Признаков роли не выявлено: вход 0 (0 ₸), выход 1 (95 тыс ₸) (seed: входящие неполны)"
100000004813068100,peripheral,0.85,12,0.1722,"Признаков роли не выявлено: вход 0 (0 ₸), выход 3 (297 тыс ₸) (seed: входящие неполны)"
100000004971871100,peripheral,0.9,43,0.153,"Признаков роли не выявлено: вход 1 (25 тыс ₸), выход 1 (6 тыс ₸) (seed: входящие неполны)"
100000005017150100,peripheral,1.0,0,0.0,Нет переводов ≥5 000 ₸ в выгрузке (seed)
100000005087431100,peripheral,1.0,0,0.0,Нет переводов ≥5 000 ₸ в выгрузке (seed)
100000005235389100,peripheral,1.0,0,0.0,Нет переводов ≥5 000 ₸ в выгрузке (seed)
100000005264990100,peripheral,0.9,16,0.3504,"Признаков роли не выявлено: вход 1 (17 тыс ₸), выход 2 (122 тыс ₸) (seed: входящие неполны)"
100000005370580100,peripheral,0.9,17,0.2093,"Признаков роли не выявлено: вход 1 (24 тыс ₸), выход 0 (0 ₸) (seed: входящие неполны)"
100000005382566100,consolidator,0.807,16,0.7006,"Признаки консолидации: получает от 7 разных плательщиков (из них seed: 6), 393 тыс ₸, отдаёт дальше 13% полученного"
100000005386383100,peripheral,0.8,16,0.3216,"Признаков роли не выявлено: вход 2 (38 тыс ₸), выход 1 (29 тыс ₸) (seed: входящие неполны)"
100000005392290100,peripheral,0.95,47,0.1179,"Признаков роли не выявлено: вход 0 (0 ₸), выход 1 (81 тыс ₸) (seed: входящие неполны)"
100000005395727100,peripheral,0.9,2,0.194,"Признаков роли не выявлено: вход 1 (17 тыс ₸), выход 0 (0 ₸) (seed: входящие неполны)"
100000005409680100,terminal,0.77,18,0.4325,"Конечный получатель: 55 тыс ₸ от 2 плательщиков, исходящих нет (колено 0)"
100000005417257100,peripheral,0.9,16,0.1321,"Признаков роли не выявлено: вход 0 (0 ₸), выход 2 (106 тыс ₸) (seed: входящие неполны)"
100000005454368100,terminal,0.745,17,0.3331,"Конечный получатель: 49 тыс ₸ от 2 плательщиков, исходящих нет (колено 0)"
100000005480435100,peripheral,1.0,0,0.0,Нет переводов ≥5 000 ₸ в выгрузке (seed)
100000005485830100,peripheral,0.75,36,0.1663,"Признаков роли не выявлено: вход 0 (0 ₸), выход 5 (276 тыс ₸) (seed: входящие неполны)"
100000005493505100,terminal,0.779,17,0.4531,"Конечный получатель: 62 тыс ₸ от 3 плательщиков, исходящих нет (колено 0)"
100000005495722100,peripheral,1.0,0,0.0,Нет переводов ≥5 000 ₸ в выгрузке (seed)
100000005498992100,distributor,0.596,16,0.3441,"Веерное распределение: 16 получателей, 2,3 млн ₸ (seed: входящие неполны)"
100000005519347100,peripheral,0.8,2,0.4305,"Признаков роли не выявлено: вход 2 (73 тыс ₸), выход 1 (99 тыс ₸) (seed: входящие неполны)"
100000005523088100,terminal,0.977,16,0.5868,"Конечный получатель: 700 тыс ₸ от 1 плательщиков, исходящих нет (колено 0)"
100000005543136100,peripheral,0.95,17,0.0155,"Признаков роли не выявлено: вход 0 (0 ₸), выход 1 (10 тыс ₸) (seed: входящие неполны)"
100000005550592100,peripheral,1.0,0,0.0,Нет переводов ≥5 000 ₸ в выгрузке (seed)
100000005560900100,peripheral,1.0,0,0.0,Нет переводов ≥5 000 ₸ в выгрузке (seed)
100000005568407100,peripheral,1.0,0,0.0,Нет переводов ≥5 000 ₸ в выгрузке (seed)
100000005668605100,terminal,0.821,16,0.4763,"Конечный получатель: 94 тыс ₸ от 3 плательщиков, исходящих нет (колено 0)"
100000005744674100,peripheral,0.95,16,0.0972,"Признаков роли не выявлено: вход 0 (0 ₸), выход 1 (50 тыс ₸) (seed: входящие неполны)"
100000006232815100,peripheral,0.75,27,0.3008,"Признаков роли не выявлено: вход 1 (160 тыс ₸), выход 5 (296 тыс ₸) (seed: входящие неполны)"
100000006249740100,peripheral,0.85,41,0.1226,"Признаков роли не выявлено: вход 0 (0 ₸), выход 3 (93 тыс ₸) (seed: входящие неполны)"
100000006831291100,peripheral,0.95,41,0.0292,"Признаков роли не выявлено: вход 0 (0 ₸), выход 1 (15 тыс ₸) (seed: входящие неполны)"
100000006866783100,coordinator,0.846,1,0.6621,"Признаки координации: получает от 13 плательщиков (839 тыс ₸), рассылает 67 получателям (3,9 млн ₸) (seed: входящие неполны)"
100000007018630100,peripheral,0.95,44,0.1605,"Признаков роли не выявлено: вход 0 (0 ₸), выход 1 (200 тыс ₸) (seed: входящие неполны)"
100000007747786100,distributor,0.731,15,0.3822,"Веерное распределение: 31 получателей, 4,2 млн ₸ (seed: входящие неполны)"
100000007982728100,peripheral,0.6,9,0.2073,"Признаков роли не выявлено: вход 0 (0 ₸), выход 8 (1,8 млн ₸) (seed: входящие неполны)"
100000008117324100,peripheral,1.0,0,0.0,Нет переводов ≥5 000 ₸ в выгрузке (seed)
100000008205000100,peripheral,1.0,0,0.0,Нет переводов ≥5 000 ₸ в выгрузке (seed)
100000008314203100,peripheral,0.8,14,0.4362,"Признаков роли не выявлено: вход 2 (382 тыс ₸), выход 2 (327 тыс ₸) (seed: входящие неполны)"
100000008418835100,terminal,0.993,13,0.4287,"Конечный получатель: 1,4 млн ₸ от 1 плательщиков, дальше уходит 14% (колено 0)"
100000008513251100,peripheral,1.0,0,0.0,Нет переводов ≥5 000 ₸ в выгрузке (seed)
100000008516839100,terminal,0.871,16,0.5082,"Конечный получатель: 155 тыс ₸ от 3 плательщиков, исходящих нет (колено 0)"
100000008522127100,peripheral,0.95,3,0.1449,"Признаков роли не выявлено: вход 0 (0 ₸), выход 1 (145 тыс ₸) (seed: входящие неполны)"
100000008571433100,peripheral,0.8,39,0.3021,"Признаков роли не выявлено: вход 2 (350 тыс ₸), выход 2 (1,4 млн ₸) (seed: входящие неполны)"
100000008575624100,peripheral,0.85,37,0.1201,"Признаков роли не выявлено: вход 0 (0 ₸), выход 3 (90 тыс ₸) (seed: входящие неполны)"
100000008601794100,peripheral,0.8,42,0.3001,"Признаков роли не выявлено: вход 2 (494 тыс ₸), выход 1 (871 тыс ₸) (seed: входящие неполны)"
100000008637537100,peripheral,0.7,14,0.5167,"Признаков роли не выявлено: вход 3 (620 тыс ₸), выход 3 (2,4 млн ₸) (seed: входящие неполны)"
100000008650785100,peripheral,0.8,2,0.4342,"Признаков роли не выявлено: вход 2 (92 тыс ₸), выход 2 (120 тыс ₸) (seed: входящие неполны)"
100000008654653100,peripheral,0.95,2,0.1019,"Признаков роли не выявлено: вход 0 (0 ₸), выход 1 (54 тыс ₸) (seed: входящие неполны)"
100000008659445100,peripheral,0.7,34,0.293,"Признаков роли не выявлено: вход 3 (138 тыс ₸), выход 4 (875 тыс ₸) (seed: входящие неполны)"
100000008669037100,peripheral,1.0,0,0.0,Нет переводов ≥5 000 ₸ в выгрузке (seed)
100000008673001100,peripheral,0.9,16,0.2109,"Признаков роли не выявлено: вход 1 (80 тыс ₸), выход 0 (0 ₸) (seed: входящие неполны)"
100000008680731100,distributor,0.703,12,0.3661,"Веерное распределение: 27 получателей, 1,5 млн ₸ (seed: входящие неполны)"
100000008701222100,peripheral,1.0,0,0.0,Нет переводов ≥5 000 ₸ в выгрузке (seed)
100000008738325100,peripheral,0.9,16,0.2576,"Признаков роли не выявлено: вход 1 (37 тыс ₸), выход 1 (54 тыс ₸) (seed: входящие неполны)"
100000003134937100,peripheral,0.9,2,0.1829,"Признаков роли не выявлено: вход 1 (10 тыс ₸), выход 0 (0 ₸)"
100000005074393100,peripheral,0.6,30,0.7151,"Признаков роли не выявлено: вход 4 (563 тыс ₸), выход 6 (686 тыс ₸)"
100000001924185100,terminal,0.869,13,0.6469,"Конечный получатель: 151 тыс ₸ от 2 плательщиков, исходящих нет (колено 1)"
100000004070318100,distributor,0.631,1,0.7399,"Веерное распределение: 19 получателей, 552 тыс ₸, отдаёт в 2.7× больше видимого входа — есть внешние источники"
100000005807278100,peripheral,0.9,36,0.1004,"Признаков роли не выявлено: вход 1 (8 тыс ₸), выход 0 (0 ₸)"
100000003377795100,peripheral,0.9,15,0.0688,"Признаков роли не выявлено: вход 1 (7 тыс ₸), выход 0 (0 ₸)"
100000004330371100,peripheral,0.8,2,0.5626,"Признаков роли не выявлено: вход 2 (264 тыс ₸), выход 2 (91 тыс ₸)"
100000008165763100,coordinator,0.729,8,1.0,"Признаки координации: получает от 15 плательщиков (1,2 млн ₸), рассылает 17 получателям (1,3 млн ₸)"
100000001684867100,peripheral,0.9,2,0.2618,"Признаков роли не выявлено: вход 1 (31 тыс ₸), выход 0 (0 ₸)"
100000003900547100,peripheral,0.9,2,0.2347,"Признаков роли не выявлено: вход 1 (24 тыс ₸), выход 0 (0 ₸)"
100000006656003100,peripheral,0.9,5,0.1634,"Признаков роли не выявлено: вход 1 (20 тыс ₸), выход 1 (9 тыс ₸)"
100000008237827100,peripheral,0.9,8,0.3992,"Признаков роли не выявлено: вход 1 (40 тыс ₸), выход 0 (0 ₸)"
100000003014659100,terminal,0.924,13,0.6658,"Конечный получатель: 280 тыс ₸ от 1 плательщиков, исходящих нет (колено 1)"
100000007939160100,terminal,0.982,35,0.6408,"Конечный получатель: 795 тыс ₸ от 1 плательщиков, дальше уходит 2% (колено 1)"
100000007274584100,peripheral,0.9,8,0.3942,"Признаков роли не выявлено: вход 1 (38 тыс ₸), выход 0 (0 ₸)"
100000001524952100,peripheral,0.9,1,0.3832,"Признаков роли не выявлено: вход 1 (104 тыс ₸), выход 0 (0 ₸)"
100000003131693100,terminal,0.94,8,0.7189,"Конечный получатель: 353 тыс ₸ от 1 плательщиков, исходящих нет (колено 1)"
100000008383405100,peripheral,0.9,12,0.1864,"Признаков роли не выявлено: вход 1 (25 тыс ₸), выход 0 (0 ₸)"
100000008736173100,peripheral,0.9,5,0.1794,"Признаков роли не выявлено: вход 1 (31 тыс ₸), выход 0 (0 ₸)"
100000002861485100,peripheral,0.9,2,0.2551,"Признаков роли не выявлено: вход 1 (29 тыс ₸), выход 0 (0 ₸)"
100000008745474100,peripheral,0.9,5,0.2022,"Признаков роли не выявлено: вход 1 (41 тыс ₸), выход 0 (0 ₸)"
100000008691330100,peripheral,0.9,5,0.1427,"Признаков роли не выявлено: вход 1 (21 тыс ₸), выход 0 (0 ₸)"
100000007639767100,distributor,0.5,1,0.6877,"Веерное распределение: 10 получателей, 822 тыс ₸, отдаёт в 9.0× больше видимого входа — есть внешние источники"
100000002921047100,peripheral,0.8,15,0.6229,"Признаков роли не выявлено: вход 2 (338 тыс ₸), выход 1 (163 тыс ₸)"
100000004783447100,peripheral,0.9,5,0.1626,"Признаков роли не выявлено: вход 1 (26 тыс ₸), выход 0 (0 ₸)"
100000008696919100,peripheral,0.9,5,0.1817,"Признаков роли не выявлено: вход 1 (32 тыс ₸), выход 0 (0 ₸)"
100000008736940100,peripheral,0.7,34,0.4381,"Признаков роли не выявлено: вход 3 (451 тыс ₸), выход 3 (182 тыс ₸)"
100000005940652100,peripheral,0.9,14,0.2788,"Признаков роли не выявлено: вход 1 (8 тыс ₸), выход 0 (0 ₸)"
100000004180097100,peripheral,0.7,19,0.5283,"Признаков роли не выявлено: вход 3 (105 тыс ₸), выход 3 (48 тыс ₸)"
100000005539201100,peripheral,0.9,2,0.3891,"Признаков роли не выявлено: вход 1 (46 тыс ₸), выход 1 (25 тыс ₸)"
100000005620225100,terminal,0.748,1,0.4237,"Конечный получатель: 50 тыс ₸ от 2 плательщиков, исходящих нет (колено 1)"
100000004388353100,terminal,0.78,13,0.5556,"Конечный получатель: 63 тыс ₸ от 2 плательщиков, исходящих нет (колено 1)"
100000007442518100,consolidator,0.55,11,0.7968,"Признаки консолидации: получает от 5 разных плательщиков (из них seed: 1), 510 тыс ₸, отдаёт в 8.7× больше видимого входа — есть внешние источники"
100000000267734100,peripheral,0.65,15,0.4029,"Признаков роли не выявлено: вход 2 (180 тыс ₸), выход 7 (282 тыс ₸)"
100000001987030100,peripheral,0.8,9,0.3727,"Признаков роли не выявлено: вход 2 (31 тыс ₸), выход 1 (19 тыс ₸)"
100000002603478100,peripheral,0.9,12,0.144,"Признаков роли не выявлено: вход 1 (24 тыс ₸), выход 0 (0 ₸)"
100000001380054100,peripheral,0.8,27,0.4226,"Признаков роли не выявлено: вход 2 (127 тыс ₸), выход 3 (360 тыс ₸)"
100000002992171100,peripheral,0.9,5,0.1058,"Признаков роли не выявлено: вход 1 (15 тыс ₸), выход 0 (0 ₸)"
100000002781227100,transit,0.676,3,0.5623,"Признаки транзита: пропускает 111% полученного (191 тыс ₸), 22% уходит дальше за ≤2 дня"
100000008745643100,peripheral,0.9,5,0.1393,"Признаков роли не выявлено: вход 1 (20 тыс ₸), выход 0 (0 ₸)"
100000002836736100,terminal,0.965,9,0.5915,"Конечный получатель: 509 тыс ₸ от 2 плательщиков, исходящих нет (колено 1)"
100000004188160100,peripheral,0.75,2,0.4798,"Признаков роли не выявлено: вход 2 (88 тыс ₸), выход 5 (134 тыс ₸)"
100000004841728100,peripheral,0.9,5,0.2288,"Признаков роли не выявлено: вход 1 (52 тыс ₸), выход 0 (0 ₸)"
100000001554432100,peripheral,0.9,8,0.4305,"Признаков роли не выявлено: вход 1 (54 тыс ₸), выход 0 (0 ₸)"
100000008768896100,peripheral,0.9,5,0.2155,"Признаков роли не выявлено: вход 1 (47 тыс ₸), выход 0 (0 ₸)"
100000008232832100,peripheral,0.9,14,0.6076,"Признаков роли не выявлено: вход 1 (337 тыс ₸), выход 1 (138 тыс ₸)"
100000002864256100,peripheral,0.9,8,0.5053,"Признаков роли не выявлено: вход 1 (136 тыс ₸), выход 0 (0 ₸)"
100000001929088100,terminal,0.948,16,0.5456,"Конечный получатель: 396 тыс ₸ от 2 плательщиков, исходящих нет (колено 1)"
100000002794197100,peripheral,0.9,15,0.1562,"Признаков роли не выявлено: вход 1 (30 тыс ₸), выход 0 (0 ₸)"
100000005669845100,peripheral,0.9,27,0.1794,"Признаков роли не выявлено: вход 1 (20 тыс ₸), выход 0 (0 ₸)"
100000002211413100,peripheral,0.9,5,0.1934,"Признаков роли не выявлено: вход 1 (37 тыс ₸), выход 0 (0 ₸)"
100000002784085100,terminal,0.896,16,0.4595,"Конечный получатель: 200 тыс ₸ от 1 плательщиков, исходящих нет (колено 1)"
100000008782421100,peripheral,0.9,5,0.2202,"Признаков роли не выявлено: вход 1 (50 тыс ₸), выход 0 (0 ₸)"
100000003739818100,peripheral,0.9,8,0.4357,"Признаков роли не выявлено: вход 1 (57 тыс ₸), выход 0 (0 ₸)"
100000002214570100,peripheral,0.9,5,0.1638,"Признаков роли не выявлено: вход 1 (26 тыс ₸), выход 0 (0 ₸)"
100000006443391100,peripheral,0.7,16,0.3629,"Признаков роли не выявлено: вход 3 (87 тыс ₸), выход 2 (60 тыс ₸)"
100000005473151100,terminal,0.991,15,0.8461,"Конечный получатель: 1,2 млн ₸ от 3 плательщиков, дальше уходит 18% (колено 1)"
100000005124479100,terminal,0.858,8,0.6989,"Конечный получатель: 138 тыс ₸ от 2 плательщиков, дальше уходит 16% (колено 1)"
100000005527892100,peripheral,0.6,3,0.6186,"Признаков роли не выявлено: вход 3 (220 тыс ₸), выход 8 (552 тыс ₸)"
100000008028628100,peripheral,0.9,5,0.2369,"Признаков роли не выявлено: вход 1 (57 тыс ₸), выход 0 (0 ₸)"
100000001953577100,peripheral,0.9,5,0.1139,"Признаков роли не выявлено: вход 1 (16 тыс ₸), выход 0 (0 ₸)"
100000008193577100,peripheral,0.75,34,0.4371,"Признаков роли не выявлено: вход 2 (154 тыс ₸), выход 5 (480 тыс ₸)"
100000008753193100,peripheral,0.9,5,0.1901,"Признаков роли не выявлено: вход 1 (35 тыс ₸), выход 0 (0 ₸)"
100000008746025100,peripheral,0.9,5,0.144,"Признаков роли не выявлено: вход 1 (22 тыс ₸), выход 0 (0 ₸)"
100000002934441100,terminal,0.778,4,0.4581,"Конечный получатель: 61 тыс ₸ от 2 плательщиков, исходящих нет (колено 1)"
100000003701161100,peripheral,0.6,23,0.6227,"Признаков роли не выявлено: вход 4 (1,5 млн ₸), выход 3 (349 тыс ₸)"
100000006707582100,distributor,0.569,9,0.5942,"Веерное распределение: 14 получателей, 961 тыс ₸, отдаёт в 24.3× больше видимого входа — есть внешние источники"
100000003239379100,peripheral,0.9,12,0.2716,"Признаков роли не выявлено: вход 1 (92 тыс ₸), выход 0 (0 ₸)"
100000000979923100,peripheral,0.9,13,0.4443,"Признаков роли не выявлено: вход 1 (98 тыс ₸), выход 0 (0 ₸)"
100000001111763100,peripheral,0.9,5,0.1207,"Признаков роли не выявлено: вход 1 (17 тыс ₸), выход 0 (0 ₸)"
100000003865939100,peripheral,0.9,47,0.3101,"Признаков роли не выявлено: вход 1 (81 тыс ₸), выход 0 (0 ₸)"
100000002858835100,peripheral,0.9,5,0.1533,"Признаков роли не выявлено: вход 1 (24 тыс ₸), выход 0 (0 ₸)"
100000003404627100,terminal,0.984,14,0.8096,"Конечный получатель: 878 тыс ₸ от 4 плательщиков, исходящих нет (колено 1)"
100000008691027100,peripheral,0.9,5,0.1233,"Признаков роли не выявлено: вход 1 (18 тыс ₸), выход 0 (0 ₸)"
100000004071080100,consolidator,0.737,1,0.7936,"Признаки консолидации: получает от 9 разных плательщиков (из них seed: 1), 239 тыс ₸, отдаёт дальше 19% полученного"
100000002864680100,peripheral,0.9,12,0.2309,"Признаков роли не выявлено: вход 1 (56 тыс ₸), выход 0 (0 ₸)"
100000001330685100,terminal,0.998,6,0.7459,"Конечный получатель: 2,4 млн ₸ от 3 плательщиков, дальше уходит 4% (колено 1)"
100000008745725100,peripheral,0.9,5,0.2155,"Признаков роли не выявлено: вход 1 (47 тыс ₸), выход 0 (0 ₸)"
100000002621949100,peripheral,0.9,8,0.5227,"Признаков роли не выявлено: вход 1 (165 тыс ₸), выход 0 (0 ₸)"
100000007908818100,peripheral,0.6,8,0.695,"Признаков роли не выявлено: вход 4 (727 тыс ₸), выход 6 (302 тыс ₸)"
100000008691495100,peripheral,0.9,5,0.1656,"Признаков роли не выявлено: вход 1 (27 тыс ₸), выход 0 (0 ₸)"
100000003832231100,peripheral,0.9,8,0.3872,"Признаков роли не выявлено: вход 1 (35 тыс ₸), выход 0 (0 ₸)"
100000002371751100,peripheral,0.9,44,0.4078,"Признаков роли не выявлено: вход 1 (200 тыс ₸), выход 1 (250 тыс ₸)"
100000002894076100,terminal,0.99,15,0.7738,"Конечный получатель: 1,1 млн ₸ от 4 плательщиков, исходящих нет (колено 1)"
100000001362940100,peripheral,0.9,8,0.4615,"Признаков роли не выявлено: вход 1 (81 тыс ₸), выход 0 (0 ₸)"
100000008741372100,peripheral,0.9,5,0.1911,"Признаков роли не выявлено: вход 1 (36 тыс ₸), выход 0 (0 ₸)"
100000002618492100,terminal,0.928,13,0.6806,"Конечный получатель: 296 тыс ₸ от 2 плательщиков, исходящих нет (колено 1)"
100000002750332100,peripheral,0.9,16,0.0885,"Признаков роли не выявлено: вход 1 (11 тыс ₸), выход 0 (0 ₸)"
100000004948177100,terminal,0.954,2,0.6393,"Конечный получатель: 437 тыс ₸ от 3 плательщиков, исходящих нет (колено 1)"
100000002511825100,peripheral,0.9,1,0.3411,"Признаков роли не выявлено: вход 1 (65 тыс ₸), выход 0 (0 ₸)"
100000008566737100,terminal,0.907,10,0.6888,"Конечный получатель: 230 тыс ₸ от 2 плательщиков, исходящих нет (колено 1)"
100000008661585100,peripheral,0.9,5,0.2061,"Признаков роли не выявлено: вход 1 (43 тыс ₸), выход 0 (0 ₸)"
100000004759121100,consolidator,0.608,1,0.8023,"Признаки консолидации: получает от 6 разных плательщиков (из них seed: 1), 710 тыс ₸, отдаёт дальше 44% полученного"
100000004360785100,peripheral,0.9,2,0.3607,"Признаков роли не выявлено: вход 1 (95 тыс ₸), выход 0 (0 ₸)"
100000005092518100,peripheral,0.9,5,0.1611,"Признаков роли не выявлено: вход 1 (26 тыс ₸), выход 0 (0 ₸)"
100000008737958100,terminal,0.765,5,0.3455,"Конечный получатель: 53 тыс ₸ от 2 плательщиков, исходящих нет (колено 1)"
100000003044518100,peripheral,0.9,15,0.1643,"Признаков роли не выявлено: вход 1 (34 тыс ₸), выход 0 (0 ₸)"
100000004159526100,peripheral,0.6,14,0.6348,"Признаков роли не выявлено: вход 4 (275 тыс ₸), выход 4 (68 тыс ₸)"
100000007544358100,transit,0.686,2,0.6924,"Признаки транзита: пропускает 109% полученного (322 тыс ₸), 7% уходит дальше за ≤2 дня"
100000005901606100,peripheral,0.9,5,0.1907,"Признаков роли не выявлено: вход 1 (36 тыс ₸), выход 0 (0 ₸)"
100000006658598100,peripheral,0.9,2,0.1722,"Признаков роли не выявлено: вход 1 (9 тыс ₸), выход 0 (0 ₸)"
100000002793851100,peripheral,0.9,2,0.1848,"Признаков роли не выявлено: вход 1 (11 тыс ₸), выход 0 (0 ₸)"
100000005612411100,peripheral,0.6,8,0.6201,"Признаков роли не выявлено: вход 3 (116 тыс ₸), выход 8 (507 тыс ₸)"
100000007511163100,peripheral,0.8,2,0.4835,"Признаков роли не выявлено: вход 2 (64 тыс ₸), выход 3 (82 тыс ₸)"
100000002648315100,peripheral,0.9,15,0.3039,"Признаков роли не выявлено: вход 1 (132 тыс ₸), выход 2 (76 тыс ₸)"
100000004739664100,peripheral,0.9,5,0.1818,"Признаков роли не выявлено: вход 1 (12 тыс ₸), выход 1 (10 тыс ₸)"
100000003713616100,peripheral,0.9,2,0.2036,"Признаков роли не выявлено: вход 1 (16 тыс ₸), выход 0 (0 ₸)"
100000003476560100,peripheral,0.9,8,0.4211,"Признаков роли не выявлено: вход 1 (50 тыс ₸), выход 0 (0 ₸)"
100000008782800100,peripheral,0.9,5,0.2066,"Признаков роли не выявлено: вход 1 (43 тыс ₸), выход 0 (0 ₸)"
100000004218576100,peripheral,0.9,5,0.1611,"Признаков роли не выявлено: вход 1 (26 тыс ₸), выход 0 (0 ₸)"
100000003299365100,transit,1.0,8,0.792,"Признаки транзита: пропускает 100% полученного (200 тыс ₸), 100% уходит дальше за ≤2 дня"
100000008730021100,peripheral,0.9,13,0.3346,"Признаков роли не выявлено: вход 1 (76 тыс ₸), выход 0 (0 ₸)"
100000002757797100,peripheral,0.9,12,0.28,"Признаков роли не выявлено: вход 1 (100 тыс ₸), выход 0 (0 ₸)"
100000002845605100,peripheral,0.9,1,0.3322,"Признаков роли не выявлено: вход 1 (58 тыс ₸), выход 0 (0 ₸)"
100000000817146100,peripheral,0.9,2,0.5004,"Признаков роли не выявлено: вход 1 (70 тыс ₸), выход 0 (0 ₸)"
100000002957306100,terminal,0.948,13,0.7337,"Конечный получатель: 398 тыс ₸ от 2 плательщиков, исходящих нет (колено 1)"
100000008188026100,peripheral,0.8,2,0.5113,"Признаков роли не выявлено: вход 2 (86 тыс ₸), выход 4 (338 тыс ₸)"
100000004790991100,terminal,0.912,2,0.573,"Конечный получатель: 239 тыс ₸ от 1 плательщиков, исходящих нет (колено 1)"
100000002973903100,terminal,0.819,12,0.5762,"Конечный получатель: 93 тыс ₸ от 3 плательщиков, исходящих нет (колено 1)"
100000004325327100,transit,0.917,10,0.6425,"Признаки транзита: пропускает 99% полученного (71 тыс ₸), 67% уходит дальше за ≤2 дня"
100000001477796100,peripheral,0.9,8,0.3344,"Признаков роли не выявлено: вход 1 (182 тыс ₸), выход 0 (0 ₸)"
100000007536804100,peripheral,0.9,15,0.2814,"Признаков роли не выявлено: вход 1 (100 тыс ₸), выход 2 (55 тыс ₸)"
100000008665380100,peripheral,0.8,10,0.3879,"Признаков роли не выявлено: вход 2 (69 тыс ₸), выход 1 (18 тыс ₸)"
100000001870116100,peripheral,0.9,5,0.1519,"Признаков роли не выявлено: вход 1 (24 тыс ₸), выход 0 (0 ₸)"
100000001074553100,terminal,0.682,16,0.2871,"Конечный получатель: 29 тыс ₸ от 2 плательщиков, исходящих нет (колено 1)"
100000000978041100,peripheral,0.9,5,0.2083,"Признаков роли не выявлено: вход 1 (44 тыс ₸), выход 0 (0 ₸)"
100000002603769100,terminal,0.991,1,0.6917,"Конечный получатель: 1,2 млн ₸ от 3 плательщиков, исходящих нет (колено 1)"
100000005034574100,terminal,0.918,45,0.5109,"Конечный получатель: 259 тыс ₸ от 1 плательщиков, исходящих нет (колено 1)"
100000002958286100,terminal,0.918,16,0.4829,"Конечный получатель: 257 тыс ₸ от 1 плательщиков, исходящих нет (колено 1)"
100000005634552100,peripheral,0.85,1,0.5064,"Признаков роли не выявлено: вход 1 (26 тыс ₸), выход 3 (1,2 млн ₸)"
100000008736760100,peripheral,0.9,5,0.2341,"Признаков роли не выявлено: вход 1 (55 тыс ₸), выход 0 (0 ₸)"
100000008701944100,peripheral,0.9,13,0.3087,"Признаков роли не выявлено: вход 1 (52 тыс ₸), выход 0 (0 ₸)"
100000008748408100,distributor,0.651,20,0.6047,"Веерное распределение: 21 получателей, 1,5 млн ₸, отдаёт в 4.2× больше видимого входа — есть внешние источники"
100000008486520100,peripheral,0.9,2,0.3489,"Признаков роли не выявлено: вход 1 (36 тыс ₸), выход 1 (14 тыс ₸)"
100000003163256100,peripheral,0.9,2,0.2977,"Признаков роли не выявлено: вход 1 (13 тыс ₸), выход 1 (15 тыс ₸)"
100000003102157100,peripheral,0.9,1,0.3761,"Признаков роли не выявлено: вход 1 (97 тыс ₸), выход 0 (0 ₸)"
100000004741837100,peripheral,0.9,2,0.2439,"Признаков роли не выявлено: вход 1 (26 тыс ₸), выход 0 (0 ₸)"
100000008443341100,peripheral,0.8,1,0.4821,"Признаков роли не выявлено: вход 2 (34 тыс ₸), выход 3 (50 тыс ₸)"
100000004792397100,peripheral,0.9,5,0.2567,"Признаков роли не выявлено: вход 1 (74 тыс ₸), выход 0 (0 ₸)"
100000003809101100,peripheral,0.8,16,0.5882,"Признаков роли не выявлено: вход 2 (166 тыс ₸), выход 2 (55 тыс ₸)"
100000002838861100,consolidator,0.6,9,0.8475,"Признаки консолидации: получает от 5 разных плательщиков (из них seed: 2), 555 тыс ₸, отдаёт дальше 2% полученного"
100000008560717100,consolidator,0.657,6,0.7417,"Признаки консолидации: получает от 7 разных плательщиков (из них seed: 1), 529 тыс ₸, отдаёт дальше 5% полученного"
100000008693069100,peripheral,0.9,5,0.135,"Признаков роли не выявлено: вход 1 (20 тыс ₸), выход 0 (0 ₸)"
100000008672162100,peripheral,0.9,5,0.1135,"Признаков роли не выявлено: вход 1 (16 тыс ₸), выход 0 (0 ₸)"
100000007311010100,peripheral,0.8,8,0.5283,"Признаков роли не выявлено: вход 2 (64 тыс ₸), выход 1 (20 тыс ₸)"
100000005505655100,peripheral,0.8,25,0.4217,"Признаков роли не выявлено: вход 2 (33 тыс ₸), выход 1 (20 тыс ₸)"
100000004707703100,transit,0.852,2,0.7682,"Признаки транзита: пропускает 97% полученного (239 тыс ₸), 50% уходит дальше за ≤2 дня"
100000004005964100,peripheral,0.7,24,0.3392,"Признаков роли не выявлено: вход 3 (98 тыс ₸), выход 3 (72 тыс ₸)"
100000008244300100,consolidator,0.55,4,0.6269,"Признаки консолидации: получает от 5 разных плательщиков (из них seed: 1), 65 тыс ₸, отдаёт дальше 0% полученного"
100000002692044100,peripheral,0.9,12,0.2767,"Признаков роли не выявлено: вход 1 (97 тыс ₸), выход 0 (0 ₸)"
100000001103905100,peripheral,0.9,5,0.1265,"Признаков роли не выявлено: вход 1 (18 тыс ₸), выход 0 (0 ₸)"
100000008755361100,peripheral,0.9,5,0.1058,"Признаков роли не выявлено: вход 1 (15 тыс ₸), выход 0 (0 ₸)"
100000002810870100,peripheral,0.9,5,0.1855,"Признаков роли не выявлено: вход 1 (34 тыс ₸), выход 0 (0 ₸)"
100000005897462100,peripheral,0.9,13,0.4447,"Признаков роли не выявлено: вход 1 (98 тыс ₸), выход 0 (0 ₸)"
100000000941942100,peripheral,0.9,8,0.5027,"Признаков роли не выявлено: вход 1 (130 тыс ₸), выход 0 (0 ₸)"
100000008723830100,transit,0.982,2,0.7773,"Признаки транзита: пропускает 99% полученного (460 тыс ₸), 99% уходит дальше за ≤2 дня"
100000008776576100,peripheral,0.9,5,0.1066,"Признаков роли не выявлено: вход 1 (15 тыс ₸), выход 0 (0 ₸)"
100000005432267100,terminal,0.94,8,0.7147,"Конечный получатель: 350 тыс ₸ от 2 плательщиков, исходящих нет (колено 1)"
100000006745291100,peripheral,0.9,13,0.4262,"Признаков роли не выявлено: вход 1 (83 тыс ₸), выход 0 (0 ₸)"
100000008670667100,peripheral,0.9,5,0.1129,"Признаков роли не выявлено: вход 1 (16 тыс ₸), выход 0 (0 ₸)"
100000002480800100,terminal,0.971,1,0.7792,"Конечный получатель: 569 тыс ₸ от 2 плательщиков, исходящих нет (колено 1)"
100000002182176100,peripheral,0.9,1,0.2994,"Признаков роли не выявлено: вход 1 (42 тыс ₸), выход 0 (0 ₸)"
100000008219168100,peripheral,0.9,15,0.2038,"Признаков роли не выявлено: вход 1 (53 тыс ₸), выход 0 (0 ₸)"
100000004226848100,terminal,0.931,8,0.7081,"Конечный получатель: 302 тыс ₸ от 1 плательщиков, исходящих нет (колено 1)"
100000006326645100,peripheral,0.9,5,0.1584,"Признаков роли не выявлено: вход 1 (25 тыс ₸), выход 0 (0 ₸)"
100000003589877100,peripheral,0.7,14,0.6239,"Признаков роли не выявлено: вход 2 (176 тыс ₸), выход 6 (416 тыс ₸)"
100000003942602100,peripheral,0.9,5,0.2255,"Признаков роли не выявлено: вход 1 (30 тыс ₸), выход 1 (30 тыс ₸)"
100000000922570100,peripheral,0.9,12,0.2602,"Признаков роли не выявлено: вход 1 (47 тыс ₸), выход 1 (50 тыс ₸)"
100000005079754100,peripheral,0.9,8,0.5805,"Признаков роли не выявлено: вход 1 (70 тыс ₸), выход 2 (122 тыс ₸)"
100000003187359100,peripheral,0.9,5,0.1299,"Признаков роли не выявлено: вход 1 (19 тыс ₸), выход 0 (0 ₸)"
100000000998559100,peripheral,0.9,8,0.483,"Признаков роли не выявлено: вход 1 (100 тыс ₸), выход 0 (0 ₸)"
100000008690932100,peripheral,0.9,5,0.1466,"Признаков роли не выявлено: вход 1 (23 тыс ₸), выход 0 (0 ₸)"
100000008773876100,peripheral,0.9,5,0.1607,"Признаков роли не выявлено: вход 1 (26 тыс ₸), выход 0 (0 ₸)"
100000006789108100,peripheral,0.9,13,0.3572,"Признаков роли не выявлено: вход 1 (38 тыс ₸), выход 0 (0 ₸)"
100000004058740100,peripheral,0.9,5,0.1746,"Признаков роли не выявлено: вход 1 (30 тыс ₸), выход 0 (0 ₸)"
100000007641801100,terminal,0.896,15,0.4456,"Конечный получатель: 200 тыс ₸ от 1 плательщиков, исходящих нет (колено 1)"
100000000555721100,terminal,0.844,1,0.5154,"Конечный получатель: 113 тыс ₸ от 2 плательщиков, исходящих нет (колено 1)"
100000008729801100,peripheral,0.9,5,0.1233,"Признаков роли не выявлено: вход 1 (18 тыс ₸), выход 0 (0 ₸)"
100000004664905100,terminal,0.935,2,0.6213,"Конечный получатель: 329 тыс ₸ от 2 плательщиков, исходящих нет (колено 1)"
100000003057225100,terminal,0.91,2,0.5712,"Конечный получатель: 236 тыс ₸ от 1 плательщиков, исходящих нет (колено 1)"
100000000703902100,peripheral,0.9,5,0.1593,"Признаков роли не выявлено: вход 1 (25 тыс ₸), выход 0 (0 ₸)"
100000008720798100,peripheral,0.9,5,0.1129,"Признаков роли не выявлено: вход 1 (16 тыс ₸), выход 0 (0 ₸)"
100000001411870100,terminal,0.985,9,0.6111,"Конечный получатель: 900 тыс ₸ от 2 плательщиков, исходящих нет (колено 1)"
100000008556318100,terminal,0.884,8,0.7004,"Конечный получатель: 180 тыс ₸ от 2 плательщиков, исходящих нет (колено 1)"
100000002720627100,peripheral,0.9,13,0.5013,"Признаков роли не выявлено: вход 1 (199 тыс ₸), выход 0 (0 ₸)"
100000003022835100,peripheral,0.9,8,0.5003,"Признаков роли не выявлено: вход 1 (125 тыс ₸), выход 0 (0 ₸)"
100000008304115100,peripheral,0.9,12,0.2213,"Признаков роли не выявлено: вход 1 (51 тыс ₸), выход 0 (0 ₸)"
100000003886323100,terminal,0.802,2,0.6067,"Конечный получатель: 78 тыс ₸ от 2 плательщиков, дальше уходит 10% (колено 1)"
100000000607731100,peripheral,0.9,27,0.3303,"Признаков роли не выявлено: вход 1 (20 тыс ₸), выход 1 (67 тыс ₸)"
100000005961971100,peripheral,0.9,5,0.2163,"Признаков роли не выявлено: вход 1 (47 тыс ₸), выход 0 (0 ₸)"
100000000440392100,peripheral,0.9,2,0.3719,"Признаков роли не выявлено: вход 1 (106 тыс ₸), выход 0 (0 ₸)"
100000004105288100,terminal,0.902,13,0.7073,"Конечный получатель: 215 тыс ₸ от 2 плательщиков, исходящих нет (колено 1)"
100000008169544100,peripheral,0.8,2,0.4697,"Признаков роли не выявлено: вход 1 (137 тыс ₸), выход 4 (43 тыс ₸)"
100000004186824100,terminal,0.957,2,0.6381,"Конечный получатель: 452 тыс ₸ от 2 плательщиков, дальше уходит 2% (колено 1)"
100000008672200100,peripheral,0.9,5,0.0773,"Признаков роли не выявлено: вход 1 (9 тыс ₸), выход 0 (0 ₸)"
100000002188829100,terminal,0.949,8,0.7295,"Конечный получатель: 400 тыс ₸ от 1 плательщиков, исходящих нет (колено 1)"
100000008717341100,peripheral,0.9,5,0.1058,"Признаков роли не выявлено: вход 1 (15 тыс ₸), выход 0 (0 ₸)"
100000002214301100,peripheral,0.9,1,0.3273,"Признаков роли не выявлено: вход 1 (21 тыс ₸), выход 1 (8 тыс ₸)"
100000002565277100,terminal,0.96,8,0.7434,"Конечный получатель: 483 тыс ₸ от 1 плательщиков, исходящих нет (колено 1)"
100000005546031100,terminal,0.786,37,0.4337,"Конечный получатель: 67 тыс ₸ от 3 плательщиков, дальше уходит 12% (колено 1)"
100000003449074100,peripheral,0.9,1,0.181,"Признаков роли не выявлено: вход 1 (10 тыс ₸), выход 0 (0 ₸)"
100000008748914100,distributor,0.554,8,0.6959,"Веерное распределение: 13 получателей, 4,5 млн ₸, отдаёт в 24.8× больше видимого входа — есть внешние источники"
100000004744306100,peripheral,0.9,16,0.5802,"Признаков роли не выявлено: вход 1 (69 тыс ₸), выход 2 (92 тыс ₸)"
100000003158727100,terminal,0.943,15,0.6922,"Конечный получатель: 368 тыс ₸ от 3 плательщиков, исходящих нет (колено 1)"
100000001389255100,peripheral,0.9,5,0.1173,"Признаков роли не выявлено: вход 1 (16 тыс ₸), выход 0 (0 ₸)"
100000008695495100,peripheral,0.9,5,0.1411,"Признаков роли не выявлено: вход 1 (21 тыс ₸), выход 0 (0 ₸)"
100000004015047100,consolidator,0.837,9,0.9799,"Признаки консолидации: получает от 9 разных плательщиков (из них seed: 3), 919 тыс ₸, отдаёт дальше 8% полученного"
100000005183943100,terminal,0.976,35,0.5848,"Конечный получатель: 681 тыс ₸ от 1 плательщиков, исходящих нет (колено 1)"
100000003004487100,peripheral,0.6,28,0.5414,"Признаков роли не выявлено: вход 4 (184 тыс ₸), выход 2 (265 тыс ₸)"
100000003042994100,terminal,0.926,2,0.5888,"Конечный получатель: 286 тыс ₸ от 1 плательщиков, исходящих нет (колено 1)"
100000001899164100,peripheral,0.6,12,0.6431,"Признаков роли не выявлено: вход 4 (292 тыс ₸), выход 3 (76 тыс ₸)"
100000003946524100,transit,0.677,8,0.7602,Признаки транзита: пропускает 108% полученного (134 тыс ₸)
100000008717340100,peripheral,0.9,5,0.2034,"Признаков роли не выявлено: вход 1 (42 тыс ₸), выход 0 (0 ₸)"
100000003831324100,terminal,0.93,15,0.6812,"Конечный получатель: 300 тыс ₸ от 2 плательщиков, исходящих нет (колено 1)"
100000008129393100,peripheral,0.9,41,0.1361,"Признаков роли не выявлено: вход 1 (10 тыс ₸), выход 0 (0 ₸)"
100000004388209100,peripheral,0.9,5,0.0937,"Признаков роли не выявлено: вход 1 (12 тыс ₸), выход 0 (0 ₸)"
100000000706545100,terminal,0.988,2,0.7677,"Конечный получатель: 1,1 млн ₸ от 3 плательщиков, дальше уходит 7% (колено 1)"
100000004497606100,peripheral,0.9,5,0.1129,"Признаков роли не выявлено: вход 1 (16 тыс ₸), выход 0 (0 ₸)"
100000008470470100,peripheral,0.9,5,0.1851,"Признаков роли не выявлено: вход 1 (34 тыс ₸), выход 0 (0 ₸)"
100000004318918100,peripheral,0.9,13,0.4202,"Признаков роли не выявлено: вход 1 (76 тыс ₸), выход 0 (0 ₸)"
100000005228059100,peripheral,0.9,5,0.1603,"Признаков роли не выявлено: вход 1 (26 тыс ₸), выход 0 (0 ₸)"
100000001609499100,terminal,0.919,1,0.662,"Конечный получатель: 263 тыс ₸ от 3 плательщиков, дальше уходит 8% (колено 1)"
100000002824176100,peripheral,0.9,9,0.3547,"Признаков роли не выявлено: вход 1 (144 тыс ₸), выход 0 (0 ₸)"
100000001363952100,peripheral,0.8,17,0.4893,"Признаков роли не выявлено: вход 2 (197 тыс ₸), выход 1 (91 тыс ₸)"
100000001049200100,peripheral,0.8,2,0.4462,"Признаков роли не выявлено: вход 2 (77 тыс ₸), выход 4 (36 тыс ₸)"
100000002662768100,peripheral,0.9,8,0.2706,"Признаков роли не выявлено: вход 1 (84 тыс ₸), выход 0 (0 ₸)"
100000004737477100,peripheral,0.8,10,0.3966,"Признаков роли не выявлено: вход 2 (50 тыс ₸), выход 1 (40 тыс ₸)"
100000008680451100,peripheral,0.9,5,0.1488,"Признаков роли не выявлено: вход 1 (24 тыс ₸), выход 0 (0 ₸)"
100000001952325100,peripheral,0.9,5,0.2608,"Признаков роли не выявлено: вход 1 (78 тыс ₸), выход 0 (0 ₸)"
100000008751429100,terminal,0.946,34,0.5754,"Конечный получатель: 386 тыс ₸ от 3 плательщиков, дальше уходит 19% (колено 1)"
100000001960517100,terminal,0.896,9,0.5159,"Конечный получатель: 200 тыс ₸ от 1 плательщиков, исходящих нет (колено 1)"
100000008686234100,peripheral,0.9,1,0.2932,"Признаков роли не выявлено: вход 1 (40 тыс ₸), выход 0 (0 ₸)"
100000004213658100,peripheral,0.9,5,0.1589,"Признаков роли не выявлено: вход 1 (25 тыс ₸), выход 0 (0 ₸)"
100000001194266100,peripheral,0.9,8,0.4211,"Признаков роли не выявлено: вход 1 (50 тыс ₸), выход 0 (0 ₸)"
100000002243354100,peripheral,0.9,5,0.1403,"Признаков роли не выявлено: вход 1 (21 тыс ₸), выход 0 (0 ₸)"
100000006069103100,transit,0.555,2,0.6996,"Признаки транзита: пропускает 118% полученного (229 тыс ₸), 13% уходит дальше за ≤2 дня"
100000002760175100,peripheral,0.9,13,0.496,"Признаков роли не выявлено: вход 1 (187 тыс ₸), выход 0 (0 ₸)"
100000003567087100,peripheral,0.9,5,0.2435,"Признаков роли не выявлено: вход 1 (62 тыс ₸), выход 0 (0 ₸)"
100000008229700100,peripheral,0.9,12,0.168,"Признаков роли не выявлено: вход 1 (24 тыс ₸), выход 1 (7 тыс ₸)"
100000004076740100,peripheral,0.7,22,0.5477,"Признаков роли не выявлено: вход 3 (93 тыс ₸), выход 6 (125 тыс ₸)"
100000003284932100,peripheral,0.9,8,0.4497,"Признаков роли не выявлено: вход 1 (70 тыс ₸), выход 0 (0 ₸)"
100000008071620100,peripheral,0.9,1,0.3087,"Признаков роли не выявлено: вход 1 (47 тыс ₸), выход 0 (0 ₸)"
100000003235780100,terminal,0.783,10,0.4367,"Конечный получатель: 65 тыс ₸ от 2 плательщиков, исходящих нет (колено 1)"
100000005363908100,peripheral,0.9,37,0.2373,"Признаков роли не выявлено: вход 1 (20 тыс ₸), выход 1 (20 тыс ₸)"
100000001851289100,peripheral,0.9,2,0.3742,"Признаков роли не выявлено: вход 1 (110 тыс ₸), выход 0 (0 ₸)"
100000002870937100,peripheral,0.9,15,0.2375,"Признаков роли не выявлено: вход 1 (84 тыс ₸), выход 0 (0 ₸)"
100000002152857100,peripheral,0.75,9,0.3812,"Признаков роли не выявлено: вход 1 (105 тыс ₸), выход 5 (1,2 млн ₸)"
100000002600345100,terminal,0.762,2,0.4328,"Конечный получатель: 52 тыс ₸ от 2 плательщиков, исходящих нет (колено 1)"
100000002580377100,peripheral,0.9,2,0.3381,"Признаков роли не выявлено: вход 1 (38 тыс ₸), выход 1 (5 тыс ₸)"
100000004094958100,peripheral,0.9,37,0.2963,"Признаков роли не выявлено: вход 1 (39 тыс ₸), выход 1 (40 тыс ₸)"
100000002609774100,peripheral,0.9,9,0.3303,"Признаков роли не выявлено: вход 1 (8 тыс ₸), выход 1 (28 тыс ₸)"
100000002596035100,terminal,0.908,13,0.6499,"Конечный получатель: 232 тыс ₸ от 1 плательщиков, исходящих нет (колено 1)"
100000004664515100,peripheral,0.9,1,0.2898,"Признаков роли не выявлено: вход 1 (38 тыс ₸), выход 0 (0 ₸)"
100000000661912100,consolidator,0.55,1,0.7842,"Признаки консолидации: получает от 5 разных плательщиков (из них seed: 1), 393 тыс ₸, отдаёт дальше 110% полученного"
100000004144536100,terminal,0.878,24,0.5069,"Конечный получатель: 168 тыс ₸ от 4 плательщиков, исходящих нет (колено 1)"
100000006177176100,peripheral,0.9,2,0.1716,"Признаков роли не выявлено: вход 1 (9 тыс ₸), выход 0 (0 ₸)"
100000002158488100,peripheral,0.9,5,0.1814,"Признаков роли не выявлено: вход 1 (32 тыс ₸), выход 0 (0 ₸)"
100000000041368100,peripheral,0.9,8,0.5206,"Признаков роли не выявлено: вход 1 (160 тыс ₸), выход 0 (0 ₸)"
100000008722328100,peripheral,0.9,5,0.1501,"Признаков роли не выявлено: вход 1 (24 тыс ₸), выход 0 (0 ₸)"
100000008735384100,peripheral,0.9,5,0.1982,"Признаков роли не выявлено: вход 1 (39 тыс ₸), выход 0 (0 ₸)"
100000004480280100,peripheral,0.9,17,0.6351,"Признаков роли не выявлено: вход 1 (147 тыс ₸), выход 2 (296 тыс ₸)"
100000004286573100,peripheral,0.9,12,0.1149,"Признаков роли не выявлено: вход 1 (17 тыс ₸), выход 0 (0 ₸)"
100000001746925100,peripheral,0.9,8,0.5192,"Признаков роли не выявлено: вход 1 (65 тыс ₸), выход 1 (5 тыс ₸)"
100000001660397100,peripheral,0.8,1,0.4304,"Признаков роли не выявлено: вход 2 (49 тыс ₸), выход 3 (49 тыс ₸)"
100000002591469100,terminal,0.91,15,0.4598,"Конечный получатель: 236 тыс ₸ от 1 плательщиков, исходящих нет (колено 1)"
100000002731501100,peripheral,0.65,24,0.4753,"Признаков роли не выявлено: вход 3 (570 тыс ₸), выход 7 (834 тыс ₸)"
100000000089154100,distributor,0.583,1,0.6424,"Веерное распределение: 15 получателей, 426 тыс ₸, отдаёт в 42.5× больше видимого входа — есть внешние источники"
100000008732098100,peripheral,0.9,5,0.1145,"Признаков роли не выявлено: вход 1 (16 тыс ₸), выход 0 (0 ₸)"
100000005456919100,terminal,0.96,34,0.5798,"Конечный получатель: 480 тыс ₸ от 2 плательщиков, дальше уходит 1% (колено 1)"
100000000507799100,peripheral,0.9,2,0.2566,"Признаков роли не выявлено: вход 1 (5 тыс ₸), выход 1 (8 тыс ₸)"
100000008716439100,peripheral,0.9,5,0.0959,"Признаков роли не выявлено: вход 1 (12 тыс ₸), выход 0 (0 ₸)"
100000002981527100,peripheral,0.9,16,0.3121,"Признаков роли не выявлено: вход 1 (168 тыс ₸), выход 0 (0 ₸)"
100000002844652100,peripheral,0.9,15,0.2154,"Признаков роли не выявлено: вход 1 (61 тыс ₸), выход 0 (0 ₸)"
100000002605548100,terminal,0.845,13,0.6252,"Конечный получатель: 117 тыс ₸ от 2 плательщиков, исходящих нет (колено 1)"
100000002750956100,peripheral,0.9,1,0.3111,"Признаков роли не выявлено: вход 1 (47 тыс ₸), выход 0 (0 ₸)"
100000002982252100,peripheral,0.9,5,0.1395,"Признаков роли не выявлено: вход 1 (20 тыс ₸), выход 0 (0 ₸)"
100000000961900100,terminal,0.711,1,0.3905,"Конечный получатель: 36 тыс ₸ от 2 плательщиков, исходящих нет (колено 1)"
100000007175718100,peripheral,0.9,36,0.1666,"Признаков роли не выявлено: вход 1 (20 тыс ₸), выход 0 (0 ₸)"
100000002306369100,peripheral,0.7,8,0.4925,"Признаков роли не выявлено: вход 1 (73 тыс ₸), выход 6 (261 тыс ₸)"
100000000667713100,peripheral,0.7,2,0.4923,"Признаков роли не выявлено: вход 2 (119 тыс ₸), выход 6 (79 тыс ₸)"
100000001072022100,terminal,0.994,8,0.7937,"Конечный получатель: 1,7 млн ₸ от 3 плательщиков, исходящих нет (колено 1)"
100000008116374100,peripheral,0.9,2,0.264,"Признаков роли не выявлено: вход 1 (31 тыс ₸), выход 0 (0 ₸)"
100000000703894100,peripheral,0.9,27,0.3957,"Признаков роли не выявлено: вход 1 (120 тыс ₸), выход 1 (35 тыс ₸)"
100000008066326100,peripheral,0.9,1,0.2252,"Признаков роли не выявлено: вход 1 (19 тыс ₸), выход 0 (0 ₸)"
100000004662806100,peripheral,0.8,12,0.5401,"Признаков роли не выявлено: вход 2 (107 тыс ₸), выход 2 (60 тыс ₸)"
100000005778283100,terminal,0.975,18,0.7505,"Конечный получатель: 616 тыс ₸ от 3 плательщиков, исходящих нет (колено 1)"
100000004408683100,terminal,0.843,2,0.5423,"Конечный получатель: 113 тыс ₸ от 2 плательщиков, исходящих нет (колено 1)"
100000002704875100,terminal,0.913,1,0.5784,"Конечный получатель: 245 тыс ₸ от 3 плательщиков, исходящих нет (колено 1)"
100000008349675100,peripheral,0.9,15,0.226,"Признаков роли не выявлено: вход 1 (47 тыс ₸), выход 1 (37 тыс ₸)"
100000006889963100,peripheral,0.6,13,0.6911,"Признаков роли не выявлено: вход 4 (1,4 млн ₸), выход 1 (443 тыс ₸)"
100000008771819100,peripheral,0.9,5,0.1976,"Признаков роли не выявлено: вход 1 (39 тыс ₸), выход 0 (0 ₸)"
100000008586731100,peripheral,0.9,12,0.0926,"Признаков роли не выявлено: вход 1 (12 тыс ₸), выход 0 (0 ₸)"
100000005844459100,terminal,0.913,1,0.5884,"Конечный получатель: 243 тыс ₸ от 2 плательщиков, исходящих нет (колено 1)"
100000008172352100,peripheral,0.65,9,0.6133,"Признаков роли не выявлено: вход 3 (90 тыс ₸), выход 7 (290 тыс ₸)"
100000001162560100,distributor,0.537,16,0.5669,"Веерное распределение: 12 получателей, 2,9 млн ₸, отдаёт в 8.8× больше видимого входа — есть внешние источники"
100000008779584100,peripheral,0.9,5,0.1805,"Признаков роли не выявлено: вход 1 (31 тыс ₸), выход 0 (0 ₸)"
100000007631637100,peripheral,0.9,5,0.1118,"Признаков роли не выявлено: вход 1 (15 тыс ₸), выход 0 (0 ₸)"
100000007347733100,peripheral,0.9,41,0.2004,"Признаков роли не выявлено: вход 1 (23 тыс ₸), выход 0 (0 ₸)"
100000001463701100,terminal,0.976,13,0.7497,"Конечный получатель: 621 тыс ₸ от 2 плательщиков, исходящих нет (колено 1)"
100000008664469100,peripheral,0.9,8,0.3548,"Признаков роли не выявлено: вход 1 (25 тыс ₸), выход 0 (0 ₸)"
100000003923946100,peripheral,0.8,9,0.4982,"Признаков роли не выявлено: вход 1 (282 тыс ₸), выход 4 (675 тыс ₸)"
100000006562026100,terminal,0.797,41,0.4681,"Конечный получатель: 75 тыс ₸ от 2 плательщиков, исходящих нет (колено 1)"
100000008776298100,peripheral,0.9,5,0.2057,"Признаков роли не выявлено: вход 1 (43 тыс ₸), выход 0 (0 ₸)"
100000006446271100,terminal,0.803,8,0.5891,"Конечный получатель: 80 тыс ₸ от 2 плательщиков, исходящих нет (колено 1)"
100000004588479100,peripheral,0.9,2,0.4125,"Признаков роли не выявлено: вход 1 (178 тыс ₸), выход 0 (0 ₸)"
100000002324543100,peripheral,0.9,16,0.1639,"Признаков роли не выявлено: вход 1 (30 тыс ₸), выход 0 (0 ₸)"
100000007129492100,peripheral,0.8,13,0.5175,"Признаков роли не выявлено: вход 2 (51 тыс ₸), выход 1 (37 тыс ₸)"
100000003877908100,peripheral,0.9,8,0.3983,"Признаков роли не выявлено: вход 1 (40 тыс ₸), выход 0 (0 ₸)"
100000002748180100,peripheral,0.6,9,0.3206,"Признаков роли не выявлено: вход 1 (10 тыс ₸), выход 8 (680 тыс ₸)"
100000000945428100,peripheral,0.9,1,0.3677,"Признаков роли не выявлено: вход 1 (90 тыс ₸), выход 0 (0 ₸)"
100000003115284100,consolidator,0.75,13,0.9833,"Признаки консолидации: получает от 8 разных плательщиков (из них seed: 2), 2,2 млн ₸, отдаёт дальше 24% полученного"
100000005394708100,peripheral,0.9,16,0.2982,"Признаков роли не выявлено: вход 1 (26 тыс ₸), выход 1 (65 тыс ₸)"
100000008747113100,terminal,0.893,6,0.6566,"Конечный получатель: 198 тыс ₸ от 2 плательщиков, исходящих нет (колено 1)"
100000004491881100,peripheral,0.9,5,0.1207,"Признаков роли не выявлено: вход 1 (17 тыс ₸), выход 0 (0 ₸)"
100000006008169100,peripheral,0.9,12,0.2472,"Признаков роли не выявлено: вход 1 (70 тыс ₸), выход 0 (0 ₸)"
100000002681449100,peripheral,0.8,14,0.4623,"Признаков роли не выявлено: вход 2 (95 тыс ₸), выход 2 (133 тыс ₸)"
100000002645609100,terminal,0.969,10,0.6434,"Конечный получатель: 547 тыс ₸ от 4 плательщиков, исходящих нет (колено 1)"
100000006369769100,peripheral,0.9,5,0.2003,"Признаков роли не выявлено: вход 1 (40 тыс ₸), выход 0 (0 ₸)"
100000002173161100,terminal,0.993,2,0.7728,"Конечный получатель: 1,4 млн ₸ от 3 плательщиков, исходящих нет (колено 1)"
100000008686313100,consolidator,0.608,1,0.7981,"Признаки консолидации: получает от 6 разных плательщиков (из них seed: 1), 1,9 млн ₸, отдаёт дальше 17% полученного"
100000004692798100,terminal,0.912,12,0.541,"Конечный получатель: 240 тыс ₸ от 2 плательщиков, дальше уходит 6% (колено 1)"
100000002939838100,terminal,0.971,19,0.7561,"Конечный получатель: 571 тыс ₸ от 3 плательщиков, исходящих нет (колено 1)"
100000003119550100,peripheral,0.9,5,0.1411,"Признаков роли не выявлено: вход 1 (21 тыс ₸), выход 0 (0 ₸)"
100000004315838100,peripheral,0.8,6,0.4858,"Признаков роли не выявлено: вход 2 (50 тыс ₸), выход 1 (18 тыс ₸)"
100000002671806100,peripheral,0.9,12,0.0948,"Признаков роли не выявлено: вход 1 (12 тыс ₸), выход 0 (0 ₸)"
100000008716222100,peripheral,0.9,5,0.1265,"Признаков роли не выявлено: вход 1 (18 тыс ₸), выход 0 (0 ₸)"
100000005496254100,peripheral,0.9,1,0.1932,"Признаков роли не выявлено: вход 1 (13 тыс ₸), выход 0 (0 ₸)"
100000004622227100,peripheral,0.85,4,0.3509,"Признаков роли не выявлено: вход 1 (25 тыс ₸), выход 3 (19 тыс ₸)"
100000000274067100,peripheral,0.8,15,0.4382,"Признаков роли не выявлено: вход 2 (518 тыс ₸), выход 3 (3,0 млн ₸)"
100000008782056100,peripheral,0.9,5,0.1712,"Признаков роли не выявлено: вход 1 (29 тыс ₸), выход 0 (0 ₸)"
100000006788200100,peripheral,0.6,10,0.52,"Признаков роли не выявлено: вход 4 (272 тыс ₸), выход 3 (64 тыс ₸)"
100000001164648100,terminal,0.582,11,0.2814,"Конечный получатель: 14 тыс ₸ от 2 плательщиков, исходящих нет (колено 1)"
100000005133757100,terminal,0.783,17,0.5587,"Конечный получатель: 65 тыс ₸ от 2 плательщиков, исходящих нет (колено 1)"
100000006445501100,peripheral,0.9,13,0.4371,"Признаков роли не выявлено: вход 1 (91 тыс ₸), выход 0 (0 ₸)"
100000004390333100,peripheral,0.55,1,0.5103,"Признаков роли не выявлено: вход 2 (65 тыс ₸), выход 9 (506 тыс ₸)"
100000001641789100,peripheral,0.9,9,0.4085,"Признаков роли не выявлено: вход 1 (18 тыс ₸), выход 0 (0 ₸)"
100000000968253100,peripheral,0.9,5,0.109,"Признаков роли не выявлено: вход 1 (15 тыс ₸), выход 0 (0 ₸)"
100000001527186100,terminal,0.976,8,0.7636,"Конечный получатель: 678 тыс ₸ от 1 плательщиков, исходящих нет (колено 1)"
100000005852946100,peripheral,0.9,8,0.3489,"Признаков роли не выявлено: вход 1 (24 тыс ₸), выход 0 (0 ₸)"
100000001530983100,distributor,0.519,19,0.7371,"Веерное распределение: 11 получателей, 1,8 млн ₸, отдаёт в 3.2× больше видимого входа — есть внешние источники"
100000008221543100,terminal,0.969,4,0.6471,"Конечный получатель: 542 тыс ₸ от 2 плательщиков, исходящих нет (колено 1)"
100000001937767100,peripheral,0.8,9,0.7326,"Признаков роли не выявлено: вход 1 (53 тыс ₸), выход 4 (1,9 млн ₸)"
100000002462183100,peripheral,0.9,36,0.3177,"Признаков роли не выявлено: вход 1 (108 тыс ₸), выход 0 (0 ₸)"
100000001805543100,peripheral,0.9,2,0.3212,"Признаков роли не выявлено: вход 1 (59 тыс ₸), выход 0 (0 ₸)"
100000002606567100,peripheral,0.9,1,0.3642,"Признаков роли не выявлено: вход 1 (14 тыс ₸), выход 1 (53 тыс ₸)"
100000007281639100,terminal,0.903,2,0.5746,"Конечный получатель: 217 тыс ₸ от 2 плательщиков, исходящих нет (колено 1)"
100000002991079100,terminal,0.865,2,0.6199,"Конечный получатель: 149 тыс ₸ от 2 плательщиков, дальше уходит 7% (колено 1)"
100000002847207100,peripheral,0.9,8,0.4111,"Признаков роли не выявлено: вход 1 (46 тыс ₸), выход 0 (0 ₸)"
100000000011452100,terminal,0.841,1,0.5567,"Конечный получатель: 110 тыс ₸ от 3 плательщиков, дальше уходит 15% (колено 1)"
100000003148220100,peripheral,0.9,43,0.3453,"Признаков роли не выявлено: вход 1 (6 тыс ₸), выход 2 (43 тыс ₸)"
100000002479804100,peripheral,0.9,8,0.2539,"Признаков роли не выявлено: вход 1 (46 тыс ₸), выход 2 (35 тыс ₸)"
100000008745489100,peripheral,0.9,5,0.2355,"Признаков роли не выявлено: вход 1 (56 тыс ₸), выход 0 (0 ₸)"
100000002289937100,peripheral,0.9,5,0.135,"Признаков роли не выявлено: вход 1 (20 тыс ₸), выход 0 (0 ₸)"
100000004679953100,terminal,0.938,1,0.6857,"Конечный получатель: 344 тыс ₸ от 3 плательщиков, дальше уходит 10% (колено 1)"
100000003066385100,terminal,0.63,4,0.322,"Конечный получатель: 20 тыс ₸ от 2 плательщиков, исходящих нет (колено 1)"
100000008744849100,peripheral,0.9,5,0.2083,"Признаков роли не выявлено: вход 1 (44 тыс ₸), выход 0 (0 ₸)"
100000005093521100,peripheral,0.9,8,0.3093,"Признаков роли не выявлено: вход 1 (15 тыс ₸), выход 0 (0 ₸)"
100000006518161100,transit,0.968,2,0.8256,"Признаки транзита: пропускает 100% полученного (594 тыс ₸), 86% уходит дальше за ≤2 дня"
100000001126374100,terminal,0.885,10,0.624,"Конечный получатель: 182 тыс ₸ от 4 плательщиков, дальше уходит 16% (колено 1)"
100000004509286100,peripheral,0.9,8,0.3983,"Признаков роли не выявлено: вход 1 (40 тыс ₸), выход 0 (0 ₸)"
100000005056870100,peripheral,0.9,36,0.1666,"Признаков роли не выявлено: вход 1 (20 тыс ₸), выход 0 (0 ₸)"
100000008708368100,peripheral,0.9,5,0.1501,"Признаков роли не выявлено: вход 1 (24 тыс ₸), выход 0 (0 ₸)"
100000005895525100,peripheral,0.9,36,0.3258,"Признаков роли не выявлено: вход 1 (120 тыс ₸), выход 0 (0 ₸)"
100000008716773100,peripheral,0.9,5,0.1145,"Признаков роли не выявлено: вход 1 (16 тыс ₸), выход 0 (0 ₸)"
100000002778085100,peripheral,0.9,2,0.3306,"Признаков роли не выявлено: вход 1 (66 тыс ₸), выход 0 (0 ₸)"
100000007055802100,consolidator,0.608,1,0.7996,"Признаки консолидации: получает от 6 разных плательщиков (из них seed: 1), 2,0 млн ₸, отдаёт дальше 30% полученного"
100000003071930100,terminal,0.96,16,0.7699,"Конечный получатель: 478 тыс ₸ от 3 плательщиков, дальше уходит 1% (колено 1)"
100000002941114100,terminal,0.852,13,0.7158,"Конечный получатель: 129 тыс ₸ от 2 плательщиков, дальше уходит 12% (колено 1)"
100000003888271100,peripheral,0.9,35,0.237,"Признаков роли не выявлено: вход 1 (12 тыс ₸), выход 2 (26 тыс ₸)"
100000007507343100,terminal,0.943,39,0.5542,"Конечный получатель: 370 тыс ₸ от 1 плательщиков, исходящих нет (колено 1)"
100000008002020100,peripheral,0.9,12,0.2651,"Признаков роли не выявлено: вход 1 (74 тыс ₸), выход 1 (17 тыс ₸)"
100000001872484100,peripheral,0.85,42,0.4617,"Признаков роли не выявлено: вход 1 (871 тыс ₸), выход 3 (515 тыс ₸)"
100000008769636100,peripheral,0.9,5,0.1472,"Признаков роли не выявлено: вход 1 (23 тыс ₸), выход 0 (0 ₸)"
100000004135268100,transit,0.711,39,0.615,"Признаки транзита: пропускает 81% полученного (1,2 млн ₸), 100% уходит дальше за ≤2 дня"
100000005316708100,peripheral,0.9,9,0.3397,"Признаков роли не выявлено: вход 1 (90 тыс ₸), выход 2 (258 тыс ₸)"
100000008671929100,peripheral,0.9,8,0.456,"Признаков роли не выявлено: вход 1 (75 тыс ₸), выход 0 (0 ₸)"
100000005287097100,peripheral,0.55,2,0.5369,"Признаков роли не выявлено: вход 2 (127 тыс ₸), выход 9 (697 тыс ₸)"
100000007283257100,peripheral,0.9,45,0.3511,"Признаков роли не выявлено: вход 1 (192 тыс ₸), выход 0 (0 ₸)"
100000004847758100,distributor,0.583,1,0.708,"Веерное распределение: 15 получателей, 489 тыс ₸, отдаёт в 4.2× больше видимого входа — есть внешние источники"
100000008737422100,peripheral,0.9,5,0.26,"Признаков роли не выявлено: вход 1 (77 тыс ₸), выход 0 (0 ₸)"
100000008555918100,peripheral,0.9,8,0.5892,"Признаков роли не выявлено: вход 1 (139 тыс ₸), выход 2 (43 тыс ₸)"
100000008094734100,terminal,0.91,1,0.66,"Конечный получатель: 236 тыс ₸ от 4 плательщиков, исходящих нет (колено 1)"
100000006952718100,peripheral,0.9,2,0.3363,"Признаков роли не выявлено: вход 1 (71 тыс ₸), выход 0 (0 ₸)"
100000005339662100,peripheral,0.6,2,0.5871,"Признаков роли не выявлено: вход 4 (203 тыс ₸), выход 4 (295 тыс ₸)"
100000001716579100,peripheral,0.9,5,0.1025,"Признаков роли не выявлено: вход 1 (14 тыс ₸), выход 0 (0 ₸)"
100000002774456100,peripheral,0.9,13,0.3875,"Признаков роли не выявлено: вход 1 (50 тыс ₸), выход 0 (0 ₸)"
100000004394765100,terminal,0.974,2,0.7211,"Конечный получатель: 604 тыс ₸ от 3 плательщиков, дальше уходит 14% (колено 1)"
100000004004621100,terminal,0.798,4,0.5722,"Конечный получатель: 75 тыс ₸ от 3 плательщиков, исходящих нет (колено 1)"
100000000907277100,peripheral,0.9,5,0.1233,"Признаков роли не выявлено: вход 1 (18 тыс ₸), выход 0 (0 ₸)"
100000003835149100,peripheral,0.9,12,0.4509,"Признаков роли не выявлено: вход 1 (248 тыс ₸), выход 2 (4,6 млн ₸)"
100000004254434100,peripheral,0.9,5,0.2083,"Признаков роли не выявлено: вход 1 (44 тыс ₸), выход 0 (0 ₸)"
100000003635170100,transit,0.832,13,0.8512,"Признаки транзита: пропускает 94% полученного (268 тыс ₸), 58% уходит дальше за ≤2 дня"
100000006687202100,peripheral,0.9,1,0.3175,"Признаков роли не выявлено: вход 1 (50 тыс ₸), выход 0 (0 ₸)"
100000006030946100,peripheral,0.9,5,0.2564,"Признаков роли не выявлено: вход 1 (73 тыс ₸), выход 0 (0 ₸)"
100000002615479100,terminal,0.904,16,0.4675,"Конечный получатель: 220 тыс ₸ от 1 плательщиков, исходящих нет (колено 1)"
100000002952631100,peripheral,0.9,2,0.2999,"Признаков роли не выявлено: вход 1 (48 тыс ₸), выход 0 (0 ₸)"
100000002890167100,peripheral,0.9,2,0.38,"Признаков роли не выявлено: вход 1 (118 тыс ₸), выход 0 (0 ₸)"
100000008687671100,peripheral,0.9,5,0.1947,"Признаков роли не выявлено: вход 1 (38 тыс ₸), выход 0 (0 ₸)"
100000000810551100,peripheral,0.9,8,0.5553,"Признаков роли не выявлено: вход 1 (100 тыс ₸), выход 1 (7 тыс ₸)"
100000008724279100,peripheral,0.9,2,0.1859,"Признаков роли не выявлено: вход 1 (12 тыс ₸), выход 0 (0 ₸)"
100000002592567100,peripheral,0.9,2,0.3636,"Признаков роли не выявлено: вход 1 (5 тыс ₸), выход 2 (49 тыс ₸)"
100000002670860100,terminal,0.956,11,0.5484,"Конечный получатель: 450 тыс ₸ от 2 плательщиков, исходящих нет (колено 1)"
100000002844897100,peripheral,0.9,16,0.0867,"Признаков роли не выявлено: вход 1 (11 тыс ₸), выход 0 (0 ₸)"
100000007938486100,peripheral,0.9,5,0.1989,"Признаков роли не выявлено: вход 1 (40 тыс ₸), выход 0 (0 ₸)"
100000008438656100,terminal,0.803,8,0.6344,"Конечный получатель: 80 тыс ₸ от 2 плательщиков, дальше уходит 6% (колено 1)"
100000008304139100,distributor,0.679,4,0.7754,"Веерное распределение: 24 получателей, 1,7 млн ₸, отдаёт в 8.9× больше видимого входа — есть внешние источники"
100000002597003100,peripheral,0.9,1,0.3077,"Признаков роли не выявлено: вход 1 (18 тыс ₸), выход 1 (11 тыс ₸)"
100000002830055100,peripheral,0.9,5,0.1033,"Признаков роли не выявлено: вход 1 (14 тыс ₸), выход 0 (0 ₸)"
100000004299488100,consolidator,0.608,1,0.8021,"Признаки консолидации: получает от 6 разных плательщиков (из них seed: 1), 1,7 млн ₸, отдаёт дальше 20% полученного"
100000002809568100,peripheral,0.9,1,0.181,"Признаков роли не выявлено: вход 1 (10 тыс ₸), выход 0 (0 ₸)"
100000004784224100,peripheral,0.9,12,0.2949,"Признаков роли не выявлено: вход 1 (24 тыс ₸), выход 1 (100 тыс ₸)"
100000003123296100,peripheral,0.9,12,0.2646,"Признаков роли не выявлено: вход 1 (86 тыс ₸), выход 0 (0 ₸)"
100000004130144100,terminal,0.896,15,0.4456,"Конечный получатель: 200 тыс ₸ от 1 плательщиков, исходящих нет (колено 1)"
100000001253557100,consolidator,0.55,14,0.7104,"Признаки консолидации: получает от 5 разных плательщиков (из них seed: 1), 210 тыс ₸, отдаёт дальше 0% полученного"
100000008767925100,peripheral,0.9,5,0.1207,"Признаков роли не выявлено: вход 1 (17 тыс ₸), выход 0 (0 ₸)"
100000007181706100,terminal,0.881,8,0.6587,"Конечный получатель: 176 тыс ₸ от 2 плательщиков, исходящих нет (колено 1)"
100000003366154100,peripheral,0.85,13,0.6296,"Признаков роли не выявлено: вход 1 (125 тыс ₸), выход 3 (289 тыс ₸)"
100000007641183100,peripheral,0.9,2,0.2512,"Признаков роли не выявлено: вход 1 (28 тыс ₸), выход 0 (0 ₸)"
100000008663007100,peripheral,0.9,5,0.1033,"Признаков роли не выявлено: вход 1 (14 тыс ₸), выход 0 (0 ₸)"
100000007334196100,peripheral,0.9,13,0.4783,"Признаков роли не выявлено: вход 1 (150 тыс ₸), выход 0 (0 ₸)"
100000003873332100,peripheral,0.8,18,0.4798,"Признаков роли не выявлено: вход 1 (23 тыс ₸), выход 4 (286 тыс ₸)"
100000001550388100,peripheral,0.9,1,0.3175,"Признаков роли не выявлено: вход 1 (50 тыс ₸), выход 0 (0 ₸)"
100000008718089100,peripheral,0.9,5,0.1129,"Признаков роли не выявлено: вход 1 (16 тыс ₸), выход 0 (0 ₸)"
100000008728457100,peripheral,0.9,13,0.3725,"Признаков роли не выявлено: вход 1 (45 тыс ₸), выход 0 (0 ₸)"
100000004206046100,peripheral,0.9,2,0.185,"Признаков роли не выявлено: вход 1 (11 тыс ₸), выход 0 (0 ₸)"
100000006579678100,peripheral,0.7,2,0.615,"Признаков роли не выявлено: вход 2 (193 тыс ₸), выход 6 (1,7 млн ₸)"
100000002988894100,peripheral,0.85,8,0.6432,"Признаков роли не выявлено: вход 1 (306 тыс ₸), выход 3 (78 тыс ₸)"
100000008749406100,peripheral,0.9,5,0.1207,"Признаков роли не выявлено: вход 1 (17 тыс ₸), выход 0 (0 ₸)"
100000005584222100,peripheral,0.8,1,0.5605,"Признаков роли не выявлено: вход 2 (193 тыс ₸), выход 2 (109 тыс ₸)"
100000003239859100,peripheral,0.9,12,0.1239,"Признаков роли не выявлено: вход 1 (19 тыс ₸), выход 0 (0 ₸)"
100000003980083100,peripheral,0.9,46,0.2437,"Признаков роли не выявлено: вход 1 (30 тыс ₸), выход 0 (0 ₸)"
100000004351795100,distributor,0.569,4,0.7367,"Веерное распределение: 14 получателей, 1,7 млн ₸, отдаёт в 14.5× больше видимого входа — есть внешние источники"
100000002666248100,peripheral,0.9,8,0.4515,"Признаков роли не выявлено: вход 1 (70 тыс ₸), выход 0 (0 ₸)"
100000005877725100,peripheral,0.9,5,0.2526,"Признаков роли не выявлено: вход 1 (70 тыс ₸), выход 0 (0 ₸)"
100000001697501100,distributor,0.772,5,0.7518,"Веерное распределение: 38 получателей, 1,5 млн ₸, отдаёт в 12.0× больше видимого входа — есть внешние источники"
100000006972210100,terminal,0.961,16,0.7071,"Конечный получатель: 489 тыс ₸ от 3 плательщиков, исходящих нет (колено 1)"
100000008749618100,peripheral,0.9,5,0.2161,"Признаков роли не выявлено: вход 1 (47 тыс ₸), выход 0 (0 ₸)"
100000008671026100,peripheral,0.9,5,0.1488,"Признаков роли не выявлено: вход 1 (24 тыс ₸), выход 0 (0 ₸)"
100000001696818100,peripheral,0.9,8,0.2347,"Признаков роли не выявлено: вход 1 (54 тыс ₸), выход 0 (0 ₸)"
100000008679986100,peripheral,0.9,5,0.1294,"Признаков роли не выявлено: вход 1 (19 тыс ₸), выход 0 (0 ₸)"
100000003616818100,peripheral,0.7,24,0.4285,"Признаков роли не выявлено: вход 3 (78 тыс ₸), выход 3 (240 тыс ₸)"
100000004156082100,coordinator,0.597,2,0.8557,"Признаки координации: получает от 5 плательщиков (377 тыс ₸), рассылает 26 получателям (2,3 млн ₸)"
100000008667058100,peripheral,0.9,5,0.1233,"Признаков роли не выявлено: вход 1 (18 тыс ₸), выход 0 (0 ₸)"
100000008628231100,peripheral,0.9,8,0.6287,"Признаков роли не выявлено: вход 1 (50 тыс ₸), выход 2 (628 тыс ₸)"
100000008749063100,peripheral,0.9,5,0.1294,"Признаков роли не выявлено: вход 1 (19 тыс ₸), выход 0 (0 ₸)"
100000004494983100,peripheral,0.9,5,0.1888,"Признаков роли не выявлено: вход 1 (35 тыс ₸), выход 0 (0 ₸)"
100000007648946100,peripheral,0.9,1,0.334,"Признаков роли не выявлено: вход 1 (20 тыс ₸), выход 1 (25 тыс ₸)"
100000003037660100,peripheral,0.9,8,0.4287,"Признаков роли не выявлено: вход 1 (53 тыс ₸), выход 0 (0 ₸)"
100000002679516100,terminal,0.835,12,0.6237,"Конечный получатель: 102 тыс ₸ от 3 плательщиков, исходящих нет (колено 1)"
100000005588444100,peripheral,0.9,15,0.0892,"Признаков роли не выявлено: вход 1 (12 тыс ₸), выход 0 (0 ₸)"
100000001307612100,peripheral,0.9,5,0.1968,"Признаков роли не выявлено: вход 1 (38 тыс ₸), выход 0 (0 ₸)"
100000003001564100,peripheral,0.9,2,0.4314,"Признаков роли не выявлено: вход 1 (24 тыс ₸), выход 1 (180 тыс ₸)"
100000002762076100,peripheral,0.8,15,0.3345,"Признаков роли не выявлено: вход 2 (140 тыс ₸), выход 1 (30 тыс ₸)"
100000005514161100,terminal,0.95,9,0.8193,"Конечный получатель: 402 тыс ₸ от 4 плательщиков, дальше уходит 12% (колено 1)"
100000008746673100,peripheral,0.9,5,0.231,"Признаков роли не выявлено: вход 1 (53 тыс ₸), выход 0 (0 ₸)"
100000003265158100,transit,0.891,12,0.8224,"Признаки транзита: пропускает 106% полученного (146 тыс ₸), 87% уходит дальше за ≤2 дня"
100000001567366100,terminal,0.984,2,0.6617,"Конечный получатель: 824 тыс ₸ от 1 плательщиков, исходящих нет (колено 1)"
100000008777088100,peripheral,0.9,5,0.1265,"Признаков роли не выявлено: вход 1 (18 тыс ₸), выход 0 (0 ₸)"
100000002589019100,peripheral,0.9,12,0.1831,"Признаков роли не выявлено: вход 1 (35 тыс ₸), выход 0 (0 ₸)"
100000008666075100,peripheral,0.9,5,0.1635,"Признаков роли не выявлено: вход 1 (26 тыс ₸), выход 0 (0 ₸)"
100000008137435100,peripheral,0.7,23,0.5659,"Признаков роли не выявлено: вход 2 (94 тыс ₸), выход 6 (1,4 млн ₸)"
100000004403675100,peripheral,0.6,16,0.5797,"Признаков роли не выявлено: вход 4 (183 тыс ₸), выход 5 (265 тыс ₸)"
100000004677680100,peripheral,0.8,13,0.6214,"Признаков роли не выявлено: вход 2 (63 тыс ₸), выход 1 (168 тыс ₸)"
100000005958064100,peripheral,0.9,14,0.419,"Признаков роли не выявлено: вход 1 (6 тыс ₸), выход 2 (164 тыс ₸)"
100000002881669100,peripheral,0.9,12,0.1239,"Признаков роли не выявлено: вход 1 (19 тыс ₸), выход 0 (0 ₸)"
100000002938501100,peripheral,0.9,2,0.2402,"Признаков роли не выявлено: вход 1 (8 тыс ₸), выход 1 (5 тыс ₸)"
100000006734554100,peripheral,0.9,27,0.2754,"Признаков роли не выявлено: вход 1 (16 тыс ₸), выход 1 (25 тыс ₸)"
100000008003034100,peripheral,0.8,2,0.4221,"Признаков роли не выявлено: вход 1 (12 тыс ₸), выход 4 (135 тыс ₸)"
100000003970394100,peripheral,0.9,12,0.263,"Признаков роли не выявлено: вход 1 (85 тыс ₸), выход 0 (0 ₸)"
100000003205210100,peripheral,0.9,8,0.5062,"Признаков роли не выявлено: вход 1 (138 тыс ₸), выход 0 (0 ₸)"
100000004559194100,terminal,0.925,2,0.5877,"Конечный получатель: 282 тыс ₸ от 1 плательщиков, исходящих нет (колено 1)"
100000008173359100,peripheral,0.9,2,0.1643,"Признаков роли не выявлено: вход 1 (6 тыс ₸), выход 0 (0 ₸)"
100000007953156100,peripheral,0.9,14,0.4562,"Признаков роли не выявлено: вход 1 (18 тыс ₸), выход 1 (10 тыс ₸)"
100000002224132100,consolidator,0.5,12,0.7069,"Признаки консолидации: получает от 5 разных плательщиков, 4,0 млн ₸, отдаёт в 3.1× больше видимого входа — есть внешние источники"
100000008547844100,distributor,0.631,3,0.8474,"Веерное распределение: 19 получателей, 2,0 млн ₸, отдаёт в 11.5× больше видимого входа — есть внешние источники"
100000002635780100,peripheral,0.9,15,0.5489,"Признаков роли не выявлено: вход 1 (163 тыс ₸), выход 0 (0 ₸)"
100000001279875100,peripheral,0.9,9,0.2326,"Признаков роли не выявлено: вход 1 (49 тыс ₸), выход 0 (0 ₸)"
100000001961048100,peripheral,0.9,11,0.4011,"Признаков роли не выявлено: вход 1 (150 тыс ₸), выход 0 (0 ₸)"
100000000993112100,peripheral,0.9,9,0.5077,"Признаков роли не выявлено: вход 1 (141 тыс ₸), выход 0 (0 ₸)"
100000005547096100,peripheral,0.9,37,0.3935,"Признаков роли не выявлено: вход 1 (8 тыс ₸), выход 2 (226 тыс ₸)"
100000000331309100,coordinator,0.734,6,0.9218,"Признаки координации: получает от 5 плательщиков (985 тыс ₸), рассылает 99 получателям (23,0 млн ₸)"
100000006684930100,peripheral,0.9,30,0.3196,"Признаков роли не выявлено: вход 1 (10 тыс ₸), выход 0 (0 ₸)"
100000004479404100,peripheral,0.8,1,0.6219,"Признаков роли не выявлено: вход 2 (1,5 млн ₸), выход 1 (300 тыс ₸)"
100000004134060100,peripheral,0.9,3,0.4587,"Признаков роли не выявлено: вход 1 (88 тыс ₸), выход 0 (0 ₸)"
100000001083990100,peripheral,0.9,12,0.4461,"Признаков роли не выявлено: вход 1 (50 тыс ₸), выход 0 (0 ₸)"
100000004573782100,peripheral,0.9,15,0.1527,"Признаков роли не выявлено: вход 1 (15 тыс ₸), выход 0 (0 ₸)"
100000005660203100,terminal,0.972,2,0.7383,"Конечный получатель: 573 тыс ₸ от 1 плательщиков, дальше уходит 7% (колено 2)"
100000008771627100,peripheral,0.9,5,0.1279,"Признаков роли не выявлено: вход 1 (16 тыс ₸), выход 0 (0 ₸)"
100000000031787100,transit,0.933,15,0.5542,"Признаки транзита: пропускает 100% полученного (90 тыс ₸), 67% уходит дальше за ≤2 дня"
100000001346560100,peripheral,0.8,8,0.5234,"Признаков роли не выявлено: вход 2 (10 тыс ₸), выход 1 (22 тыс ₸)"
100000001703168100,peripheral,0.9,4,0.4286,"Признаков роли не выявлено: вход 1 (45 тыс ₸), выход 1 (90 тыс ₸)"
100000004904960100,terminal,0.699,8,0.5615,"Конечный получатель: 32 тыс ₸ от 2 плательщиков, исходящих нет (колено 2)"
100000004467157100,peripheral,0.9,22,0.3206,"Признаков роли не выявлено: вход 1 (20 тыс ₸), выход 1 (7 тыс ₸)"
100000008346837100,coordinator,0.687,4,0.8752,"Признаки координации: получает от 9 плательщиков (254 тыс ₸), рассылает 25 получателям (1,3 млн ₸)"
100000006385877100,peripheral,0.9,16,0.3431,"Признаков роли не выявлено: вход 1 (54 тыс ₸), выход 1 (37 тыс ₸)"
100000002459093100,terminal,0.964,9,0.5524,"Конечный получатель: 500 тыс ₸ от 1 плательщиков, дальше уходит 11% (колено 2)"
100000005053653100,peripheral,0.8,4,0.4294,"Признаков роли не выявлено: вход 2 (63 тыс ₸), выход 1 (25 тыс ₸)"
100000001557930100,peripheral,0.9,20,0.1855,"Признаков роли не выявлено: вход 1 (35 тыс ₸), выход 0 (0 ₸)"
100000002820010100,peripheral,0.9,20,0.1728,"Признаков роли не выявлено: вход 1 (30 тыс ₸), выход 0 (0 ₸)"
100000000769919100,terminal,0.916,44,0.5328,"Конечный получатель: 250 тыс ₸ от 1 плательщиков, исходящих нет (колено 2)"
100000003188607100,peripheral,0.9,15,0.187,"Признаков роли не выявлено: вход 1 (18 тыс ₸), выход 1 (5 тыс ₸)"
100000002836052100,peripheral,0.9,8,0.3556,"Признаков роли не выявлено: вход 1 (15 тыс ₸), выход 0 (0 ₸)"
100000001102676100,transit,1.0,8,0.6786,"Признаки транзита: пропускает 100% полученного (50 тыс ₸), 100% уходит дальше за ≤2 дня"
100000003390036100,peripheral,0.8,13,0.6782,"Признаков роли не выявлено: вход 2 (231 тыс ₸), выход 2 (62 тыс ₸)"
100000008335401100,peripheral,0.9,15,0.542,"Признаков роли не выявлено: вход 1 (150 тыс ₸), выход 0 (0 ₸)"
100000006994985100,peripheral,0.9,10,0.4406,"Признаков роли не выявлено: вход 1 (48 тыс ₸), выход 1 (10 тыс ₸)"
100000008356606100,terminal,0.879,2,0.5976,"Конечный получатель: 168 тыс ₸ от 2 плательщиков, исходящих нет (колено 2)"
100000007930878100,peripheral,0.9,35,0.151,"Признаков роли не выявлено: вход 1 (5 тыс ₸), выход 0 (0 ₸)"
100000008389800100,peripheral,0.65,2,0.5733,"Признаков роли не выявлено: вход 3 (189 тыс ₸), выход 7 (402 тыс ₸)"
100000005474472100,peripheral,0.9,12,0.3326,"Признаков роли не выявлено: вход 1 (100 тыс ₸), выход 0 (0 ₸)"
100000004486525100,consolidator,0.65,4,0.791,"Признаки консолидации: получает от 8 разных плательщиков, 361 тыс ₸, отдаёт дальше 75% полученного"
100000003031890100,terminal,0.902,24,0.4937,"Конечный получатель: 215 тыс ₸ от 1 плательщиков, исходящих нет (колено 2)"
100000008624978100,peripheral,0.9,3,0.4778,"Признаков роли не выявлено: вход 1 (109 тыс ₸), выход 0 (0 ₸)"
100000000790311100,peripheral,0.9,2,0.3195,"Признаков роли не выявлено: вход 1 (46 тыс ₸), выход 0 (0 ₸)"
100000008546855100,consolidator,0.558,1,0.6596,"Признаки консолидации: получает от 6 разных плательщиков, 72 тыс ₸, отдаёт дальше 14% полученного"
100000002863356100,peripheral,0.9,5,0.2992,"Признаков роли не выявлено: вход 1 (45 тыс ₸), выход 1 (20 тыс ₸)"
100000000332284100,consolidator,0.721,4,0.8052,"Признаки консолидации: получает от 10 разных плательщиков, 107 тыс ₸, отдаёт в 2.7× больше видимого входа — есть внешние источники"
100000002605308100,terminal,0.998,14,0.8285,"Конечный получатель: 2,6 млн ₸ от 3 плательщиков, исходящих нет (колено 2)"
100000005931985100,peripheral,0.9,9,0.2707,"Признаков роли не выявлено: вход 1 (76 тыс ₸), выход 0 (0 ₸)"
100000001166289100,terminal,0.979,5,0.5992,"Конечный получатель: 721 тыс ₸ от 2 плательщиков, дальше уходит 3% (колено 2)"
100000008477350100,coordinator,0.764,1,0.9318,"Признаки координации: получает от 11 плательщиков (610 тыс ₸), рассылает 39 получателям (3,4 млн ₸)"
100000003824464100,terminal,0.896,23,0.5692,"Конечный получатель: 200 тыс ₸ от 1 плательщиков, исходящих нет (колено 2)"
100000002738256100,transit,0.752,39,0.5449,"Признаки транзита: пропускает 117% полученного (150 тыс ₸), 100% уходит дальше за ≤2 дня"
100000001857829100,coordinator,0.577,17,0.844,"Признаки координации: получает от 6 плательщиков (889 тыс ₸), рассылает 16 получателям (2,4 млн ₸)"
100000008672762100,peripheral,0.9,5,0.1086,"Признаков роли не выявлено: вход 1 (13 тыс ₸), выход 0 (0 ₸)"
100000001737722100,peripheral,0.9,8,0.4336,"Признаков роли не выявлено: вход 1 (60 тыс ₸), выход 0 (0 ₸)"
100000005572303100,peripheral,0.9,2,0.4459,"Признаков роли не выявлено: вход 1 (75 тыс ₸), выход 1 (20 тыс ₸)"
100000008733049100,peripheral,0.9,2,0.1878,"Признаков роли не выявлено: вход 1 (10 тыс ₸), выход 0 (0 ₸)"
100000000850297100,peripheral,0.9,9,0.1928,"Признаков роли не выявлено: вход 1 (18 тыс ₸), выход 1 (18 тыс ₸)"
100000005140601100,peripheral,0.7,1,0.5446,"Признаков роли не выявлено: вход 3 (53 тыс ₸), выход 2 (195 тыс ₸)"
100000004410489100,peripheral,0.9,1,0.3508,"Признаков роли не выявлено: вход 1 (54 тыс ₸), выход 0 (0 ₸)"
100000006852430100,peripheral,0.9,13,0.4684,"Признаков роли не выявлено: вход 1 (37 тыс ₸), выход 0 (0 ₸)"
100000003166755100,peripheral,0.9,4,0.244,"Признаков роли не выявлено: вход 1 (24 тыс ₸), выход 0 (0 ₸)"
100000008258083100,peripheral,0.8,11,0.633,"Признаков роли не выявлено: вход 2 (3,1 млн ₸), выход 2 (2,0 млн ₸)"
100000003054328100,peripheral,0.9,9,0.368,"Признаков роли не выявлено: вход 1 (140 тыс ₸), выход 2 (194 тыс ₸)"
100000008473207100,terminal,0.899,8,0.718,"Конечный получатель: 202 тыс ₸ от 1 плательщиков, исходящих нет (колено 2)"
100000008104567100,peripheral,0.7,9,0.4859,"Признаков роли не выявлено: вход 3 (54 тыс ₸), выход 3 (40 тыс ₸)"
100000002721825100,peripheral,0.9,1,0.2781,"Признаков роли не выявлено: вход 1 (11 тыс ₸), выход 0 (0 ₸)"
100000003509750100,transit,0.886,20,0.5661,"Признаки транзита: пропускает 95% полученного (82 тыс ₸), 78% уходит дальше за ≤2 дня"
100000007322059100,peripheral,0.8,9,0.5248,"Признаков роли не выявлено: вход 2 (29 тыс ₸), выход 1 (22 тыс ₸)"
100000004441291100,peripheral,0.9,8,0.418,"Признаков роли не выявлено: вход 1 (20 тыс ₸), выход 0 (0 ₸)"
100000006122699100,terminal,0.736,2,0.4621,"Конечный получатель: 46 тыс ₸ от 2 плательщиков, исходящих нет (колено 2)"
100000008254069100,peripheral,0.75,16,0.544,"Признаков роли не выявлено: вход 1 (10 тыс ₸), выход 5 (108 тыс ₸)"
100000003336565100,peripheral,0.9,5,0.1284,"Признаков роли не выявлено: вход 1 (17 тыс ₸), выход 0 (0 ₸)"
100000002492277100,peripheral,0.9,4,0.3986,"Признаков роли не выявлено: вход 1 (138 тыс ₸), выход 0 (0 ₸)"
100000001339466100,peripheral,0.9,8,0.3859,"Признаков роли не выявлено: вход 1 (30 тыс ₸), выход 0 (0 ₸)"
100000005022964100,peripheral,0.9,8,0.384,"Признаков роли не выявлено: вход 1 (20 тыс ₸), выход 0 (0 ₸)"
100000003112436100,peripheral,0.9,19,0.3768,"Признаков роли не выявлено: вход 1 (100 тыс ₸), выход 0 (0 ₸)"
100000000489417100,transit,0.722,1,0.6527,"Признаки транзита: пропускает 109% полученного (74 тыс ₸), 27% уходит дальше за ≤2 дня"
100000002217161100,peripheral,0.65,31,0.614,"Признаков роли не выявлено: вход 2 (405 тыс ₸), выход 7 (995 тыс ₸)"
100000002469065100,terminal,0.896,19,0.5664,"Конечный получатель: 200 тыс ₸ от 1 плательщиков, исходящих нет (колено 2)"
100000007337374100,peripheral,0.9,5,0.1447,"Признаков роли не выявлено: вход 1 (20 тыс ₸), выход 0 (0 ₸)"
100000003249054100,consolidator,0.607,1,0.6704,"Признаки консолидации: получает от 7 разных плательщиков, 100 тыс ₸, отдаёт дальше 15% полученного"
100000003024542100,peripheral,0.9,8,0.3337,"Признаков роли не выявлено: вход 1 (8 тыс ₸), выход 0 (0 ₸)"
100000002718366100,consolidator,0.558,3,0.8142,"Признаки консолидации: получает от 6 разных плательщиков, 2,5 млн ₸, отдаёт дальше 0% полученного"
100000005059998100,peripheral,0.9,1,0.2446,"Признаков роли не выявлено: вход 1 (18 тыс ₸), выход 0 (0 ₸)"
100000004071070100,terminal,0.725,1,0.4929,"Конечный получатель: 41 тыс ₸ от 2 плательщиков, дальше уходит 15% (колено 2)"
100000001584286100,terminal,0.98,11,0.7175,"Конечный получатель: 739 тыс ₸ от 2 плательщиков, исходящих нет (колено 2)"
100000008701256100,peripheral,0.9,1,0.345,"Признаков роли не выявлено: вход 1 (58 тыс ₸), выход 0 (0 ₸)"
100000001490461100,peripheral,0.9,15,0.4445,"Признаков роли не выявлено: вход 1 (20 тыс ₸), выход 1 (5 тыс ₸)"
100000008531186100,peripheral,0.9,8,0.5089,"Признаков роли не выявлено: вход 1 (125 тыс ₸), выход 0 (0 ₸)"
100000004765639100,peripheral,0.9,19,0.2773,"Признаков роли не выявлено: вход 1 (5 тыс ₸), выход 2 (11 тыс ₸)"
100000002983879100,terminal,0.898,8,0.6708,"Конечный получатель: 200 тыс ₸ от 2 плательщиков, исходящих нет (колено 2)"
100000008734364100,peripheral,0.9,5,0.1733,"Признаков роли не выявлено: вход 1 (26 тыс ₸), выход 0 (0 ₸)"
100000003192220100,peripheral,0.9,2,0.39,"Признаков роли не выявлено: вход 1 (60 тыс ₸), выход 0 (0 ₸)"
100000008060273100,peripheral,0.9,8,0.3276,"Признаков роли не выявлено: вход 1 (10 тыс ₸), выход 0 (0 ₸)"
100000008205937100,peripheral,0.9,30,0.428,"Признаков роли не выявлено: вход 1 (35 тыс ₸), выход 0 (0 ₸)"
100000005507142100,peripheral,0.7,32,0.3998,"Признаков роли не выявлено: вход 3 (51 тыс ₸), выход 3 (100 тыс ₸)"
100000005539910100,peripheral,0.9,8,0.601,"Признаков роли не выявлено: вход 1 (102 тыс ₸), выход 2 (22 тыс ₸)"
100000002459163100,peripheral,0.9,42,0.1981,"Признаков роли не выявлено: вход 1 (20 тыс ₸), выход 0 (0 ₸)"
100000004666651100,terminal,0.953,8,0.744,"Конечный получатель: 429 тыс ₸ от 1 плательщиков, исходящих нет (колено 2)"
100000003927792100,peripheral,0.9,2,0.2049,"Признаков роли не выявлено: вход 1 (13 тыс ₸), выход 0 (0 ₸)"
100000000607941100,peripheral,0.8,2,0.505,"Признаков роли не выявлено: вход 2 (50 тыс ₸), выход 1 (70 тыс ₸)"
100000004158362100,peripheral,0.9,1,0.208,"Признаков роли не выявлено: вход 1 (12 тыс ₸), выход 0 (0 ₸)"
100000005664922100,peripheral,0.8,12,0.4306,"Признаков роли не выявлено: вход 2 (22 тыс ₸), выход 3 (537 тыс ₸)"
100000007594394100,consolidator,0.558,18,0.8564,"Признаки консолидации: получает от 6 разных плательщиков, 395 тыс ₸, отдаёт в 8.5× больше видимого входа — есть внешние источники"
100000000979567100,peripheral,0.9,5,0.1746,"Признаков роли не выявлено: вход 1 (10 тыс ₸), выход 0 (0 ₸)"
100000002831727100,peripheral,0.9,18,0.388,"Признаков роли не выявлено: вход 1 (6 тыс ₸), выход 1 (77 тыс ₸)"
100000003062895100,terminal,0.935,14,0.7103,"Конечный получатель: 328 тыс ₸ от 2 плательщиков, исходящих нет (колено 2)"
100000008376089100,peripheral,0.9,11,0.3926,"Признаков роли не выявлено: вход 1 (135 тыс ₸), выход 0 (0 ₸)"
100000003219438100,peripheral,0.9,22,0.3408,"Признаков роли не выявлено: вход 1 (32 тыс ₸), выход 0 (0 ₸)"
100000000967918100,peripheral,0.9,10,0.3116,"Признаков роли не выявлено: вход 1 (21 тыс ₸), выход 0 (0 ₸)"
100000003254723100,terminal,0.921,17,0.7216,"Конечный получатель: 270 тыс ₸ от 1 плательщиков, исходящих нет (колено 2)"
100000003823811100,peripheral,0.85,16,0.4687,"Признаков роли не выявлено: вход 1 (30 тыс ₸), выход 3 (66 тыс ₸)"
100000008587459100,peripheral,0.8,4,0.5315,"Признаков роли не выявлено: вход 2 (182 тыс ₸), выход 2 (686 тыс ₸)"
100000008603331100,peripheral,0.7,29,0.5635,"Признаков роли не выявлено: вход 2 (40 тыс ₸), выход 6 (742 тыс ₸)"
100000008758168100,peripheral,0.75,3,0.6565,"Признаков роли не выявлено: вход 2 (75 тыс ₸), выход 5 (1,5 млн ₸)"
100000003724440100,terminal,0.752,1,0.4433,"Конечный получатель: 50 тыс ₸ от 2 плательщиков, исходящих нет (колено 2)"
100000000291906100,transit,0.547,38,0.7108,"Признаки транзита: пропускает 117% полученного (388 тыс ₸), 5% уходит дальше за ≤2 дня"
100000005077484100,peripheral,0.9,27,0.4072,"Признаков роли не выявлено: вход 1 (150 тыс ₸), выход 2 (14 тыс ₸)"
100000004192107100,peripheral,0.9,8,0.3463,"Признаков роли не выявлено: вход 1 (25 тыс ₸), выход 0 (0 ₸)"
100000002193259100,peripheral,0.8,12,0.5792,"Признаков роли не выявлено: вход 2 (48 тыс ₸), выход 3 (58 тыс ₸)"
100000005481280100,peripheral,0.85,2,0.4108,"Признаков роли не выявлено: вход 1 (33 тыс ₸), выход 3 (50 тыс ₸)"
100000004527381100,peripheral,0.9,2,0.483,"Признаков роли не выявлено: вход 1 (119 тыс ₸), выход 1 (274 тыс ₸)"
100000001578517100,peripheral,0.9,19,0.2668,"Признаков роли не выявлено: вход 1 (30 тыс ₸), выход 0 (0 ₸)"
100000003741418100,consolidator,0.687,4,0.7452,"Признаки консолидации: получает от 9 разных плательщиков, 152 тыс ₸, отдаёт дальше 26% полученного"
100000008737514100,peripheral,0.9,2,0.3743,"Признаков роли не выявлено: вход 1 (85 тыс ₸), выход 0 (0 ₸)"
100000002870463100,terminal,0.9,20,0.6823,"Конечный получатель: 207 тыс ₸ от 3 плательщиков, дальше уходит 5% (колено 2)"
100000008545727100,peripheral,0.7,15,0.6702,"Признаков роли не выявлено: вход 1 (30 тыс ₸), выход 6 (1,9 млн ₸)"
100000000425407100,peripheral,0.9,8,0.2653,"Признаков роли не выявлено: вход 1 (20 тыс ₸), выход 0 (0 ₸)"
100000001418900100,peripheral,0.9,5,0.2117,"Признаков роли не выявлено: вход 1 (40 тыс ₸), выход 0 (0 ₸)"
100000001677929100,peripheral,0.7,15,0.4206,"Признаков роли не выявлено: вход 3 (127 тыс ₸), выход 2 (286 тыс ₸)"
100000002539625100,peripheral,0.9,14,0.4869,"Признаков роли не выявлено: вход 1 (95 тыс ₸), выход 0 (0 ₸)"
100000001965374100,peripheral,0.8,12,0.4708,"Признаков роли не выявлено: вход 2 (1,8 млн ₸), выход 3 (3,1 млн ₸)"
100000001287955100,peripheral,0.8,11,0.3247,"Признаков роли не выявлено: вход 1 (18 тыс ₸), выход 4 (310 тыс ₸)"
100000005402643100,peripheral,0.9,16,0.3164,"Признаков роли не выявлено: вход 1 (128 тыс ₸), выход 1 (90 тыс ₸)"
100000008752616100,peripheral,0.65,3,0.6481,"Признаков роли не выявлено: вход 2 (65 тыс ₸), выход 7 (1,3 млн ₸)"
100000000733373100,peripheral,0.9,2,0.2324,"Признаков роли не выявлено: вход 1 (11 тыс ₸), выход 0 (0 ₸)"
100000008531133100,peripheral,0.85,2,0.5163,"Признаков роли не выявлено: вход 1 (25 тыс ₸), выход 3 (158 тыс ₸)"
100000005933757100,distributor,0.75,14,0.8623,"Веерное распределение: 34 получателей, 3,0 млн ₸, отдаёт в 2.4× больше видимого входа — есть внешние источники"
100000006490557100,peripheral,0.9,15,0.0603,"Признаков роли не выявлено: вход 1 (5 тыс ₸), выход 0 (0 ₸)"
100000008497298100,terminal,0.974,16,0.5474,"Конечный получатель: 600 тыс ₸ от 1 плательщиков, исходящих нет (колено 2)"
100000005168487100,peripheral,0.9,13,0.5296,"Признаков роли не выявлено: вход 1 (15 тыс ₸), выход 1 (104 тыс ₸)"
100000005799271100,peripheral,0.9,16,0.4435,"Признаков роли не выявлено: вход 1 (45 тыс ₸), выход 0 (0 ₸)"
100000000912487100,peripheral,0.9,8,0.2905,"Признаков роли не выявлено: вход 1 (10 тыс ₸), выход 0 (0 ₸)"
100000007982908100,peripheral,0.9,5,0.1902,"Признаков роли не выявлено: вход 1 (31 тыс ₸), выход 0 (0 ₸)"
100000005413948100,terminal,0.68,14,0.6125,"Конечный получатель: 28 тыс ₸ от 2 плательщиков, дальше уходит 18% (колено 2)"
100000000724540100,peripheral,0.9,3,0.5365,"Признаков роли не выявлено: вход 1 (50 тыс ₸), выход 1 (100 тыс ₸)"
100000005730108100,peripheral,0.9,10,0.2444,"Признаков роли не выявлено: вход 1 (8 тыс ₸), выход 0 (0 ₸)"
100000002566204100,peripheral,0.9,9,0.2808,"Признаков роли не выявлено: вход 1 (81 тыс ₸), выход 0 (0 ₸)"
100000000625169100,peripheral,0.9,5,0.0925,"Признаков роли не выявлено: вход 1 (10 тыс ₸), выход 0 (0 ₸)"
100000001114385100,peripheral,0.9,4,0.263,"Признаков роли не выявлено: вход 1 (30 тыс ₸), выход 0 (0 ₸)"
100000002964966100,terminal,0.896,8,0.6594,"Конечный получатель: 200 тыс ₸ от 1 плательщиков, исходящих нет (колено 2)"
100000008771814100,peripheral,0.9,5,0.1608,"Признаков роли не выявлено: вход 1 (24 тыс ₸), выход 0 (0 ₸)"
100000001241318100,peripheral,0.9,1,0.3849,"Признаков роли не выявлено: вход 1 (53 тыс ₸), выход 0 (0 ₸)"
100000001250022100,peripheral,0.9,20,0.2207,"Признаков роли не выявлено: вход 1 (50 тыс ₸), выход 0 (0 ₸)"
100000006534886100,peripheral,0.9,2,0.4939,"Признаков роли не выявлено: вход 1 (72 тыс ₸), выход 1 (168 тыс ₸)"
100000008655035100,peripheral,0.9,15,0.2816,"Признаков роли не выявлено: вход 1 (30 тыс ₸), выход 0 (0 ₸)"
100000005932987100,peripheral,0.9,22,0.3168,"Признаков роли не выявлено: вход 1 (25 тыс ₸), выход 0 (0 ₸)"
100000008636603100,peripheral,0.7,2,0.5043,"Признаков роли не выявлено: вход 2 (35 тыс ₸), выход 6 (159 тыс ₸)"
100000008710843100,distributor,0.554,3,0.7753,"Веерное распределение: 13 получателей, 2,0 млн ₸, отдаёт в 58.5× больше видимого входа — есть внешние источники"
100000000917179100,peripheral,0.9,14,0.4102,"Признаков роли не выявлено: вход 1 (94 тыс ₸), выход 0 (0 ₸)"
100000004209339100,peripheral,0.9,13,0.6378,"Признаков роли не выявлено: вход 1 (138 тыс ₸), выход 2 (238 тыс ₸)"
100000008765627100,peripheral,0.9,20,0.2388,"Признаков роли не выявлено: вход 1 (60 тыс ₸), выход 0 (0 ₸)"
100000002443664100,terminal,0.97,3,0.7298,"Конечный получатель: 557 тыс ₸ от 3 плательщиков, исходящих нет (колено 2)"
100000008144528100,consolidator,0.5,2,0.6955,"Признаки консолидации: получает от 5 разных плательщиков, 1,1 млн ₸, отдаёт дальше 0% полученного"
100000003988112100,peripheral,0.9,16,0.4479,"Признаков роли не выявлено: вход 1 (92 тыс ₸), выход 1 (64 тыс ₸)"
100000008008463100,peripheral,0.9,20,0.2309,"Признаков роли не выявлено: вход 1 (54 тыс ₸), выход 0 (0 ₸)"
100000006679055100,peripheral,0.9,8,0.3669,"Признаков роли не выявлено: вход 1 (25 тыс ₸), выход 0 (0 ₸)"
100000007382543100,peripheral,0.7,22,0.6028,"Признаков роли не выявлено: вход 3 (218 тыс ₸), выход 5 (427 тыс ₸)"
100000007749092100,peripheral,0.9,2,0.428,"Признаков роли не выявлено: вход 1 (8 тыс ₸), выход 1 (70 тыс ₸)"
100000004221668100,peripheral,0.6,20,0.4574,"Признаков роли не выявлено: вход 4 (1,1 млн ₸), выход 3 (731 тыс ₸)"
100000008174521100,peripheral,0.9,2,0.4015,"Признаков роли не выявлено: вход 1 (82 тыс ₸), выход 0 (0 ₸)"
100000002692750100,peripheral,0.7,20,0.5308,"Признаков роли не выявлено: вход 3 (113 тыс ₸), выход 1 (77 тыс ₸)"
100000002173070100,peripheral,0.9,19,0.2668,"Признаков роли не выявлено: вход 1 (30 тыс ₸), выход 0 (0 ₸)"
100000005911352100,peripheral,0.8,2,0.4285,"Признаков роли не выявлено: вход 2 (15 тыс ₸), выход 3 (24 тыс ₸)"
100000003068941100,peripheral,0.7,10,0.448,"Признаков роли не выявлено: вход 3 (94 тыс ₸), выход 1 (25 тыс ₸)"
100000001420847100,peripheral,0.9,18,0.263,"Признаков роли не выявлено: вход 1 (20 тыс ₸), выход 0 (0 ₸)"
100000005602999100,peripheral,0.9,13,0.4038,"Признаков роли не выявлено: вход 1 (5 тыс ₸), выход 2 (16 тыс ₸)"
100000000723383100,peripheral,0.9,19,0.4659,"Признаков роли не выявлено: вход 1 (7 тыс ₸), выход 2 (75 тыс ₸)"
100000006977207100,distributor,0.583,21,0.6608,"Веерное распределение: 15 получателей, 4,2 млн ₸, отдаёт в 10.0× больше видимого входа — есть внешние источники"
100000001273783100,peripheral,0.9,9,0.1657,"Признаков роли не выявлено: вход 1 (23 тыс ₸), выход 0 (0 ₸)"
100000000201868100,transit,1.0,2,0.7344,"Признаки транзита: пропускает 100% полученного (190 тыс ₸), 100% уходит дальше за ≤2 дня"
100000007777377100,terminal,0.958,19,0.7049,"Конечный получатель: 456 тыс ₸ от 1 плательщиков, дальше уходит 2% (колено 2)"
100000004192865100,peripheral,0.9,27,0.3082,"Признаков роли не выявлено: вход 1 (67 тыс ₸), выход 0 (0 ₸)"
100000006901046100,peripheral,0.9,2,0.4319,"Признаков роли не выявлено: вход 1 (76 тыс ₸), выход 1 (6 тыс ₸)"
100000000437046100,coordinator,0.74,1,0.9215,"Признаки координации: получает от 9 плательщиков (1,1 млн ₸), рассылает 42 получателям (7,6 млн ₸)"
100000008765494100,peripheral,0.9,5,0.1623,"Признаков роли не выявлено: вход 1 (24 тыс ₸), выход 0 (0 ₸)"
100000008713270100,peripheral,0.85,20,0.2986,"Признаков роли не выявлено: вход 1 (30 тыс ₸), выход 3 (190 тыс ₸)"
100000003603979100,peripheral,0.9,24,0.366,"Признаков роли не выявлено: вход 1 (165 тыс ₸), выход 0 (0 ₸)"
100000000943371100,peripheral,0.9,30,0.351,"Признаков роли не выявлено: вход 1 (16 тыс ₸), выход 0 (0 ₸)"
100000008672480100,peripheral,0.9,5,0.1086,"Признаков роли не выявлено: вход 1 (13 тыс ₸), выход 0 (0 ₸)"
100000008691168100,peripheral,0.9,5,0.1623,"Признаков роли не выявлено: вход 1 (24 тыс ₸), выход 0 (0 ₸)"
100000003237045100,peripheral,0.9,2,0.4978,"Признаков роли не выявлено: вход 1 (340 тыс ₸), выход 1 (150 тыс ₸)"
100000008736394100,peripheral,0.9,5,0.1254,"Признаков роли не выявлено: вход 1 (16 тыс ₸), выход 0 (0 ₸)"
100000004160650100,distributor,0.5,24,0.5591,"Веерное распределение: 10 получателей, 1,5 млн ₸, отдаёт в 19.8× больше видимого входа — есть внешние источники"
100000000629812100,terminal,0.643,19,0.4499,"Конечный получатель: 22 тыс ₸ от 2 плательщиков, исходящих нет (колено 2)"
100000000955444100,peripheral,0.9,35,0.1432,"Признаков роли не выявлено: вход 1 (7 тыс ₸), выход 0 (0 ₸)"
100000008731444100,peripheral,0.55,10,0.5692,"Признаков роли не выявлено: вход 3 (439 тыс ₸), выход 9 (880 тыс ₸)"
100000008413748100,distributor,0.62,6,0.7697,"Веерное распределение: 18 получателей, 1,4 млн ₸, отдаёт в 52.0× больше видимого входа — есть внешние источники"
100000006787636100,peripheral,0.9,2,0.2907,"Признаков роли не выявлено: вход 1 (20 тыс ₸), выход 0 (0 ₸)"
100000005942793100,terminal,0.769,4,0.4712,"Конечный получатель: 55 тыс ₸ от 4 плательщиков, исходящих нет (колено 2)"
100000008730846100,consolidator,0.607,13,0.8408,"Признаки консолидации: получает от 7 разных плательщиков, 155 тыс ₸, отдаёт в 2.3× больше видимого входа — есть внешние источники"
100000002570206100,terminal,0.877,6,0.5521,"Конечный получатель: 167 тыс ₸ от 2 плательщиков, исходящих нет (колено 2)"
100000000785800100,peripheral,0.9,42,0.2412,"Признаков роли не выявлено: вход 1 (19 тыс ₸), выход 1 (19 тыс ₸)"
100000007382152100,peripheral,0.9,4,0.1637,"Признаков роли не выявлено: вход 1 (6 тыс ₸), выход 0 (0 ₸)"
100000000910216100,peripheral,0.9,1,0.4784,"Признаков роли не выявлено: вход 1 (71 тыс ₸), выход 1 (52 тыс ₸)"
100000003131016100,peripheral,0.9,1,0.5363,"Признаков роли не выявлено: вход 1 (406 тыс ₸), выход 1 (126 тыс ₸)"
100000003221384100,terminal,0.966,2,0.6539,"Конечный получатель: 511 тыс ₸ от 1 плательщиков, исходящих нет (колено 2)"
100000002156381100,peripheral,0.8,13,0.5576,"Признаков роли не выявлено: вход 2 (61 тыс ₸), выход 1 (22 тыс ₸)"
100000002779485100,peripheral,0.9,17,0.4228,"Признаков роли не выявлено: вход 1 (91 тыс ₸), выход 0 (0 ₸)"
100000008774237100,peripheral,0.9,24,0.2559,"Признаков роли не выявлено: вход 1 (50 тыс ₸), выход 1 (10 тыс ₸)"
100000002628146100,peripheral,0.9,9,0.3844,"Признаков роли не выявлено: вход 1 (30 тыс ₸), выход 0 (0 ₸)"
100000002852402100,peripheral,0.9,2,0.3594,"Признаков роли не выявлено: вход 1 (55 тыс ₸), выход 0 (0 ₸)"
100000006989106100,peripheral,0.9,15,0.2955,"Признаков роли не выявлено: вход 1 (64 тыс ₸), выход 0 (0 ₸)"
100000002958343100,peripheral,0.9,15,0.4653,"Признаков роли не выявлено: вход 1 (2,9 млн ₸), выход 2 (1,4 млн ₸)"
100000008461532100,peripheral,0.6,26,0.6217,"Признаков роли не выявлено: вход 2 (565 тыс ₸), выход 8 (2,5 млн ₸)"
100000004400305100,coordinator,0.768,10,0.9039,"Признаки координации: получает от 7 плательщиков (223 тыс ₸), рассылает 82 получателям (5,8 млн ₸)"
100000000297649100,peripheral,0.9,12,0.5194,"Признаков роли не выявлено: вход 1 (40 тыс ₸), выход 1 (71 тыс ₸)"
100000003191430100,peripheral,0.9,2,0.4582,"Признаков роли не выявлено: вход 1 (180 тыс ₸), выход 0 (0 ₸)"
100000003275398100,terminal,0.93,24,0.5249,"Конечный получатель: 300 тыс ₸ от 1 плательщиков, дальше уходит 7% (колено 2)"
100000005203590100,peripheral,0.9,20,0.2719,"Признаков роли не выявлено: вход 1 (90 тыс ₸), выход 0 (0 ₸)"
100000008672603100,peripheral,0.9,8,0.3322,"Признаков роли не выявлено: вход 1 (21 тыс ₸), выход 0 (0 ₸)"
100000000718427100,peripheral,0.9,5,0.0717,"Признаков роли не выявлено: вход 1 (6 тыс ₸), выход 0 (0 ₸)"
100000003104347100,terminal,0.951,23,0.6855,"Конечный получатель: 418 тыс ₸ от 1 плательщиков, дальше уходит 8% (колено 2)"
100000002974256100,peripheral,0.9,12,0.1663,"Признаков роли не выявлено: вход 1 (7 тыс ₸), выход 0 (0 ₸)"
100000007173936100,peripheral,0.9,11,0.1788,"Признаков роли не выявлено: вход 1 (10 тыс ₸), выход 0 (0 ₸)"
100000002744581100,peripheral,0.9,15,0.1532,"Признаков роли не выявлено: вход 1 (12 тыс ₸), выход 0 (0 ₸)"
100000000596954100,peripheral,0.9,8,0.6214,"Признаков роли не выявлено: вход 1 (120 тыс ₸), выход 2 (48 тыс ₸)"
100000004950490100,peripheral,0.9,15,0.1473,"Признаков роли не выявлено: вход 1 (10 тыс ₸), выход 0 (0 ₸)"
100000008772058100,peripheral,0.9,5,0.2342,"Признаков роли не выявлено: вход 1 (50 тыс ₸), выход 0 (0 ₸)"
100000000971908100,peripheral,0.9,20,0.2704,"Признаков роли не выявлено: вход 1 (89 тыс ₸), выход 0 (0 ₸)"
100000008687492100,peripheral,0.9,5,0.1184,"Признаков роли не выявлено: вход 1 (15 тыс ₸), выход 0 (0 ₸)"
100000003159641100,peripheral,0.6,2,0.4872,"Признаков роли не выявлено: вход 4 (64 тыс ₸), выход 1 (198 тыс ₸)"
100000005326681100,peripheral,0.9,2,0.2861,"Признаков роли не выявлено: вход 1 (31 тыс ₸), выход 0 (0 ₸)"
100000006888238100,peripheral,0.9,43,0.3361,"Признаков роли не выявлено: вход 1 (18 тыс ₸), выход 1 (30 тыс ₸)"
100000001290243100,peripheral,0.9,2,0.2398,"Признаков роли не выявлено: вход 1 (10 тыс ₸), выход 0 (0 ₸)"
100000008289539100,peripheral,0.9,2,0.2119,"Признаков роли не выявлено: вход 1 (15 тыс ₸), выход 0 (0 ₸)"
100000000821507100,terminal,0.949,11,0.619,"Конечный получатель: 400 тыс ₸ от 1 плательщиков, исходящих нет (колено 2)"
100000003086040100,peripheral,0.9,1,0.2817,"Признаков роли не выявлено: вход 1 (10 тыс ₸), выход 0 (0 ₸)"
100000002969048100,peripheral,0.9,20,0.2893,"Признаков роли не выявлено: вход 1 (108 тыс ₸), выход 0 (0 ₸)"
100000002826669100,peripheral,0.9,1,0.4463,"Признаков роли не выявлено: вход 1 (160 тыс ₸), выход 0 (0 ₸)"
100000002293421100,peripheral,0.8,19,0.4856,"Признаков роли не выявлено: вход 2 (41 тыс ₸), выход 2 (47 тыс ₸)"
100000004732589100,terminal,0.906,9,0.4973,"Конечный получатель: 228 тыс ₸ от 1 плательщиков, исходящих нет (колено 2)"
100000003003821100,peripheral,0.9,8,0.4555,"Признаков роли не выявлено: вход 1 (40 тыс ₸), выход 0 (0 ₸)"
100000005237935150,peripheral,0.9,9,0.1991,"Признаков роли не выявлено: вход 1 (35 тыс ₸), выход 0 (0 ₸)"
100000004463277100,peripheral,0.9,27,0.2691,"Признаков роли не выявлено: вход 1 (35 тыс ₸), выход 0 (0 ₸)"
100000006523053100,peripheral,0.9,8,0.358,"Признаков роли не выявлено: вход 1 (5 тыс ₸), выход 0 (0 ₸)"
100000001954903100,peripheral,0.9,9,0.184,"Признаков роли не выявлено: вход 1 (27 тыс ₸), выход 0 (0 ₸)"
100000005328215100,peripheral,0.9,9,0.183,"Признаков роли не выявлено: вход 1 (27 тыс ₸), выход 0 (0 ₸)"
100000004424023100,peripheral,0.9,9,0.6125,"Признаков роли не выявлено: вход 1 (50 тыс ₸), выход 1 (100 тыс ₸)"
100000002299948100,peripheral,0.9,9,0.266,"Признаков роли не выявлено: вход 1 (7 тыс ₸), выход 0 (0 ₸)"
100000005105153100,peripheral,0.9,1,0.3303,"Признаков роли не выявлено: вход 1 (30 тыс ₸), выход 0 (0 ₸)"
100000001985793100,terminal,0.952,9,0.5339,"Конечный получатель: 420 тыс ₸ от 1 плательщиков, исходящих нет (колено 2)"
100000003134934100,terminal,0.944,10,0.7209,"Конечный получатель: 379 тыс ₸ от 4 плательщиков, исходящих нет (колено 2)"
100000006240939100,peripheral,0.75,3,0.3941,"Признаков роли не выявлено: вход 1 (160 тыс ₸), выход 5 (778 тыс ₸)"
100000008656043100,peripheral,0.9,5,0.1733,"Признаков роли не выявлено: вход 1 (26 тыс ₸), выход 0 (0 ₸)"
100000002605184100,peripheral,0.9,2,0.4285,"Признаков роли не выявлено: вход 1 (140 тыс ₸), выход 0 (0 ₸)"
100000003157333100,peripheral,0.9,20,0.1728,"Признаков роли не выявлено: вход 1 (30 тыс ₸), выход 0 (0 ₸)"
100000007898453100,peripheral,0.9,8,0.6279,"Признаков роли не выявлено: вход 1 (25 тыс ₸), выход 2 (320 тыс ₸)"
100000002710570100,terminal,0.905,28,0.6098,"Конечный получатель: 225 тыс ₸ от 1 плательщиков, исходящих нет (колено 2)"
100000004979498100,peripheral,0.9,39,0.4522,"Признаков роли не выявлено: вход 1 (700 тыс ₸), выход 1 (200 тыс ₸)"
100000001541418100,terminal,0.823,16,0.4961,"Конечный получатель: 97 тыс ₸ от 2 плательщиков, исходящих нет (колено 2)"
100000007797290100,peripheral,0.9,4,0.4423,"Признаков роли не выявлено: вход 1 (100 тыс ₸), выход 1 (20 тыс ₸)"
100000008683818100,peripheral,0.9,5,0.1326,"Признаков роли не выявлено: вход 1 (17 тыс ₸), выход 0 (0 ₸)"
100000006567935100,terminal,0.896,11,0.5596,"Конечный получатель: 200 тыс ₸ от 1 плательщиков, исходящих нет (колено 2)"
100000002132479100,peripheral,0.9,14,0.4612,"Признаков роли не выявлено: вход 1 (30 тыс ₸), выход 1 (20 тыс ₸)"
100000002170580100,peripheral,0.9,9,0.33,"Признаков роли не выявлено: вход 1 (150 тыс ₸), выход 0 (0 ₸)"
100000001232297100,peripheral,0.9,30,0.4119,"Признаков роли не выявлено: вход 1 (5 тыс ₸), выход 2 (45 тыс ₸)"
100000002028158100,peripheral,0.9,2,0.2944,"Признаков роли не выявлено: вход 1 (35 тыс ₸), выход 0 (0 ₸)"
100000005519998100,transit,0.907,22,0.7662,"Признаки транзита: пропускает 103% полученного (182 тыс ₸), 78% уходит дальше за ≤2 дня"
100000002335358100,peripheral,0.9,2,0.4525,"Признаков роли не выявлено: вход 1 (140 тыс ₸), выход 0 (0 ₸)"
100000007289427100,peripheral,0.9,8,0.1677,"Признаков роли не выявлено: вход 1 (12 тыс ₸), выход 0 (0 ₸)"
100000004592467100,peripheral,0.9,8,0.0711,"Признаков роли не выявлено: вход 1 (7 тыс ₸), выход 0 (0 ₸)"
100000004993576100,peripheral,0.9,2,0.4302,"Признаков роли не выявлено: вход 1 (167 тыс ₸), выход 0 (0 ₸)"
100000001648936100,peripheral,0.9,20,0.2747,"Признаков роли не выявлено: вход 1 (93 тыс ₸), выход 0 (0 ₸)"
100000008512552100,peripheral,0.6,4,0.594,"Признаков роли не выявлено: вход 4 (394 тыс ₸), выход 6 (1,3 млн ₸)"
100000007629096100,peripheral,0.6,4,0.6158,"Признаков роли не выявлено: вход 4 (1,1 млн ₸), выход 1 (765 тыс ₸)"
100000001601320100,peripheral,0.8,15,0.3304,"Признаков роли не выявлено: вход 2 (44 тыс ₸), выход 1 (46 тыс ₸)"
100000005782781100,coordinator,0.529,18,0.7928,"Признаки координации: получает от 6 плательщиков (172 тыс ₸), рассылает 10 получателям (1,3 млн ₸)"
100000002723538100,distributor,0.537,4,0.7071,"Веерное распределение: 12 получателей, 560 тыс ₸, отдаёт в 5.3× больше видимого входа — есть внешние источники"
100000002340562100,peripheral,0.9,15,0.2587,"Признаков роли не выявлено: вход 1 (37 тыс ₸), выход 0 (0 ₸)"
100000005939154100,peripheral,0.9,2,0.253,"Признаков роли не выявлено: вход 1 (22 тыс ₸), выход 0 (0 ₸)"
100000004386258100,peripheral,0.7,12,0.5795,"Признаков роли не выявлено: вход 3 (62 тыс ₸), выход 3 (40 тыс ₸)"
100000008406609100,peripheral,0.9,16,0.4145,"Признаков роли не выявлено: вход 1 (34 тыс ₸), выход 0 (0 ₸)"
100000007242833100,peripheral,0.9,12,0.5934,"Признаков роли не выявлено: вход 1 (108 тыс ₸), выход 1 (45 тыс ₸)"
100000004698193100,terminal,0.905,20,0.5343,"Конечный получатель: 223 тыс ₸ от 2 плательщиков, дальше уходит 17% (колено 2)"
100000002733905100,peripheral,0.7,5,0.494,"Признаков роли не выявлено: вход 3 (100 тыс ₸), выход 2 (718 тыс ₸)"
100000006912294100,peripheral,0.9,16,0.2549,"Признаков роли не выявлено: вход 1 (6 тыс ₸), выход 2 (30 тыс ₸)"
100000003036198100,peripheral,0.9,4,0.2011,"Признаков роли не выявлено: вход 1 (15 тыс ₸), выход 0 (0 ₸)"
100000004687099100,peripheral,0.9,15,0.2189,"Признаков роли не выявлено: вход 1 (30 тыс ₸), выход 0 (0 ₸)"
100000005242320100,distributor,0.651,11,0.6703,"Веерное распределение: 21 получателей, 8,9 млн ₸, отдаёт в 24.4× больше видимого входа — есть внешние источники"
100000008762832100,peripheral,0.9,8,0.3346,"Признаков роли не выявлено: вход 1 (150 тыс ₸), выход 1 (85 тыс ₸)"
100000002489253100,peripheral,0.9,2,0.3335,"Признаков роли не выявлено: вход 1 (51 тыс ₸), выход 0 (0 ₸)"
100000004756901100,peripheral,0.9,19,0.4098,"Признаков роли не выявлено: вход 1 (153 тыс ₸), выход 0 (0 ₸)"
100000008749989100,peripheral,0.9,5,0.1254,"Признаков роли не выявлено: вход 1 (16 тыс ₸), выход 0 (0 ₸)"
100000001380986100,peripheral,0.9,16,0.2358,"Признаков роли не выявлено: вход 1 (70 тыс ₸), выход 0 (0 ₸)"
100000003089018100,terminal,0.907,16,0.4683,"Конечный получатель: 230 тыс ₸ от 1 плательщиков, исходящих нет (колено 2)"
100000008742266100,peripheral,0.9,5,0.1512,"Признаков роли не выявлено: вход 1 (21 тыс ₸), выход 0 (0 ₸)"
100000003044431100,terminal,0.776,1,0.4562,"Конечный получатель: 60 тыс ₸ от 2 плательщиков, исходящих нет (колено 2)"
100000003321423100,peripheral,0.9,13,0.51,"Признаков роли не выявлено: вход 1 (100 тыс ₸), выход 0 (0 ₸)"
100000002540623100,peripheral,0.9,9,0.3017,"Признаков роли не выявлено: вход 1 (100 тыс ₸), выход 0 (0 ₸)"
100000004225615100,peripheral,0.9,16,0.2559,"Признаков роли не выявлено: вход 1 (90 тыс ₸), выход 0 (0 ₸)"
100000004820260100,transit,0.803,2,0.747,"Признаки транзита: пропускает 92% полученного (234 тыс ₸), 62% уходит дальше за ≤2 дня"
100000000795129100,terminal,0.936,2,0.6189,"Конечный получатель: 332 тыс ₸ от 1 плательщиков, исходящих нет (колено 2)"
100000008213966100,peripheral,0.7,2,0.5965,"Признаков роли не выявлено: вход 3 (187 тыс ₸), выход 1 (437 тыс ₸)"
100000008478414100,peripheral,0.9,5,0.0925,"Признаков роли не выявлено: вход 1 (10 тыс ₸), выход 0 (0 ₸)"
100000001330595100,peripheral,0.7,24,0.4305,"Признаков роли не выявлено: вход 3 (87 тыс ₸), выход 1 (154 тыс ₸)"
100000000076451100,peripheral,0.7,2,0.5241,"Признаков роли не выявлено: вход 3 (88 тыс ₸), выход 4 (58 тыс ₸)"
100000005664632100,peripheral,0.9,8,0.5481,"Признаков роли не выявлено: вход 1 (199 тыс ₸), выход 0 (0 ₸)"
100000002457464100,peripheral,0.9,8,0.4401,"Признаков роли не выявлено: вход 1 (67 тыс ₸), выход 0 (0 ₸)"
100000002757240100,peripheral,0.9,8,0.4379,"Признаков роли не выявлено: вход 1 (51 тыс ₸), выход 0 (0 ₸)"
100000003718221100,peripheral,0.8,23,0.5999,"Признаков роли не выявлено: вход 2 (350 тыс ₸), выход 4 (424 тыс ₸)"
100000008629581100,peripheral,0.9,8,0.4246,"Признаков роли не выявлено: вход 1 (54 тыс ₸), выход 0 (0 ₸)"
100000004806903100,peripheral,0.9,6,0.4076,"Признаков роли не выявлено: вход 1 (18 тыс ₸), выход 0 (0 ₸)"
100000000913911100,peripheral,0.8,8,0.578,"Признаков роли не выявлено: вход 2 (467 тыс ₸), выход 1 (600 тыс ₸)"
100000004905207100,terminal,0.945,9,0.7432,"Конечный получатель: 380 тыс ₸ от 1 плательщиков, исходящих нет (колено 2)"
100000003831201100,peripheral,0.9,10,0.3645,"Признаков роли не выявлено: вход 1 (40 тыс ₸), выход 0 (0 ₸)"
100000003073398100,peripheral,0.9,20,0.2752,"Признаков роли не выявлено: вход 1 (93 тыс ₸), выход 0 (0 ₸)"
100000008418934100,terminal,0.942,16,0.5089,"Конечный получатель: 360 тыс ₸ от 1 плательщиков, исходящих нет (колено 2)"
100000002741024100,consolidator,0.5,4,0.7714,"Признаки консолидации: получает от 5 разных плательщиков, 818 тыс ₸, отдаёт дальше 53% полученного"
100000008106997100,peripheral,0.8,1,0.3932,"Признаков роли не выявлено: вход 2 (36 тыс ₸), выход 1 (21 тыс ₸)"
100000007998965100,consolidator,0.5,9,0.7503,"Признаки консолидации: получает от 5 разных плательщиков, 278 тыс ₸, отдаёт дальше 9% полученного"
100000001822623100,terminal,0.898,23,0.5709,"Конечный получатель: 201 тыс ₸ от 1 плательщиков, исходящих нет (колено 2)"
100000006424479100,peripheral,0.9,30,0.7101,"Признаков роли не выявлено: вход 1 (500 тыс ₸), выход 2 (220 тыс ₸)"
100000008696692100,peripheral,0.9,5,0.1392,"Признаков роли не выявлено: вход 1 (19 тыс ₸), выход 0 (0 ₸)"
100000002748532100,peripheral,0.7,3,0.6505,"Признаков роли не выявлено: вход 3 (356 тыс ₸), выход 2 (647 тыс ₸)"
100000004456564100,peripheral,0.9,14,0.3309,"Признаков роли не выявлено: вход 1 (10 тыс ₸), выход 0 (0 ₸)"
100000001530740100,peripheral,0.9,2,0.2892,"Признаков роли не выявлено: вход 1 (15 тыс ₸), выход 0 (0 ₸)"
100000001386612100,peripheral,0.9,16,0.3869,"Признаков роли не выявлено: вход 1 (62 тыс ₸), выход 0 (0 ₸)"
100000003360542100,terminal,0.933,13,0.816,"Конечный получатель: 317 тыс ₸ от 2 плательщиков, дальше уходит 16% (колено 2)"
100000008352542100,peripheral,0.9,13,0.4562,"Признаков роли не выявлено: вход 1 (50 тыс ₸), выход 0 (0 ₸)"
100000001138376100,peripheral,0.9,2,0.2167,"Признаков роли не выявлено: вход 1 (15 тыс ₸), выход 0 (0 ₸)"
100000003246024100,peripheral,0.9,1,0.3994,"Признаков роли не выявлено: вход 1 (25 тыс ₸), выход 1 (5 тыс ₸)"
100000002680477100,peripheral,0.9,9,0.1681,"Признаков роли не выявлено: вход 1 (25 тыс ₸), выход 0 (0 ₸)"
100000005882013100,terminal,0.856,30,0.6716,"Конечный получатель: 135 тыс ₸ от 2 плательщиков, дальше уходит 7% (колено 2)"
100000005665181100,distributor,0.519,4,0.6689,"Веерное распределение: 11 получателей, 182 тыс ₸, отдаёт в 4.0× больше видимого входа — есть внешние источники"
100000008141170100,peripheral,0.9,2,0.2886,"Признаков роли не выявлено: вход 1 (11 тыс ₸), выход 0 (0 ₸)"
100000001382002100,transit,0.759,1,0.6012,Признаки транзита: пропускает 103% полученного (55 тыс ₸)
100000002481735100,peripheral,0.9,2,0.2999,"Признаков роли не выявлено: вход 1 (22 тыс ₸), выход 0 (0 ₸)"
100000000806727100,peripheral,0.9,8,0.4662,"Признаков роли не выявлено: вход 1 (45 тыс ₸), выход 1 (5 тыс ₸)"
100000003039473100,peripheral,0.9,2,0.2811,"Признаков роли не выявлено: вход 1 (23 тыс ₸), выход 0 (0 ₸)"
100000005205745100,peripheral,0.9,10,0.2202,"Признаков роли не выявлено: вход 1 (6 тыс ₸), выход 0 (0 ₸)"
100000004356593100,peripheral,0.9,4,0.3802,"Признаков роли не выявлено: вход 1 (50 тыс ₸), выход 1 (10 тыс ₸)"
100000008688881100,peripheral,0.9,5,0.2186,"Признаков роли не выявлено: вход 1 (44 тыс ₸), выход 0 (0 ₸)"
100000008111003100,consolidator,0.558,4,0.7098,"Признаки консолидации: получает от 6 разных плательщиков, 223 тыс ₸, отдаёт дальше 16% полученного"
100000003016773100,peripheral,0.9,14,0.4254,"Признаков роли не выявлено: вход 1 (47 тыс ₸), выход 0 (0 ₸)"
100000004674799100,peripheral,0.9,1,0.4573,"Признаков роли не выявлено: вход 1 (140 тыс ₸), выход 0 (0 ₸)"
100000005834479100,peripheral,0.9,4,0.2719,"Признаков роли не выявлено: вход 1 (8 тыс ₸), выход 2 (14 тыс ₸)"
100000003278020100,peripheral,0.9,1,0.4315,"Признаков роли не выявлено: вход 1 (190 тыс ₸), выход 0 (0 ₸)"
100000000831684100,peripheral,0.9,12,0.3222,"Признаков роли не выявлено: вход 1 (15 тыс ₸), выход 1 (50 тыс ₸)"
100000000307908100,peripheral,0.9,34,0.0976,"Признаков роли не выявлено: вход 1 (5 тыс ₸), выход 0 (0 ₸)"
100000001782980100,peripheral,0.9,27,0.4546,"Признаков роли не выявлено: вход 1 (50 тыс ₸), выход 1 (596 тыс ₸)"
100000002454724100,peripheral,0.9,11,0.3882,"Признаков роли не выявлено: вход 1 (125 тыс ₸), выход 0 (0 ₸)"
100000005904580100,terminal,0.794,12,0.5154,"Конечный получатель: 72 тыс ₸ от 2 плательщиков, исходящих нет (колено 2)"
100000008474308100,peripheral,0.9,1,0.3163,"Признаков роли не выявлено: вход 1 (14 тыс ₸), выход 1 (10 тыс ₸)"
100000000795033100,peripheral,0.9,10,0.3061,"Признаков роли не выявлено: вход 1 (18 тыс ₸), выход 0 (0 ₸)"
100000000861294100,peripheral,0.9,20,0.3133,"Признаков роли не выявлено: вход 1 (150 тыс ₸), выход 0 (0 ₸)"
100000006557763100,peripheral,0.9,8,0.3519,"Признаков роли не выявлено: вход 1 (10 тыс ₸), выход 0 (0 ₸)"
100000005608515100,peripheral,0.9,15,0.2326,"Признаков роли не выявлено: вход 1 (64 тыс ₸), выход 0 (0 ₸)"
100000003922499100,peripheral,0.9,12,0.2841,"Признаков роли не выявлено: вход 1 (50 тыс ₸), выход 0 (0 ₸)"
100000008603629100,coordinator,0.897,1,0.994,"Признаки координации: получает от 19 плательщиков (1,8 млн ₸), рассылает 61 получателям (5,0 млн ₸)"
100000004825069100,peripheral,0.9,5,0.1856,"Признаков роли не выявлено: вход 1 (30 тыс ₸), выход 0 (0 ₸)"
100000004331458100,terminal,0.916,37,0.5388,"Конечный получатель: 250 тыс ₸ от 2 плательщиков, исходящих нет (колено 2)"
100000002911170100,terminal,0.93,11,0.5963,"Конечный получатель: 300 тыс ₸ от 1 плательщиков, исходящих нет (колено 2)"
100000008011159100,peripheral,0.7,33,0.5699,"Признаков роли не выявлено: вход 3 (363 тыс ₸), выход 5 (153 тыс ₸)"
100000003854444100,distributor,0.569,18,0.7709,"Веерное распределение: 14 получателей, 2,3 млн ₸, отдаёт в 11.1× больше видимого входа — есть внешние источники"
100000008547948100,coordinator,0.627,3,0.9199,"Признаки координации: получает от 6 плательщиков (213 тыс ₸), рассылает 26 получателям (5,2 млн ₸)"
100000005175148100,terminal,0.802,2,0.5494,"Конечный получатель: 79 тыс ₸ от 2 плательщиков, дальше уходит 19% (колено 2)"
100000002087788100,peripheral,0.9,6,0.4393,"Признаков роли не выявлено: вход 1 (100 тыс ₸), выход 0 (0 ₸)"
100000004150593100,distributor,0.519,2,0.6967,"Веерное распределение: 11 получателей, 871 тыс ₸, отдаёт в 15.3× больше видимого входа — есть внешние источники"
100000001597505100,peripheral,0.9,9,0.3964,"Признаков роли не выявлено: вход 1 (26 тыс ₸), выход 1 (13 тыс ₸)"
100000007629121100,peripheral,0.9,8,0.4286,"Признаков роли не выявлено: вход 1 (29 тыс ₸), выход 0 (0 ₸)"
100000005614315100,terminal,0.957,2,0.6609,"Конечный получатель: 455 тыс ₸ от 1 плательщиков, исходящих нет (колено 2)"
100000008324800100,transit,0.918,6,0.8049,"Признаки транзита: пропускает 97% полученного (526 тыс ₸), 81% уходит дальше за ≤2 дня"
100000005030592100,peripheral,0.9,2,0.1878,"Признаков роли не выявлено: вход 1 (10 тыс ₸), выход 0 (0 ₸)"
100000001633685100,terminal,0.733,4,0.4276,"Конечный получатель: 45 тыс ₸ от 3 плательщиков, исходящих нет (колено 2)"
100000001848426100,peripheral,0.9,20,0.2786,"Признаков роли не выявлено: вход 1 (96 тыс ₸), выход 0 (0 ₸)"
100000004580202100,peripheral,0.85,23,0.4183,"Признаков роли не выявлено: вход 1 (9 тыс ₸), выход 3 (45 тыс ₸)"
100000008717375100,peripheral,0.9,8,0.3634,"Признаков роли не выявлено: вход 1 (30 тыс ₸), выход 0 (0 ₸)"
100000007861311100,peripheral,0.9,15,0.2523,"Признаков роли не выявлено: вход 1 (45 тыс ₸), выход 0 (0 ₸)"
100000005578559100,distributor,0.651,9,0.7754,"Веерное распределение: 21 получателей, 893 тыс ₸, отдаёт в 6.8× больше видимого входа — есть внешние источники"
100000008764436100,peripheral,0.9,5,0.1095,"Признаков роли не выявлено: вход 1 (13 тыс ₸), выход 0 (0 ₸)"
100000000190228100,peripheral,0.9,16,0.4903,"Признаков роли не выявлено: вход 1 (5 тыс ₸), выход 1 (29 тыс ₸)"
100000003971049100,peripheral,0.9,4,0.326,"Признаков роли не выявлено: вход 1 (56 тыс ₸), выход 0 (0 ₸)"
100000008743913100,distributor,0.554,3,0.831,"Веерное распределение: 13 получателей, 1,9 млн ₸, отдаёт в 12.4× больше видимого входа — есть внешние источники"
100000004400361100,peripheral,0.9,19,0.1802,"Признаков роли не выявлено: вход 1 (10 тыс ₸), выход 0 (0 ₸)"
100000002175422100,peripheral,0.7,28,0.6188,"Признаков роли не выявлено: вход 3 (68 тыс ₸), выход 6 (1,6 млн ₸)"
100000004544958100,peripheral,0.9,13,0.611,"Признаков роли не выявлено: вход 1 (168 тыс ₸), выход 2 (23 тыс ₸)"
100000008466579100,distributor,0.608,3,0.839,"Веерное распределение: 17 получателей, 1,9 млн ₸, отдаёт в 52.3× больше видимого входа — есть внешние источники"
100000001184915100,terminal,0.898,2,0.5794,"Конечный получатель: 201 тыс ₸ от 1 плательщиков, исходящих нет (колено 2)"
100000004435304100,peripheral,0.9,5,0.1733,"Признаков роли не выявлено: вход 1 (26 тыс ₸), выход 0 (0 ₸)"
100000008762728100,peripheral,0.9,2,0.2653,"Признаков роли не выявлено: вход 1 (17 тыс ₸), выход 0 (0 ₸)"
100000004285800100,peripheral,0.9,8,0.3894,"Признаков роли не выявлено: вход 1 (5 тыс ₸), выход 1 (15 тыс ₸)"
100000008557672100,peripheral,0.9,5,0.2309,"Признаков роли не выявлено: вход 1 (49 тыс ₸), выход 0 (0 ₸)"
100000005142589100,peripheral,0.9,1,0.3387,"Признаков роли не выявлено: вход 1 (50 тыс ₸), выход 0 (0 ₸)"
100000003747133100,consolidator,0.5,4,0.706,"Признаки консолидации: получает от 5 разных плательщиков, 237 тыс ₸, отдаёт дальше 105% полученного"
100000003289405100,terminal,0.941,8,0.5159,"Конечный получатель: 355 тыс ₸ от 1 плательщиков, исходящих нет (колено 2)"
100000002691858100,peripheral,0.9,9,0.4318,"Признаков роли не выявлено: вход 1 (52 тыс ₸), выход 0 (0 ₸)"
100000007534354100,peripheral,0.85,9,0.318,"Признаков роли не выявлено: вход 1 (50 тыс ₸), выход 3 (148 тыс ₸)"
100000000765628100,peripheral,0.9,2,0.2175,"Признаков роли не выявлено: вход 1 (5 тыс ₸), выход 0 (0 ₸)"
100000004962193100,consolidator,0.65,4,0.7396,"Признаки консолидации: получает от 8 разных плательщиков, 900 тыс ₸, отдаёт дальше 0% полученного"
100000005032294100,peripheral,0.9,14,0.3309,"Признаков роли не выявлено: вход 1 (10 тыс ₸), выход 0 (0 ₸)"
100000001251686100,peripheral,0.9,8,0.3356,"Признаков роли не выявлено: вход 1 (18 тыс ₸), выход 0 (0 ₸)"
100000002398779100,consolidator,0.805,4,0.9395,"Признаки консолидации: получает от 13 разных плательщиков, 1,1 млн ₸, отдаёт дальше 6% полученного"
100000008512827100,distributor,0.5,3,0.8126,"Веерное распределение: 10 получателей, 1,9 млн ₸, отдаёт в 18.0× больше видимого входа — есть внешние источники"
100000003943483100,peripheral,0.9,12,0.3159,"Признаков роли не выявлено: вход 1 (10 тыс ₸), выход 0 (0 ₸)"
100000005031696100,peripheral,0.9,8,0.6108,"Признаков роли не выявлено: вход 1 (5 тыс ₸), выход 2 (115 тыс ₸)"
100000002703376100,peripheral,0.9,4,0.3036,"Признаков роли не выявлено: вход 1 (47 тыс ₸), выход 0 (0 ₸)"
100000003617552100,peripheral,0.9,27,0.236,"Признаков роли не выявлено: вход 1 (25 тыс ₸), выход 0 (0 ₸)"
100000007617808100,terminal,0.956,19,0.6329,"Конечный получатель: 450 тыс ₸ от 1 плательщиков, исходящих нет (колено 2)"
100000002613776100,peripheral,0.9,1,0.293,"Признаков роли не выявлено: вход 1 (30 тыс ₸), выход 0 (0 ₸)"
100000002578405100,distributor,1.0,7,0.8385,"Веерное распределение: 116 получателей, 3,1 млн ₸, отдаёт в 2.6× больше видимого входа — есть внешние источники"
100000006161893100,peripheral,0.9,2,0.2863,"Признаков роли не выявлено: вход 1 (14 тыс ₸), выход 0 (0 ₸)"
100000002633701100,terminal,0.92,16,0.4826,"Конечный получатель: 267 тыс ₸ от 1 плательщиков, исходящих нет (колено 2)"
100000002432143100,peripheral,0.9,8,0.4719,"Признаков роли не выявлено: вход 1 (81 тыс ₸), выход 0 (0 ₸)"
100000000490383100,peripheral,0.6,2,0.5721,"Признаков роли не выявлено: вход 3 (63 тыс ₸), выход 8 (461 тыс ₸)"
100000005809252100,peripheral,0.9,6,0.3351,"Признаков роли не выявлено: вход 1 (25 тыс ₸), выход 0 (0 ₸)"
100000006612238100,peripheral,0.9,5,0.3385,"Признаков роли не выявлено: вход 1 (160 тыс ₸), выход 1 (25 тыс ₸)"
100000002593038100,peripheral,0.9,12,0.4222,"Признаков роли не выявлено: вход 1 (28 тыс ₸), выход 0 (0 ₸)"
100000002947299100,peripheral,0.9,8,0.4766,"Признаков роли не выявлено: вход 1 (85 тыс ₸), выход 0 (0 ₸)"
100000004336312100,transit,0.563,22,0.6316,"Признаки транзита: пропускает 80% полученного (90 тыс ₸), 29% уходит дальше за ≤2 дня"
100000001308856100,peripheral,0.9,5,0.1762,"Признаков роли не выявлено: вход 1 (27 тыс ₸), выход 0 (0 ₸)"
100000008238989100,terminal,0.896,23,0.5692,"Конечный получатель: 200 тыс ₸ от 1 плательщиков, исходящих нет (колено 2)"
100000005561741100,peripheral,0.9,15,0.3892,"Признаков роли не выявлено: вход 1 (25 тыс ₸), выход 0 (0 ₸)"
100000006248077100,peripheral,0.9,19,0.3147,"Признаков роли не выявлено: вход 1 (50 тыс ₸), выход 0 (0 ₸)"
100000000646541100,terminal,0.667,4,0.4169,"Конечный получатель: 25 тыс ₸ от 3 плательщиков, исходящих нет (колено 2)"
100000006595426100,peripheral,0.9,1,0.3855,"Признаков роли не выявлено: вход 1 (85 тыс ₸), выход 0 (0 ₸)"
100000002956898100,terminal,0.927,2,0.6089,"Конечный получатель: 290 тыс ₸ от 2 плательщиков, исходящих нет (колено 2)"
100000001262647100,peripheral,0.9,2,0.2752,"Признаков роли не выявлено: вход 1 (24 тыс ₸), выход 0 (0 ₸)"
100000005849100100,peripheral,0.9,8,0.4482,"Признаков роли не выявлено: вход 1 (33 тыс ₸), выход 0 (0 ₸)"
100000000533217100,peripheral,0.9,1,0.3981,"Признаков роли не выявлено: вход 1 (54 тыс ₸), выход 0 (0 ₸)"
100000002812641100,peripheral,0.9,9,0.3939,"Признаков роли не выявлено: вход 1 (10 тыс ₸), выход 1 (7 тыс ₸)"
100000008647905100,peripheral,0.9,18,0.532,"Признаков роли не выявлено: вход 1 (50 тыс ₸), выход 2 (344 тыс ₸)"
100000002842337100,peripheral,0.9,15,0.2644,"Признаков роли не выявлено: вход 1 (50 тыс ₸), выход 0 (0 ₸)"
100000002445750100,peripheral,0.9,10,0.4675,"Признаков роли не выявлено: вход 1 (70 тыс ₸), выход 1 (10 тыс ₸)"
100000005619339100,peripheral,0.9,2,0.2451,"Признаков роли не выявлено: вход 1 (5 тыс ₸), выход 1 (5 тыс ₸)"
100000006844768100,peripheral,0.9,1,0.5902,"Признаков роли не выявлено: вход 1 (282 тыс ₸), выход 2 (188 тыс ₸)"
100000002488629100,peripheral,0.9,20,0.2531,"Признаков роли не выявлено: вход 1 (73 тыс ₸), выход 0 (0 ₸)"
100000002796853100,peripheral,0.9,3,0.4025,"Признаков роли не выявлено: вход 1 (199 тыс ₸), выход 1 (46 тыс ₸)"
100000006755850100,terminal,0.955,13,0.7719,"Конечный получатель: 443 тыс ₸ от 1 плательщиков, исходящих нет (колено 2)"
100000008733194100,peripheral,0.6,17,0.5536,"Признаков роли не выявлено: вход 4 (251 тыс ₸), выход 8 (160 тыс ₸)"
100000001904863100,terminal,0.964,9,0.7648,"Конечный получатель: 500 тыс ₸ от 1 плательщиков, исходящих нет (колено 2)"
100000001641951100,peripheral,0.9,8,0.4046,"Признаков роли не выявлено: вход 1 (25 тыс ₸), выход 0 (0 ₸)"
100000004816564100,terminal,0.926,2,0.6644,"Конечный получатель: 285 тыс ₸ от 1 плательщиков, дальше уходит 2% (колено 2)"
100000002205022100,peripheral,0.85,19,0.6854,"Признаков роли не выявлено: вход 1 (7 тыс ₸), выход 3 (518 тыс ₸)"
100000002267998100,peripheral,0.8,23,0.621,"Признаков роли не выявлено: вход 2 (420 тыс ₸), выход 3 (1,1 млн ₸)"
100000002199091100,peripheral,0.9,5,0.2575,"Признаков роли не выявлено: вход 1 (65 тыс ₸), выход 0 (0 ₸)"
100000008571443100,terminal,0.783,4,0.4737,"Конечный получатель: 65 тыс ₸ от 2 плательщиков, исходящих нет (колено 2)"
100000002742067100,peripheral,0.9,2,0.2029,"Признаков роли не выявлено: вход 1 (13 тыс ₸), выход 0 (0 ₸)"
100000003292979100,peripheral,0.9,13,0.45,"Признаков роли не выявлено: вход 1 (49 тыс ₸), выход 0 (0 ₸)"
100000002558173100,peripheral,0.9,9,0.2796,"Признаков роли не выявлено: вход 1 (9 тыс ₸), выход 0 (0 ₸)"
100000004687282100,peripheral,0.9,2,0.2834,"Признаков роли не выявлено: вход 1 (20 тыс ₸), выход 0 (0 ₸)"
100000003034546100,terminal,0.961,16,0.5325,"Конечный получатель: 487 тыс ₸ от 1 плательщиков, исходящих нет (колено 2)"
100000003798151100,terminal,0.939,2,0.6438,"Конечный получатель: 350 тыс ₸ от 1 плательщиков, исходящих нет (колено 2)"
100000008710791100,distributor,0.67,3,0.8795,"Веерное распределение: 23 получателей, 5,5 млн ₸, отдаёт в 30.4× больше видимого входа — есть внешние источники"
100000008688476100,peripheral,0.9,5,0.1623,"Признаков роли не выявлено: вход 1 (24 тыс ₸), выход 0 (0 ₸)"
100000003242289100,distributor,0.67,4,0.8066,"Веерное распределение: 23 получателей, 2,4 млн ₸, отдаёт в 4.3× больше видимого входа — есть внешние источники"
100000006564102100,terminal,0.909,8,0.6902,"Конечный получатель: 233 тыс ₸ от 1 плательщиков, исходящих нет (колено 2)"
100000001526235100,peripheral,0.6,25,0.5884,"Признаков роли не выявлено: вход 3 (82 тыс ₸), выход 8 (433 тыс ₸)"
100000004398811100,peripheral,0.85,19,0.4674,"Признаков роли не выявлено: вход 1 (426 тыс ₸), выход 3 (1,0 млн ₸)"
100000002957787100,distributor,0.75,4,0.8412,"Веерное распределение: 34 получателей, 1,3 млн ₸, отдаёт в 15.0× больше видимого входа — есть внешние источники"
100000002621915100,peripheral,0.9,2,0.2533,"Признаков роли не выявлено: вход 1 (5 тыс ₸), выход 0 (0 ₸)"
100000008283183100,peripheral,0.9,5,0.1811,"Признаков роли не выявлено: вход 1 (29 тыс ₸), выход 0 (0 ₸)"
100000003843844100,peripheral,0.9,4,0.4632,"Признаков роли не выявлено: вход 1 (17 тыс ₸), выход 1 (238 тыс ₸)"
100000000954884100,peripheral,0.9,31,0.312,"Признаков роли не выявлено: вход 1 (34 тыс ₸), выход 0 (0 ₸)"
100000005893892100,peripheral,0.9,6,0.3453,"Признаков роли не выявлено: вход 1 (103 тыс ₸), выход 0 (0 ₸)"
100000001819396100,peripheral,0.9,26,0.4256,"Признаков роли не выявлено: вход 1 (166 тыс ₸), выход 0 (0 ₸)"
100000008472324100,terminal,0.9,6,0.5331,"Конечный получатель: 205 тыс ₸ от 1 плательщиков, исходящих нет (колено 3)"
100000002646745100,peripheral,0.9,7,0.0936,"Признаков роли не выявлено: вход 1 (12 тыс ₸), выход 0 (0 ₸)"
100000008405209100,peripheral,0.9,4,0.3242,"Признаков роли не выявлено: вход 1 (54 тыс ₸), выход 0 (0 ₸)"
100000004417753100,terminal,0.89,10,0.5823,"Конечный получатель: 192 тыс ₸ от 2 плательщиков, исходящих нет (колено 3)"
100000003457710100,peripheral,0.9,6,0.5348,"Признаков роли не выявлено: вход 1 (327 тыс ₸), выход 1 (1,3 млн ₸)"
100000007333038100,peripheral,0.9,11,0.2352,"Признаков роли не выявлено: вход 1 (18 тыс ₸), выход 2 (35 тыс ₸)"
100000006444163100,peripheral,0.9,4,0.2262,"Признаков роли не выявлено: вход 1 (6 тыс ₸), выход 0 (0 ₸)"
100000008706947100,peripheral,0.9,7,0.1161,"Признаков роли не выявлено: вход 1 (17 тыс ₸), выход 0 (0 ₸)"
100000008761219100,peripheral,0.8,3,0.5848,"Признаков роли не выявлено: вход 2 (50 тыс ₸), выход 2 (375 тыс ₸)"
100000005022552100,terminal,0.913,2,0.5945,"Конечный получатель: 241 тыс ₸ от 1 плательщиков, дальше уходит 2% (колено 3)"
100000008735832100,peripheral,0.9,7,0.1186,"Признаков роли не выявлено: вход 1 (18 тыс ₸), выход 0 (0 ₸)"
100000005661528100,peripheral,0.9,17,0.2543,"Признаков роли не выявлено: вход 1 (25 тыс ₸), выход 0 (0 ₸)"
100000002529880100,terminal,0.865,3,0.6019,"Конечный получатель: 147 тыс ₸ от 2 плательщиков, исходящих нет (колено 3)"
100000001969496100,peripheral,0.9,14,0.2487,"Признаков роли не выявлено: вход 1 (23 тыс ₸), выход 0 (0 ₸)"
100000003215448100,peripheral,0.9,1,0.4842,"Признаков роли не выявлено: вход 1 (91 тыс ₸), выход 2 (124 тыс ₸)"
100000006894637100,peripheral,0.9,1,0.3081,"Признаков роли не выявлено: вход 1 (53 тыс ₸), выход 0 (0 ₸)"
100000002936322100,terminal,0.982,21,0.6585,"Конечный получатель: 787 тыс ₸ от 2 плательщиков, исходящих нет (колено 3)"
100000005061890100,peripheral,0.9,4,0.4185,"Признаков роли не выявлено: вход 1 (90 тыс ₸), выход 0 (0 ₸)"
100000004017410100,peripheral,0.75,22,0.6157,"Признаков роли не выявлено: вход 2 (194 тыс ₸), выход 5 (1,3 млн ₸)"
100000002983426100,peripheral,0.9,9,0.382,"Признаков роли не выявлено: вход 1 (89 тыс ₸), выход 0 (0 ₸)"
100000005530114100,terminal,0.857,4,0.6252,"Конечный получатель: 137 тыс ₸ от 2 плательщиков, дальше уходит 18% (колено 3)"
100000001169666100,terminal,0.904,15,0.7283,"Конечный получатель: 220 тыс ₸ от 1 плательщиков, дальше уходит 11% (колено 3)"
100000001784279100,peripheral,0.9,1,0.2704,"Признаков роли не выявлено: вход 1 (36 тыс ₸), выход 0 (0 ₸)"
100000008744364100,peripheral,0.9,7,0.1448,"Признаков роли не выявлено: вход 1 (24 тыс ₸), выход 0 (0 ₸)"
100000008714412100,peripheral,0.9,15,0.5066,"Признаков роли не выявлено: вход 1 (169 тыс ₸), выход 0 (0 ₸)"
100000007754369100,peripheral,0.9,1,0.3419,"Признаков роли не выявлено: вход 1 (82 тыс ₸), выход 0 (0 ₸)"
100000003122817100,terminal,0.955,26,0.6382,"Конечный получатель: 445 тыс ₸ от 1 плательщиков, исходящих нет (колено 3)"
100000003711830100,peripheral,0.9,1,0.3191,"Признаков роли не выявлено: вход 1 (50 тыс ₸), выход 0 (0 ₸)"
100000001110358100,terminal,0.699,1,0.3774,"Конечный получатель: 32 тыс ₸ от 2 плательщиков, исходящих нет (колено 3)"
100000006530134100,terminal,0.864,6,0.5184,"Конечный получатель: 145 тыс ₸ от 2 плательщиков, исходящих нет (колено 3)"
100000001639766100,peripheral,0.9,20,0.2252,"Признаков роли не выявлено: вход 1 (20 тыс ₸), выход 0 (0 ₸)"
100000003242795100,peripheral,0.9,6,0.35,"Признаков роли не выявлено: вход 1 (111 тыс ₸), выход 0 (0 ₸)"
100000004970752100,peripheral,0.9,10,0.2861,"Признаков роли не выявлено: вход 1 (10 тыс ₸), выход 0 (0 ₸)"
100000004564736100,peripheral,0.9,23,0.2744,"Признаков роли не выявлено: вход 1 (15 тыс ₸), выход 0 (0 ₸)"
100000005873152100,peripheral,0.9,13,0.4625,"Признаков роли не выявлено: вход 1 (10 тыс ₸), выход 1 (10 тыс ₸)"
100000001637376100,peripheral,0.9,6,0.4658,"Признаков роли не выявлено: вход 1 (117 тыс ₸), выход 1 (234 тыс ₸)"
100000006710485100,peripheral,0.9,7,0.1291,"Признаков роли не выявлено: вход 1 (20 тыс ₸), выход 0 (0 ₸)"
100000003582677100,peripheral,0.8,8,0.4127,"Признаков роли не выявлено: вход 2 (30 тыс ₸), выход 4 (56 тыс ₸)"
100000008713685100,peripheral,0.9,7,0.2136,"Признаков роли не выявлено: вход 1 (50 тыс ₸), выход 0 (0 ₸)"
100000008070101100,peripheral,0.9,3,0.4295,"Признаков роли не выявлено: вход 1 (100 тыс ₸), выход 0 (0 ₸)"
100000004475818100,peripheral,0.85,4,0.4208,"Признаков роли не выявлено: вход 1 (13 тыс ₸), выход 3 (54 тыс ₸)"
100000007197866100,peripheral,0.9,1,0.3262,"Признаков роли не выявлено: вход 1 (20 тыс ₸), выход 1 (15 тыс ₸)"
100000006965162100,peripheral,0.9,22,0.2306,"Признаков роли не выявлено: вход 1 (10 тыс ₸), выход 0 (0 ₸)"
100000005995391100,peripheral,0.9,7,0.1161,"Признаков роли не выявлено: вход 1 (17 тыс ₸), выход 0 (0 ₸)"
100000003834495100,terminal,0.974,1,0.7271,"Конечный получатель: 602 тыс ₸ от 3 плательщиков, дальше уходит 3% (колено 3)"
100000001223977100,peripheral,0.9,8,0.4371,"Признаков роли не выявлено: вход 1 (5 тыс ₸), выход 1 (18 тыс ₸)"
100000001046057100,peripheral,0.9,29,0.3773,"Признаков роли не выявлено: вход 1 (83 тыс ₸), выход 0 (0 ₸)"
100000002989353100,peripheral,0.9,11,0.4215,"Признаков роли не выявлено: вход 1 (500 тыс ₸), выход 2 (321 тыс ₸)"
100000006714366100,peripheral,0.9,4,0.2653,"Признаков роли не выявлено: вход 1 (10 тыс ₸), выход 1 (5 тыс ₸)"
100000001063678100,peripheral,0.9,23,0.4702,"Признаков роли не выявлено: вход 1 (35 тыс ₸), выход 2 (90 тыс ₸)"
100000004889043100,terminal,0.922,10,0.5654,"Конечный получатель: 272 тыс ₸ от 2 плательщиков, исходящих нет (колено 3)"
100000002984403100,peripheral,0.9,25,0.3946,"Признаков роли не выявлено: вход 1 (20 тыс ₸), выход 1 (25 тыс ₸)"
100000003951827100,peripheral,0.9,4,0.283,"Признаков роли не выявлено: вход 1 (9 тыс ₸), выход 2 (17 тыс ₸)"
100000000933075100,peripheral,0.9,12,0.5662,"Признаков роли не выявлено: вход 1 (40 тыс ₸), выход 2 (55 тыс ₸)"
100000008502995100,peripheral,0.9,19,0.3414,"Признаков роли не выявлено: вход 1 (25 тыс ₸), выход 0 (0 ₸)"
100000008086440100,transit,0.511,1,0.6265,Признаки транзита: пропускает 81% полученного (200 тыс ₸)
100000008465789100,distributor,0.596,3,0.7781,"Веерное распределение: 16 получателей, 1,9 млн ₸, отдаёт в 61.7× больше видимого входа — есть внешние источники"
100000002550141100,peripheral,0.9,17,0.3849,"Признаков роли не выявлено: вход 1 (101 тыс ₸), выход 0 (0 ₸)"
100000008739887100,peripheral,0.8,1,0.5443,"Признаков роли не выявлено: вход 2 (214 тыс ₸), выход 2 (307 тыс ₸)"
100000008532050100,terminal,0.957,6,0.6018,"Конечный получатель: 455 тыс ₸ от 1 плательщиков, исходящих нет (колено 3)"
100000008422226100,peripheral,0.9,10,0.3388,"Признаков роли не выявлено: вход 1 (87 тыс ₸), выход 0 (0 ₸)"
100000002369874100,terminal,0.974,3,0.7322,"Конечный получатель: 600 тыс ₸ от 4 плательщиков, исходящих нет (колено 3)"
100000003321895100,peripheral,0.9,2,0.5388,"Признаков роли не выявлено: вход 1 (24 тыс ₸), выход 2 (554 тыс ₸)"
100000001875239100,terminal,0.978,3,0.7358,"Конечный получатель: 712 тыс ₸ от 3 плательщиков, исходящих нет (колено 3)"
100000002216999100,peripheral,0.9,7,0.1444,"Признаков роли не выявлено: вход 1 (24 тыс ₸), выход 0 (0 ₸)"
100000002653948100,peripheral,0.9,6,0.3264,"Признаков роли не выявлено: вход 1 (85 тыс ₸), выход 0 (0 ₸)"
100000008632060100,peripheral,0.55,4,0.4524,"Признаков роли не выявлено: вход 1 (6 тыс ₸), выход 9 (339 тыс ₸)"
100000008746449100,distributor,0.5,3,0.7154,"Веерное распределение: 10 получателей, 1,0 млн ₸, отдаёт в 100.9× больше видимого входа — есть внешние источники"
100000003031761100,terminal,0.958,21,0.5237,"Конечный получатель: 460 тыс ₸ от 1 плательщиков, исходящих нет (колено 3)"
100000008388049100,terminal,0.963,11,0.553,"Конечный получатель: 496 тыс ₸ от 1 плательщиков, исходящих нет (колено 3)"
100000002677201100,peripheral,0.9,3,0.5638,"Признаков роли не выявлено: вход 1 (150 тыс ₸), выход 1 (88 тыс ₸)"
100000002901457100,peripheral,0.85,1,0.5551,"Признаков роли не выявлено: вход 1 (340 тыс ₸), выход 3 (119 тыс ₸)"
100000001160401100,peripheral,0.9,4,0.328,"Признаков роли не выявлено: вход 1 (47 тыс ₸), выход 0 (0 ₸)"
100000002842321100,peripheral,0.9,6,0.3775,"Признаков роли не выявлено: вход 1 (160 тыс ₸), выход 0 (0 ₸)"
100000002547110100,consolidator,0.558,3,0.782,"Признаки консолидации: получает от 6 разных плательщиков, 1,5 млн ₸, отдаёт дальше 0% полученного"
100000001600934100,peripheral,0.9,1,0.4849,"Признаков роли не выявлено: вход 1 (180 тыс ₸), выход 1 (11 тыс ₸)"
100000002818726100,peripheral,0.9,4,0.1978,"Признаков роли не выявлено: вход 1 (11 тыс ₸), выход 0 (0 ₸)"
100000008712827100,peripheral,0.9,7,0.2521,"Признаков роли не выявлено: вход 1 (76 тыс ₸), выход 0 (0 ₸)"
100000008259451100,peripheral,0.9,14,0.3386,"Признаков роли не выявлено: вход 1 (55 тыс ₸), выход 0 (0 ₸)"
100000003060517100,terminal,0.933,6,0.6115,"Конечный получатель: 316 тыс ₸ от 1 плательщиков, исходящих нет (колено 3)"
100000002621434100,peripheral,0.9,3,0.4189,"Признаков роли не выявлено: вход 1 (81 тыс ₸), выход 0 (0 ₸)"
100000001860090100,peripheral,0.9,20,0.1402,"Признаков роли не выявлено: вход 1 (5 тыс ₸), выход 0 (0 ₸)"
100000004689658100,terminal,0.958,17,0.6955,"Конечный получатель: 456 тыс ₸ от 1 плательщиков, дальше уходит 2% (колено 3)"
100000003486970100,peripheral,0.9,6,0.371,"Признаков роли не выявлено: вход 1 (150 тыс ₸), выход 0 (0 ₸)"
100000004659919100,peripheral,0.9,8,0.622,"Признаков роли не выявлено: вход 1 (110 тыс ₸), выход 1 (39 тыс ₸)"
100000006111439100,peripheral,0.7,4,0.3991,"Признаков роли не выявлено: вход 3 (21 тыс ₸), выход 4 (24 тыс ₸)"
100000002521039100,terminal,0.939,10,0.5903,"Конечный получатель: 349 тыс ₸ от 1 плательщиков, исходящих нет (колено 3)"
100000008493007100,peripheral,0.9,7,0.2573,"Признаков роли не выявлено: вход 1 (26 тыс ₸), выход 1 (26 тыс ₸)"
100000007793871100,peripheral,0.9,9,0.4161,"Признаков роли не выявлено: вход 1 (26 тыс ₸), выход 0 (0 ₸)"
100000001650895100,peripheral,0.9,15,0.5601,"Признаков роли не выявлено: вход 1 (154 тыс ₸), выход 1 (10 тыс ₸)"
100000002567887100,peripheral,0.9,6,0.29,"Признаков роли не выявлено: вход 1 (51 тыс ₸), выход 0 (0 ₸)"
100000008055972100,peripheral,0.9,7,0.1626,"Признаков роли не выявлено: вход 1 (28 тыс ₸), выход 0 (0 ₸)"
100000008684452100,peripheral,0.9,7,0.2215,"Признаков роли не выявлено: вход 1 (52 тыс ₸), выход 0 (0 ₸)"
100000000764836100,terminal,0.917,1,0.6618,"Конечный получатель: 252 тыс ₸ от 1 плательщиков, дальше уходит 20% (колено 3)"
100000003072676100,peripheral,0.9,6,0.2807,"Признаков роли не выявлено: вход 1 (32 тыс ₸), выход 0 (0 ₸)"
100000008757369100,peripheral,0.9,1,0.3748,"Признаков роли не выявлено: вход 1 (26 тыс ₸), выход 1 (58 тыс ₸)"
100000007618425100,peripheral,0.9,6,0.2984,"Признаков роли не выявлено: вход 1 (39 тыс ₸), выход 0 (0 ₸)"
100000004671609100,peripheral,0.9,3,0.4635,"Признаков роли не выявлено: вход 1 (100 тыс ₸), выход 0 (0 ₸)"
100000004676985100,peripheral,0.9,10,0.3565,"Признаков роли не выявлено: вход 1 (32 тыс ₸), выход 1 (27 тыс ₸)"
100000002531406100,transit,0.742,21,0.6056,Признаки транзита: пропускает 96% полученного (520 тыс ₸)
100000002877262100,peripheral,0.9,3,0.4457,"Признаков роли не выявлено: вход 1 (100 тыс ₸), выход 0 (0 ₸)"
100000007591246100,peripheral,0.9,2,0.4316,"Признаков роли не выявлено: вход 1 (12 тыс ₸), выход 1 (120 тыс ₸)"
100000008712184100,peripheral,0.9,7,0.1209,"Признаков роли не выявлено: вход 1 (18 тыс ₸), выход 0 (0 ₸)"
100000002975437100,terminal,0.968,28,0.6614,"Конечный получатель: 530 тыс ₸ от 1 плательщиков, дальше уходит 2% (колено 3)"
100000005008589100,peripheral,0.9,4,0.3181,"Признаков роли не выявлено: вход 1 (43 тыс ₸), выход 0 (0 ₸)"
100000000782285100,peripheral,0.9,4,0.2275,"Признаков роли не выявлено: вход 1 (6 тыс ₸), выход 0 (0 ₸)"
100000005198498100,peripheral,0.9,7,0.164,"Признаков роли не выявлено: вход 1 (29 тыс ₸), выход 0 (0 ₸)"
100000008517538100,distributor,0.608,3,0.8111,"Веерное распределение: 17 получателей, 1,4 млн ₸, отдаёт в 9.3× больше видимого входа — есть внешние источники"
100000005756535100,peripheral,0.9,5,0.2175,"Признаков роли не выявлено: вход 1 (20 тыс ₸), выход 0 (0 ₸)"
100000004917367100,terminal,0.848,6,0.4974,"Конечный получатель: 120 тыс ₸ от 2 плательщиков, исходящих нет (колено 3)"
100000001222263100,peripheral,0.9,6,0.5499,"Признаков роли не выявлено: вход 1 (746 тыс ₸), выход 1 (420 тыс ₸)"
100000001149815100,peripheral,0.9,7,0.0919,"Признаков роли не выявлено: вход 1 (12 тыс ₸), выход 0 (0 ₸)"
100000006020215100,peripheral,0.9,4,0.4031,"Признаков роли не выявлено: вход 1 (30 тыс ₸), выход 2 (34 тыс ₸)"
100000000673868100,terminal,0.997,11,0.7836,"Конечный получатель: 2,0 млн ₸ от 1 плательщиков, дальше уходит 19% (колено 3)"
100000008749900100,peripheral,0.9,7,0.1154,"Признаков роли не выявлено: вход 1 (17 тыс ₸), выход 0 (0 ₸)"
100000002862113100,peripheral,0.9,14,0.3196,"Признаков роли не выявлено: вход 1 (47 тыс ₸), выход 0 (0 ₸)"
100000001066017100,peripheral,0.8,10,0.4825,"Признаков роли не выявлено: вход 2 (136 тыс ₸), выход 4 (82 тыс ₸)"
100000008436257100,terminal,0.707,4,0.3883,"Конечный получатель: 35 тыс ₸ от 2 плательщиков, исходящих нет (колено 3)"
100000003016438100,peripheral,0.9,3,0.6089,"Признаков роли не выявлено: вход 1 (200 тыс ₸), выход 1 (300 тыс ₸)"
100000002534091100,peripheral,0.9,4,0.2598,"Признаков роли не выявлено: вход 1 (22 тыс ₸), выход 0 (0 ₸)"
100000006882208100,peripheral,0.9,2,0.3153,"Признаков роли не выявлено: вход 1 (18 тыс ₸), выход 0 (0 ₸)"
100000005362848100,peripheral,0.9,9,0.2804,"Признаков роли не выявлено: вход 1 (29 тыс ₸), выход 0 (0 ₸)"
100000001073568100,peripheral,0.9,14,0.578,"Признаков роли не выявлено: вход 1 (707 тыс ₸), выход 2 (220 тыс ₸)"
100000008687733100,peripheral,0.9,7,0.1018,"Признаков роли не выявлено: вход 1 (15 тыс ₸), выход 0 (0 ₸)"
100000007229557100,terminal,0.985,3,0.7564,"Конечный получатель: 878 тыс ₸ от 3 плательщиков, исходящих нет (колено 3)"
100000001052789100,peripheral,0.9,18,0.3463,"Признаков роли не выявлено: вход 1 (71 тыс ₸), выход 0 (0 ₸)"
100000006967370100,peripheral,0.9,6,0.3589,"Признаков роли не выявлено: вход 1 (33 тыс ₸), выход 1 (14 тыс ₸)"
100000001837130100,peripheral,0.9,1,0.4073,"Признаков роли не выявлено: вход 1 (173 тыс ₸), выход 0 (0 ₸)"
100000005820746100,terminal,0.996,12,0.6201,"Конечный получатель: 2,0 млн ₸ от 1 плательщиков, дальше уходит 3% (колено 3)"
100000002883402100,terminal,0.93,3,0.6786,"Конечный получатель: 300 тыс ₸ от 3 плательщиков, исходящих нет (колено 3)"
100000008582730100,peripheral,0.9,1,0.2891,"Признаков роли не выявлено: вход 1 (5 тыс ₸), выход 1 (5 тыс ₸)"
100000003116106100,terminal,0.962,6,0.6089,"Конечный получатель: 494 тыс ₸ от 1 плательщиков, исходящих нет (колено 3)"
100000001818442100,peripheral,0.9,9,0.315,"Признаков роли не выявлено: вход 1 (42 тыс ₸), выход 0 (0 ₸)"
100000008690762100,peripheral,0.9,7,0.1586,"Признаков роли не выявлено: вход 1 (27 тыс ₸), выход 0 (0 ₸)"
100000008712991100,peripheral,0.9,7,0.2418,"Признаков роли не выявлено: вход 1 (66 тыс ₸), выход 0 (0 ₸)"
100000003292191100,peripheral,0.9,3,0.4523,"Признаков роли не выявлено: вход 1 (112 тыс ₸), выход 0 (0 ₸)"
100000005367284100,peripheral,0.9,1,0.3739,"Признаков роли не выявлено: вход 1 (14 тыс ₸), выход 2 (48 тыс ₸)"
100000003216073100,peripheral,0.9,21,0.2935,"Признаков роли не выявлено: вход 1 (37 тыс ₸), выход 1 (70 тыс ₸)"
100000006169033100,peripheral,0.85,33,0.5859,"Признаков роли не выявлено: вход 1 (49 тыс ₸), выход 3 (1,1 млн ₸)"
100000004407753100,peripheral,0.9,22,0.5099,"Признаков роли не выявлено: вход 1 (250 тыс ₸), выход 1 (100 тыс ₸)"
100000004420041100,peripheral,0.65,12,0.5305,"Признаков роли не выявлено: вход 1 (70 тыс ₸), выход 7 (652 тыс ₸)"
100000004715209100,peripheral,0.75,29,0.4648,"Признаков роли не выявлено: вход 1 (5 тыс ₸), выход 5 (350 тыс ₸)"
100000004580254100,terminal,0.679,4,0.3902,"Конечный получатель: 28 тыс ₸ от 2 плательщиков, исходящих нет (колено 3)"
100000001056414100,terminal,0.916,11,0.4951,"Конечный получатель: 250 тыс ₸ от 1 плательщиков, исходящих нет (колено 3)"
100000008686494100,peripheral,0.9,7,0.1092,"Признаков роли не выявлено: вход 1 (16 тыс ₸), выход 0 (0 ₸)"
100000002822472100,terminal,0.92,11,0.653,"Конечный получатель: 267 тыс ₸ от 2 плательщиков, исходящих нет (колено 3)"
100000001831496100,peripheral,0.9,13,0.4319,"Признаков роли не выявлено: вход 1 (25 тыс ₸), выход 1 (373 тыс ₸)"
100000008732488100,peripheral,0.9,1,0.4638,"Признаков роли не выявлено: вход 1 (137 тыс ₸), выход 1 (10 тыс ₸)"
100000004007197100,peripheral,0.9,24,0.0895,"Признаков роли не выявлено: вход 1 (10 тыс ₸), выход 0 (0 ₸)"
100000002815005100,terminal,0.959,3,0.6951,"Конечный получатель: 476 тыс ₸ от 1 плательщиков, исходящих нет (колено 3)"
100000005756189100,peripheral,0.9,6,0.3964,"Признаков роли не выявлено: вход 1 (65 тыс ₸), выход 1 (49 тыс ₸)"
100000004877085100,peripheral,0.85,4,0.437,"Признаков роли не выявлено: вход 1 (25 тыс ₸), выход 3 (96 тыс ₸)"
100000002713074100,peripheral,0.8,6,0.574,"Признаков роли не выявлено: вход 2 (700 тыс ₸), выход 1 (430 тыс ₸)"
100000002356167100,terminal,0.93,6,0.6314,"Конечный получатель: 300 тыс ₸ от 1 плательщиков, дальше уходит 10% (колено 3)"
100000004140487100,distributor,0.5,4,0.6094,"Веерное распределение: 10 получателей, 263 тыс ₸, отдаёт в 10.7× больше видимого входа — есть внешние источники"
100000003147719100,peripheral,0.9,3,0.4401,"Признаков роли не выявлено: вход 1 (100 тыс ₸), выход 0 (0 ₸)"
100000008745884100,peripheral,0.9,7,0.1291,"Признаков роли не выявлено: вход 1 (20 тыс ₸), выход 0 (0 ₸)"
100000002559089100,terminal,0.978,3,0.7492,"Конечный получатель: 715 тыс ₸ от 2 плательщиков, исходящих нет (колено 3)"
100000004984689100,peripheral,0.9,1,0.3269,"Признаков роли не выявлено: вход 1 (53 тыс ₸), выход 0 (0 ₸)"
100000004340038100,peripheral,0.9,4,0.3631,"Признаков роли не выявлено: вход 1 (10 тыс ₸), выход 1 (49 тыс ₸)"
100000005052998100,peripheral,0.9,1,0.3118,"Признаков роли не выявлено: вход 1 (10 тыс ₸), выход 1 (28 тыс ₸)"
100000007597382100,peripheral,0.9,6,0.1988,"Признаков роли не выявлено: вход 1 (16 тыс ₸), выход 0 (0 ₸)"
100000008697670100,peripheral,0.9,7,0.1532,"Признаков роли не выявлено: вход 1 (25 тыс ₸), выход 0 (0 ₸)"
100000008460102100,distributor,0.731,11,0.5739,"Веерное распределение: 31 получателей, 477 тыс ₸, отдаёт в 27.2× больше видимого входа — есть внешние источники"
100000004399686100,terminal,0.983,12,0.588,"Конечный получатель: 806 тыс ₸ от 1 плательщиков, исходящих нет (колено 3)"
100000008688155100,peripheral,0.9,7,0.1434,"Признаков роли не выявлено: вход 1 (24 тыс ₸), выход 0 (0 ₸)"
100000004386331100,peripheral,0.9,12,0.5026,"Признаков роли не выявлено: вход 1 (20 тыс ₸), выход 2 (18 тыс ₸)"
100000007999728100,peripheral,0.9,14,0.2512,"Признаков роли не выявлено: вход 1 (23 тыс ₸), выход 0 (0 ₸)"
100000001597424100,peripheral,0.9,14,0.321,"Признаков роли не выявлено: вход 1 (48 тыс ₸), выход 0 (0 ₸)"
100000003677936100,peripheral,0.9,18,0.4219,"Признаков роли не выявлено: вход 1 (71 тыс ₸), выход 1 (13 тыс ₸)"
100000002943472100,peripheral,0.9,3,0.4884,"Признаков роли не выявлено: вход 1 (170 тыс ₸), выход 0 (0 ₸)"
100000004892144100,terminal,1.0,12,0.6654,"Конечный получатель: 4,5 млн ₸ от 2 плательщиков, дальше уходит 4% (колено 3)"
100000008077552100,terminal,0.902,1,0.5754,"Конечный получатель: 214 тыс ₸ от 1 плательщиков, исходящих нет (колено 3)"
100000002914245100,peripheral,0.9,21,0.2857,"Признаков роли не выявлено: вход 1 (141 тыс ₸), выход 0 (0 ₸)"
100000004906181100,peripheral,0.65,6,0.5225,"Признаков роли не выявлено: вход 1 (100 тыс ₸), выход 7 (2,5 млн ₸)"
100000008514970100,terminal,0.945,21,0.5586,"Конечный получатель: 380 тыс ₸ от 1 плательщиков, дальше уходит 8% (колено 3)"
100000008258458100,peripheral,0.9,2,0.5304,"Признаков роли не выявлено: вход 1 (19 тыс ₸), выход 2 (1,6 млн ₸)"
100000003484058100,peripheral,0.9,14,0.4554,"Признаков роли не выявлено: вход 1 (110 тыс ₸), выход 1 (6 тыс ₸)"
100000003574895100,peripheral,0.9,10,0.3348,"Признаков роли не выявлено: вход 1 (28 тыс ₸), выход 1 (20 тыс ₸)"
100000000896111100,terminal,0.927,12,0.5126,"Конечный получатель: 287 тыс ₸ от 1 плательщиков, исходящих нет (колено 3)"
100000008715887100,peripheral,0.9,7,0.1209,"Признаков роли не выявлено: вход 1 (18 тыс ₸), выход 0 (0 ₸)"
100000000560751100,peripheral,0.9,4,0.3335,"Признаков роли не выявлено: вход 1 (25 тыс ₸), выход 0 (0 ₸)"
100000008708207100,terminal,0.958,3,0.725,"Конечный получатель: 465 тыс ₸ от 2 плательщиков, исходящих нет (колено 3)"
100000003152964100,peripheral,0.9,1,0.4654,"Признаков роли не выявлено: вход 1 (142 тыс ₸), выход 1 (6 тыс ₸)"
100000004991812100,peripheral,0.9,23,0.2494,"Признаков роли не выявлено: вход 1 (10 тыс ₸), выход 0 (0 ₸)"
100000000291908100,terminal,0.928,38,0.699,"Конечный получатель: 296 тыс ₸ от 1 плательщиков, дальше уходит 5% (колено 3)"
100000003132484100,peripheral,0.9,16,0.3227,"Признаков роли не выявлено: вход 1 (90 тыс ₸), выход 0 (0 ₸)"
100000004077081100,peripheral,0.8,8,0.5115,"Признаков роли не выявлено: вход 1 (140 тыс ₸), выход 4 (615 тыс ₸)"
100000004770073100,peripheral,0.9,4,0.2406,"Признаков роли не выявлено: вход 1 (5 тыс ₸), выход 1 (5 тыс ₸)"
100000003163886100,terminal,0.964,19,0.7761,"Конечный получатель: 500 тыс ₸ от 1 плательщиков, исходящих нет (колено 3)"
100000000795374100,peripheral,0.9,1,0.3191,"Признаков роли не выявлено: вход 1 (50 тыс ₸), выход 0 (0 ₸)"
100000002391278100,peripheral,0.9,20,0.2992,"Признаков роли не выявлено: вход 1 (30 тыс ₸), выход 1 (53 тыс ₸)"
100000004635886100,peripheral,0.9,2,0.2512,"Признаков роли не выявлено: вход 1 (23 тыс ₸), выход 0 (0 ₸)"
100000000413678100,peripheral,0.8,17,0.5367,"Признаков роли не выявлено: вход 2 (306 тыс ₸), выход 3 (528 тыс ₸)"
100000008659950100,terminal,0.914,3,0.6555,"Конечный получатель: 246 тыс ₸ от 1 плательщиков, исходящих нет (колено 3)"
100000003964910100,terminal,0.987,4,0.6807,"Конечный получатель: 1,0 млн ₸ от 2 плательщиков, исходящих нет (колено 3)"
100000008764654100,peripheral,0.9,7,0.1558,"Признаков роли не выявлено: вход 1 (26 тыс ₸), выход 0 (0 ₸)"
100000005830339100,consolidator,0.5,1,0.7008,"Признаки консолидации: получает от 5 разных плательщиков, 476 тыс ₸, отдаёт дальше 71% полученного"
100000002032323100,peripheral,0.9,29,0.5833,"Признаков роли не выявлено: вход 1 (300 тыс ₸), выход 1 (1,1 млн ₸)"
100000008668099100,peripheral,0.9,7,0.1092,"Признаков роли не выявлено: вход 1 (16 тыс ₸), выход 0 (0 ₸)"
100000008634520100,peripheral,0.9,3,0.4338,"Признаков роли не выявлено: вход 1 (90 тыс ₸), выход 0 (0 ₸)"
100000002103448100,peripheral,0.9,7,0.16,"Признаков роли не выявлено: вход 1 (27 тыс ₸), выход 0 (0 ₸)"
100000005996909100,peripheral,0.9,2,0.222,"Признаков роли не выявлено: вход 1 (6 тыс ₸), выход 0 (0 ₸)"
100000007392365100,peripheral,0.7,10,0.5061,"Признаков роли не выявлено: вход 1 (10 тыс ₸), выход 6 (1,8 млн ₸)"
100000008279405100,terminal,0.909,1,0.5836,"Конечный получатель: 235 тыс ₸ от 1 плательщиков, исходящих нет (колено 3)"
100000008343874100,peripheral,0.8,21,0.5236,"Признаков роли не выявлено: вход 2 (284 тыс ₸), выход 2 (176 тыс ₸)"
100000002548759100,terminal,0.944,3,0.6884,"Конечный получатель: 375 тыс ₸ от 2 плательщиков, исходящих нет (колено 3)"
100000003069463100,peripheral,0.9,26,0.3061,"Признаков роли не выявлено: вход 1 (12 тыс ₸), выход 1 (18 тыс ₸)"
100000008474391100,peripheral,0.9,23,0.2992,"Признаков роли не выявлено: вход 1 (20 тыс ₸), выход 0 (0 ₸)"
100000003097324100,terminal,0.927,3,0.6854,"Конечный получатель: 294 тыс ₸ от 2 плательщиков, исходящих нет (колено 3)"
100000001852140100,peripheral,0.9,43,0.2604,"Признаков роли не выявлено: вход 1 (30 тыс ₸), выход 0 (0 ₸)"
100000003293377100,peripheral,0.9,6,0.2869,"Признаков роли не выявлено: вход 1 (50 тыс ₸), выход 0 (0 ₸)"
100000006048193100,peripheral,0.9,1,0.3055,"Признаков роли не выявлено: вход 1 (42 тыс ₸), выход 0 (0 ₸)"
100000002435265100,peripheral,0.9,10,0.3732,"Признаков роли не выявлено: вход 1 (133 тыс ₸), выход 0 (0 ₸)"
100000004587414100,terminal,0.968,6,0.6277,"Конечный получатель: 534 тыс ₸ от 2 плательщиков, исходящих нет (колено 3)"
100000001726614100,peripheral,0.9,1,0.3858,"Признаков роли не выявлено: вход 1 (139 тыс ₸), выход 0 (0 ₸)"
100000003934614100,peripheral,0.8,22,0.3433,"Признаков роли не выявлено: вход 2 (17 тыс ₸), выход 1 (12 тыс ₸)"
100000008772246100,peripheral,0.9,7,0.2019,"Признаков роли не выявлено: вход 1 (44 тыс ₸), выход 0 (0 ₸)"
100000002603371100,peripheral,0.9,4,0.1865,"Признаков роли не выявлено: вход 1 (9 тыс ₸), выход 0 (0 ₸)"
100000004445291100,peripheral,0.9,25,0.2742,"Признаков роли не выявлено: вход 1 (20 тыс ₸), выход 0 (0 ₸)"
100000008571243100,peripheral,0.9,15,0.4862,"Признаков роли не выявлено: вход 1 (134 тыс ₸), выход 0 (0 ₸)"
100000001138283100,peripheral,0.9,1,0.4441,"Признаков роли не выявлено: вход 1 (82 тыс ₸), выход 2 (50 тыс ₸)"
100000002593344100,terminal,0.953,3,0.7191,"Конечный получатель: 431 тыс ₸ от 2 плательщиков, исходящих нет (колено 3)"
100000007390016100,peripheral,0.9,6,0.5497,"Признаков роли не выявлено: вход 1 (511 тыс ₸), выход 1 (346 тыс ₸)"
100000001285440100,terminal,0.913,3,0.6713,"Конечный получатель: 243 тыс ₸ от 2 плательщиков, исходящих нет (колено 3)"
100000006746688100,peripheral,0.9,7,0.1958,"Признаков роли не выявлено: вход 1 (41 тыс ₸), выход 0 (0 ₸)"
100000006471232100,peripheral,0.9,7,0.1975,"Признаков роли не выявлено: вход 1 (42 тыс ₸), выход 0 (0 ₸)"
100000008662805100,peripheral,0.9,7,0.1131,"Признаков роли не выявлено: вход 1 (16 тыс ₸), выход 0 (0 ₸)"
100000004292885100,peripheral,0.9,7,0.2889,"Признаков роли не выявлено: вход 1 (113 тыс ₸), выход 0 (0 ₸)"
100000008190442100,peripheral,0.9,7,0.0962,"Признаков роли не выявлено: вход 1 (13 тыс ₸), выход 0 (0 ₸)"
100000007131370100,peripheral,0.9,2,0.4104,"Признаков роли не выявлено: вход 1 (30 тыс ₸), выход 1 (30 тыс ₸)"
100000008717802100,peripheral,0.9,7,0.1558,"Признаков роли не выявлено: вход 1 (26 тыс ₸), выход 0 (0 ₸)"
100000005357034100,peripheral,0.9,10,0.1718,"Признаков роли не выявлено: вход 1 (10 тыс ₸), выход 0 (0 ₸)"
100000005532138100,peripheral,0.9,18,0.265,"Признаков роли не выявлено: вход 1 (25 тыс ₸), выход 0 (0 ₸)"
100000005264874100,peripheral,0.9,32,0.3714,"Признаков роли не выявлено: вход 1 (30 тыс ₸), выход 2 (78 тыс ₸)"
100000008193258100,peripheral,0.9,4,0.4249,"Признаков роли не выявлено: вход 1 (75 тыс ₸), выход 1 (30 тыс ₸)"
100000003190207100,peripheral,0.9,16,0.5691,"Признаков роли не выявлено: вход 1 (5 тыс ₸), выход 1 (377 тыс ₸)"
100000004321983100,peripheral,0.9,20,0.2457,"Признаков роли не выявлено: вход 1 (11 тыс ₸), выход 2 (36 тыс ₸)"
100000002633108100,terminal,0.934,14,0.615,"Конечный получатель: 320 тыс ₸ от 1 плательщиков, исходящих нет (колено 3)"
100000005941908100,peripheral,0.9,14,0.3573,"Признаков роли не выявлено: вход 1 (10 тыс ₸), выход 0 (0 ₸)"
100000001835625100,peripheral,0.9,6,0.3159,"Признаков роли не выявлено: вход 1 (75 тыс ₸), выход 0 (0 ₸)"
100000008671081100,peripheral,0.9,7,0.1879,"Признаков роли не выявлено: вход 1 (37 тыс ₸), выход 0 (0 ₸)"
100000002908521100,peripheral,0.9,7,0.2019,"Признаков роли не выявлено: вход 1 (44 тыс ₸), выход 0 (0 ₸)"
100000000749118100,peripheral,0.9,10,0.2914,"Признаков роли не выявлено: вход 1 (10 тыс ₸), выход 1 (16 тыс ₸)"
100000008652094100,peripheral,0.9,10,0.2626,"Признаков роли не выявлено: вход 1 (35 тыс ₸), выход 0 (0 ₸)"
100000007647294100,terminal,0.946,31,0.6507,"Конечный получатель: 385 тыс ₸ от 1 плательщиков, исходящих нет (колено 3)"
100000003270419100,peripheral,0.9,30,0.5651,"Признаков роли не выявлено: вход 1 (150 тыс ₸), выход 0 (0 ₸)"
100000003050771100,terminal,0.906,4,0.5908,"Конечный получатель: 229 тыс ₸ от 1 плательщиков, исходящих нет (колено 3)"
100000008427027100,terminal,0.93,8,0.7348,"Конечный получатель: 300 тыс ₸ от 1 плательщиков, исходящих нет (колено 3)"
100000004291560100,peripheral,0.9,10,0.2857,"Признаков роли не выявлено: вход 1 (47 тыс ₸), выход 0 (0 ₸)"
100000003594472100,peripheral,0.9,28,0.2475,"Признаков роли не выявлено: вход 1 (20 тыс ₸), выход 0 (0 ₸)"
100000002575080100,peripheral,0.9,2,0.3887,"Признаков роли не выявлено: вход 1 (13 тыс ₸), выход 1 (12 тыс ₸)"
100000008038077100,terminal,0.963,6,0.6102,"Конечный получатель: 500 тыс ₸ от 1 плательщиков, исходящих нет (колено 3)"
100000003899325100,peripheral,0.9,17,0.3231,"Признаков роли не выявлено: вход 1 (50 тыс ₸), выход 0 (0 ₸)"
100000001155773100,peripheral,0.9,7,0.1373,"Признаков роли не выявлено: вход 1 (22 тыс ₸), выход 0 (0 ₸)"
100000000611474100,peripheral,0.9,23,0.3574,"Признаков роли не выявлено: вход 1 (32 тыс ₸), выход 0 (0 ₸)"
100000006704530100,transit,0.725,26,0.7282,Признаки транзита: пропускает 95% полученного (450 тыс ₸)
100000003996562100,peripheral,0.9,4,0.2346,"Признаков роли не выявлено: вход 1 (8 тыс ₸), выход 0 (0 ₸)"
100000002646887100,peripheral,0.9,29,0.264,"Признаков роли не выявлено: вход 1 (24 тыс ₸), выход 0 (0 ₸)"
100000002556775100,terminal,0.93,6,0.5661,"Конечный получатель: 300 тыс ₸ от 1 плательщиков, исходящих нет (колено 3)"
100000002722108100,terminal,0.982,11,0.582,"Конечный получатель: 800 тыс ₸ от 1 плательщиков, исходящих нет (колено 3)"
100000002737980100,peripheral,0.9,2,0.2886,"Признаков роли не выявлено: вход 1 (33 тыс ₸), выход 0 (0 ₸)"
100000002913340100,peripheral,0.9,7,0.1434,"Признаков роли не выявлено: вход 1 (24 тыс ₸), выход 0 (0 ₸)"
100000003610172100,peripheral,0.9,6,0.3116,"Признаков роли не выявлено: вход 1 (70 тыс ₸), выход 0 (0 ₸)"
100000001052945100,peripheral,0.85,14,0.5542,"Признаков роли не выявлено: вход 1 (57 тыс ₸), выход 3 (1,6 млн ₸)"
100000002369510100,peripheral,0.9,7,0.1876,"Признаков роли не выявлено: вход 1 (37 тыс ₸), выход 0 (0 ₸)"
100000001954534100,peripheral,0.9,1,0.4199,"Признаков роли не выявлено: вход 1 (13 тыс ₸), выход 1 (40 тыс ₸)"
100000008488166100,peripheral,0.9,7,0.0661,"Признаков роли не выявлено: вход 1 (6 тыс ₸), выход 0 (0 ₸)"
100000005100475100,peripheral,0.9,20,0.239,"Признаков роли не выявлено: вход 1 (40 тыс ₸), выход 0 (0 ₸)"
100000002708624100,peripheral,0.9,25,0.2992,"Признаков роли не выявлено: вход 1 (25 тыс ₸), выход 0 (0 ₸)"
100000004591973100,peripheral,0.9,12,0.5674,"Признаков роли не выявлено: вход 1 (10 тыс ₸), выход 1 (100 тыс ₸)"
100000000802149100,peripheral,0.9,1,0.3665,"Признаков роли не выявлено: вход 1 (104 тыс ₸), выход 0 (0 ₸)"
100000003095610100,peripheral,0.9,9,0.259,"Признаков роли не выявлено: вход 1 (24 тыс ₸), выход 0 (0 ₸)"
100000004183610100,peripheral,0.9,17,0.562,"Признаков роли не выявлено: вход 1 (22 тыс ₸), выход 1 (915 тыс ₸)"
100000005198906100,peripheral,0.9,6,0.4696,"Признаков роли не выявлено: вход 1 (228 тыс ₸), выход 1 (60 тыс ₸)"
100000008599354100,peripheral,0.9,1,0.4901,"Признаков роли не выявлено: вход 1 (177 тыс ₸), выход 1 (38 тыс ₸)"
100000001303311100,consolidator,0.5,3,0.7665,"Признаки консолидации: получает от 5 разных плательщиков, 1,3 млн ₸, отдаёт дальше 0% полученного"
100000008776420100,peripheral,0.9,7,0.2449,"Признаков роли не выявлено: вход 1 (70 тыс ₸), выход 0 (0 ₸)"
100000004737764100,terminal,0.974,8,0.6806,"Конечный получатель: 600 тыс ₸ от 1 плательщиков, исходящих нет (колено 3)"
100000003154105100,peripheral,0.65,19,0.5639,"Признаков роли не выявлено: вход 1 (60 тыс ₸), выход 7 (338 тыс ₸)"
100000008708025100,peripheral,0.9,22,0.2306,"Признаков роли не выявлено: вход 1 (10 тыс ₸), выход 0 (0 ₸)"
100000008740793100,peripheral,0.9,7,0.1356,"Признаков роли не выявлено: вход 1 (21 тыс ₸), выход 0 (0 ₸)"
100000008459449100,peripheral,0.9,1,0.3337,"Признаков роли не выявлено: вход 1 (54 тыс ₸), выход 0 (0 ₸)"
100000008677518100,peripheral,0.9,7,0.2119,"Признаков роли не выявлено: вход 1 (49 тыс ₸), выход 0 (0 ₸)"
100000002212494100,peripheral,0.9,28,0.4319,"Признаков роли не выявлено: вход 1 (160 тыс ₸), выход 0 (0 ₸)"
100000001825934100,peripheral,0.9,32,0.3866,"Признаков роли не выявлено: вход 1 (40 тыс ₸), выход 1 (97 тыс ₸)"
100000003736419100,peripheral,0.9,1,0.3312,"Признаков роли не выявлено: вход 1 (23 тыс ₸), выход 1 (10 тыс ₸)"
100000008430691100,peripheral,0.9,2,0.5294,"Признаков роли не выявлено: вход 1 (20 тыс ₸), выход 2 (605 тыс ₸)"
100000003073635100,peripheral,0.9,1,0.4001,"Признаков роли не выявлено: вход 1 (129 тыс ₸), выход 0 (0 ₸)"
100000001686328100,peripheral,0.9,3,0.4965,"Признаков роли не выявлено: вход 1 (140 тыс ₸), выход 0 (0 ₸)"
100000008707810100,peripheral,0.9,7,0.1571,"Признаков роли не выявлено: вход 1 (26 тыс ₸), выход 0 (0 ₸)"
100000001236706100,peripheral,0.7,1,0.5253,"Признаков роли не выявлено: вход 3 (143 тыс ₸), выход 2 (36 тыс ₸)"
100000008536546100,terminal,0.916,3,0.6537,"Конечный получатель: 250 тыс ₸ от 2 плательщиков, исходящих нет (колено 3)"
100000007140834100,peripheral,0.9,10,0.2898,"Признаков роли не выявлено: вход 1 (10 тыс ₸), выход 0 (0 ₸)"
100000007022818100,peripheral,0.9,7,0.1161,"Признаков роли не выявлено: вход 1 (17 тыс ₸), выход 0 (0 ₸)"
100000007484343100,terminal,0.676,10,0.3439,"Конечный получатель: 27 тыс ₸ от 2 плательщиков, исходящих нет (колено 3)"
100000001379511100,peripheral,0.9,29,0.3456,"Признаков роли не выявлено: вход 1 (55 тыс ₸), выход 0 (0 ₸)"
100000004569484100,peripheral,0.8,9,0.5142,"Признаков роли не выявлено: вход 2 (98 тыс ₸), выход 4 (156 тыс ₸)"
100000002948492100,peripheral,0.9,14,0.2528,"Признаков роли не выявлено: вход 1 (24 тыс ₸), выход 0 (0 ₸)"
100000002116705100,peripheral,0.9,7,0.1186,"Признаков роли не выявлено: вход 1 (18 тыс ₸), выход 0 (0 ₸)"
100000002481974100,peripheral,0.8,17,0.5308,"Признаков роли не выявлено: вход 2 (89 тыс ₸), выход 2 (318 тыс ₸)"
100000003920950100,terminal,0.934,18,0.6178,"Конечный получатель: 323 тыс ₸ от 1 плательщиков, исходящих нет (колено 3)"
100000000733451100,peripheral,0.9,30,0.6627,"Признаков роли не выявлено: вход 1 (70 тыс ₸), выход 1 (300 тыс ₸)"
100000005182219100,terminal,0.769,33,0.4773,"Конечный получатель: 55 тыс ₸ от 2 плательщиков, исходящих нет (колено 3)"
100000008633099100,peripheral,0.9,18,0.3315,"Признаков роли не выявлено: вход 1 (19 тыс ₸), выход 1 (14 тыс ₸)"
100000001380107100,peripheral,0.9,19,0.2871,"Признаков роли не выявлено: вход 1 (6 тыс ₸), выход 0 (0 ₸)"
100000008755168100,peripheral,0.9,7,0.1186,"Признаков роли не выявлено: вход 1 (18 тыс ₸), выход 0 (0 ₸)"
100000002628576100,peripheral,0.8,6,0.5536,"Признаков роли не выявлено: вход 2 (728 тыс ₸), выход 2 (539 тыс ₸)"
100000001611488100,terminal,0.981,6,0.6922,"Конечный получатель: 779 тыс ₸ от 2 плательщиков, исходящих нет (колено 3)"
100000005375968100,peripheral,0.9,10,0.4795,"Признаков роли не выявлено: вход 1 (170 тыс ₸), выход 2 (86 тыс ₸)"
100000003581109100,peripheral,0.9,10,0.276,"Признаков роли не выявлено: вход 1 (43 тыс ₸), выход 0 (0 ₸)"
100000002933386100,peripheral,0.9,1,0.4719,"Признаков роли не выявлено: вход 1 (15 тыс ₸), выход 1 (58 тыс ₸)"
100000002284426100,peripheral,0.9,6,0.3308,"Признаков роли не выявлено: вход 1 (90 тыс ₸), выход 0 (0 ₸)"
100000008579978100,peripheral,0.9,6,0.3909,"Признаков роли не выявлено: вход 1 (34 тыс ₸), выход 1 (77 тыс ₸)"
100000001549194100,peripheral,0.9,14,0.3164,"Признаков роли не выявлено: вход 1 (46 тыс ₸), выход 0 (0 ₸)"
100000001427082100,peripheral,0.75,19,0.4909,"Признаков роли не выявлено: вход 1 (5 тыс ₸), выход 5 (125 тыс ₸)"
100000004657034100,peripheral,0.9,6,0.3663,"Признаков роли не выявлено: вход 1 (141 тыс ₸), выход 0 (0 ₸)"
100000003796063100,distributor,0.583,4,0.7771,"Веерное распределение: 15 получателей, 959 тыс ₸, отдаёт в 27.4× больше видимого входа — есть внешние источники"
100000005268319100,peripheral,0.75,4,0.4228,"Признаков роли не выявлено: вход 1 (20 тыс ₸), выход 5 (91 тыс ₸)"
100000008744799100,peripheral,0.9,7,0.0947,"Признаков роли не выявлено: вход 1 (13 тыс ₸), выход 0 (0 ₸)"
100000008677215100,peripheral,0.9,23,0.2205,"Признаков роли не выявлено: вход 1 (9 тыс ₸), выход 0 (0 ₸)"
100000007593823100,distributor,0.554,4,0.6096,"Веерное распределение: 13 получателей, 163 тыс ₸, отдаёт в 6.5× больше видимого входа — есть внешние источники"
100000001282143100,consolidator,0.5,3,0.776,"Признаки консолидации: получает от 5 разных плательщиков, 1,7 млн ₸, отдаёт дальше 0% полученного"
100000008029279100,peripheral,0.9,1,0.2163,"Признаков роли не выявлено: вход 1 (17 тыс ₸), выход 0 (0 ₸)"
100000000594783100,terminal,0.998,12,0.6587,"Конечный получатель: 2,6 млн ₸ от 1 плательщиков, дальше уходит 6% (колено 3)"
100000002705460100,peripheral,0.9,2,0.428,"Признаков роли не выявлено: вход 1 (95 тыс ₸), выход 0 (0 ₸)"
100000002952756100,peripheral,0.9,9,0.258,"Признаков роли не выявлено: вход 1 (47 тыс ₸), выход 0 (0 ₸)"
100000004634420100,peripheral,0.9,7,0.1558,"Признаков роли не выявлено: вход 1 (26 тыс ₸), выход 0 (0 ₸)"
100000000583220100,peripheral,0.9,17,0.5216,"Признаков роли не выявлено: вход 1 (5 тыс ₸), выход 1 (761 тыс ₸)"
100000003286537100,terminal,0.87,3,0.601,"Конечный получатель: 153 тыс ₸ от 2 плательщиков, исходящих нет (колено 3)"
100000002958345100,terminal,0.933,11,0.5137,"Конечный получатель: 307 тыс ₸ от 1 плательщиков, исходящих нет (колено 3)"
100000005055454100,peripheral,0.9,27,0.1604,"Признаков роли не выявлено: вход 1 (6 тыс ₸), выход 0 (0 ₸)"
100000008738526100,peripheral,0.9,3,0.491,"Признаков роли не выявлено: вход 1 (15 тыс ₸), выход 1 (140 тыс ₸)"
100000001298099100,peripheral,0.9,9,0.2383,"Признаков роли не выявлено: вход 1 (19 тыс ₸), выход 0 (0 ₸)"
100000006491272100,peripheral,0.9,7,0.1571,"Признаков роли не выявлено: вход 1 (26 тыс ₸), выход 0 (0 ₸)"
100000000552584100,terminal,0.998,12,0.6575,"Конечный получатель: 2,5 млн ₸ от 1 плательщиков, дальше уходит 2% (колено 3)"
100000005187208100,peripheral,0.9,4,0.2481,"Признаков роли не выявлено: вход 1 (14 тыс ₸), выход 0 (0 ₸)"
100000003528285100,peripheral,0.6,10,0.5685,"Признаков роли не выявлено: вход 4 (119 тыс ₸), выход 4 (548 тыс ₸)"
100000001484381100,terminal,0.823,9,0.511,"Конечный получатель: 96 тыс ₸ от 2 плательщиков, исходящих нет (колено 3)"
100000002508637100,terminal,0.932,21,0.5387,"Конечный получатель: 306 тыс ₸ от 1 плательщиков, дальше уходит 3% (колено 3)"
100000003149149100,terminal,0.914,6,0.5487,"Конечный получатель: 245 тыс ₸ от 1 плательщиков, исходящих нет (колено 3)"
100000001538095100,terminal,0.924,3,0.6839,"Конечный получатель: 280 тыс ₸ от 2 плательщиков, исходящих нет (колено 3)"
100000008695133100,peripheral,0.9,7,0.1865,"Признаков роли не выявлено: вход 1 (37 тыс ₸), выход 0 (0 ₸)"
100000008749405100,peripheral,0.9,7,0.1876,"Признаков роли не выявлено: вход 1 (37 тыс ₸), выход 0 (0 ₸)"
100000005815602100,peripheral,0.9,2,0.5228,"Признаков роли не выявлено: вход 1 (20 тыс ₸), выход 1 (165 тыс ₸)"
100000006641671100,peripheral,0.8,4,0.4102,"Признаков роли не выявлено: вход 2 (22 тыс ₸), выход 1 (25 тыс ₸)"
100000002945031100,peripheral,0.9,4,0.217,"Признаков роли не выявлено: вход 1 (15 тыс ₸), выход 0 (0 ₸)"
100000003497735100,peripheral,0.9,18,0.3944,"Признаков роли не выявлено: вход 1 (125 тыс ₸), выход 0 (0 ₸)"
100000004644615100,peripheral,0.9,9,0.3903,"Признаков роли не выявлено: вход 1 (51 тыс ₸), выход 2 (380 тыс ₸)"
100000002755292100,terminal,0.899,6,0.5324,"Конечный получатель: 203 тыс ₸ от 1 плательщиков, исходящих нет (колено 3)"
100000005142492100,peripheral,0.9,20,0.4212,"Признаков роли не выявлено: вход 1 (10 тыс ₸), выход 1 (57 тыс ₸)"
100000002893020100,peripheral,0.9,9,0.2366,"Признаков роли не выявлено: вход 1 (18 тыс ₸), выход 0 (0 ₸)"
100000004500444100,peripheral,0.8,14,0.5231,"Признаков роли не выявлено: вход 2 (180 тыс ₸), выход 1 (74 тыс ₸)"
100000008454065100,peripheral,0.9,14,0.2559,"Признаков роли не выявлено: вход 1 (24 тыс ₸), выход 0 (0 ₸)"
100000008416433100,peripheral,0.9,14,0.2377,"Признаков роли не выявлено: вход 1 (20 тыс ₸), выход 0 (0 ₸)"
100000005265073100,peripheral,0.9,16,0.3569,"Признаков роли не выявлено: вход 1 (5 тыс ₸), выход 1 (9 тыс ₸)"
100000006734214100,consolidator,0.5,6,0.74,"Признаки консолидации: получает от 5 разных плательщиков, 610 тыс ₸, отдаёт дальше 6% полученного"
100000002611334100,peripheral,0.9,4,0.4033,"Признаков роли не выявлено: вход 1 (48 тыс ₸), выход 1 (16 тыс ₸)"
100000006225798100,terminal,0.979,6,0.7157,"Конечный получатель: 722 тыс ₸ от 3 плательщиков, дальше уходит 4% (колено 3)"
100000002849158100,peripheral,0.7,3,0.6606,"Признаков роли не выявлено: вход 3 (723 тыс ₸), выход 1 (1,3 млн ₸)"
100000008686214100,peripheral,0.9,4,0.2715,"Признаков роли не выявлено: вход 1 (25 тыс ₸), выход 0 (0 ₸)"
100000004931931100,peripheral,0.9,1,0.3817,"Признаков роли не выявлено: вход 1 (24 тыс ₸), выход 1 (45 тыс ₸)"
100000007510875100,peripheral,0.9,16,0.1353,"Признаков роли не выявлено: вход 1 (5 тыс ₸), выход 0 (0 ₸)"
100000005233755100,peripheral,0.9,6,0.3266,"Признаков роли не выявлено: вход 1 (25 тыс ₸), выход 1 (5 тыс ₸)"
100000008042075100,peripheral,0.9,12,0.0853,"Признаков роли не выявлено: вход 1 (5 тыс ₸), выход 0 (0 ₸)"
100000001680944100,terminal,0.947,3,0.7099,"Конечный получатель: 393 тыс ₸ от 1 плательщиков, исходящих нет (колено 3)"
100000008417029100,peripheral,0.9,3,0.4715,"Признаков роли не выявлено: вход 1 (100 тыс ₸), выход 0 (0 ₸)"
100000004975919100,peripheral,0.9,1,0.3408,"Признаков роли не выявлено: вход 1 (22 тыс ₸), выход 2 (15 тыс ₸)"
100000003087877100,peripheral,0.9,21,0.2518,"Признаков роли не выявлено: вход 1 (91 тыс ₸), выход 0 (0 ₸)"
100000008295429100,terminal,0.94,6,0.5795,"Конечный получатель: 352 тыс ₸ от 1 плательщиков, исходящих нет (колено 3)"
100000003254277100,peripheral,0.9,10,0.3891,"Признаков роли не выявлено: вход 1 (49 тыс ₸), выход 1 (45 тыс ₸)"
100000005314565100,terminal,0.903,4,0.5891,"Конечный получатель: 218 тыс ₸ от 1 плательщиков, исходящих нет (колено 3)"
100000002951898100,peripheral,0.9,14,0.3029,"Признаков роли не выявлено: вход 1 (40 тыс ₸), выход 0 (0 ₸)"
100000001009583100,terminal,0.947,6,0.5879,"Конечный получатель: 394 тыс ₸ от 1 плательщиков, исходящих нет (колено 3)"
100000004064431100,peripheral,0.9,24,0.2324,"Признаков роли не выявлено: вход 1 (26 тыс ₸), выход 1 (10 тыс ₸)"
100000001927599100,terminal,0.888,15,0.6543,"Конечный получатель: 188 тыс ₸ от 2 плательщиков, исходящих нет (колено 3)"
100000007737775100,peripheral,0.9,13,0.2838,"Признаков роли не выявлено: вход 1 (6 тыс ₸), выход 0 (0 ₸)"
100000003157679100,terminal,0.968,3,0.7365,"Конечный получатель: 541 тыс ₸ от 4 плательщиков, исходящих нет (колено 3)"
100000001229743100,peripheral,0.9,4,0.2626,"Признаков роли не выявлено: вход 1 (7 тыс ₸), выход 1 (9 тыс ₸)"
100000003795588100,terminal,0.949,1,0.6138,"Конечный получатель: 400 тыс ₸ от 1 плательщиков, исходящих нет (колено 3)"
100000002301828100,peripheral,0.9,4,0.3048,"Признаков роли не выявлено: вход 1 (47 тыс ₸), выход 0 (0 ₸)"
100000005409156100,terminal,0.918,6,0.608,"Конечный получатель: 260 тыс ₸ от 2 плательщиков, исходящих нет (колено 3)"
100000002513028100,peripheral,0.85,4,0.5102,"Признаков роли не выявлено: вход 1 (10 тыс ₸), выход 3 (333 тыс ₸)"
100000003218308100,peripheral,0.9,10,0.1832,"Признаков роли не выявлено: вход 1 (11 тыс ₸), выход 0 (0 ₸)"
100000008489604100,peripheral,0.9,7,0.0896,"Признаков роли не выявлено: вход 1 (11 тыс ₸), выход 0 (0 ₸)"
100000004450649100,peripheral,0.8,6,0.484,"Признаков роли не выявлено: вход 2 (193 тыс ₸), выход 2 (47 тыс ₸)"
100000008767065100,peripheral,0.9,3,0.2694,"Признаков роли не выявлено: вход 1 (10 тыс ₸), выход 0 (0 ₸)"
100000003035737100,terminal,0.983,17,0.7145,"Конечный получатель: 809 тыс ₸ от 2 плательщиков, дальше уходит 1% (колено 3)"
100000002748761100,terminal,0.982,11,0.5818,"Конечный получатель: 797 тыс ₸ от 1 плательщиков, исходящих нет (колено 3)"
100000008432942100,peripheral,0.9,10,0.279,"Признаков роли не выявлено: вход 1 (45 тыс ₸), выход 0 (0 ₸)"
100000004278574100,peripheral,0.9,6,0.3151,"Признаков роли не выявлено: вход 1 (25 тыс ₸), выход 1 (12 тыс ₸)"
100000000926766100,peripheral,0.9,25,0.2918,"Признаков роли не выявлено: вход 1 (19 тыс ₸), выход 1 (6 тыс ₸)"
100000008661550100,peripheral,0.9,7,0.1399,"Признаков роли не выявлено: вход 1 (23 тыс ₸), выход 0 (0 ₸)"
100000000783406100,peripheral,0.9,31,0.1827,"Признаков роли не выявлено: вход 1 (6 тыс ₸), выход 0 (0 ₸)"
100000008730371100,terminal,0.967,1,0.6782,"Конечный получатель: 520 тыс ₸ от 2 плательщиков, исходящих нет (колено 3)"
100000002878467100,terminal,0.896,3,0.6358,"Конечный получатель: 200 тыс ₸ от 2 плательщиков, исходящих нет (колено 3)"
100000003171587100,peripheral,0.8,21,0.5583,"Признаков роли не выявлено: вход 2 (700 тыс ₸), выход 2 (431 тыс ₸)"
100000002696152100,peripheral,0.9,13,0.5623,"Признаков роли не выявлено: вход 1 (22 тыс ₸), выход 2 (69 тыс ₸)"
100000002109656100,terminal,0.964,11,0.5545,"Конечный получатель: 500 тыс ₸ от 1 плательщиков, исходящих нет (колено 3)"
100000001317336100,peripheral,0.9,28,0.5833,"Признаков роли не выявлено: вход 1 (131 тыс ₸), выход 2 (1,8 млн ₸)"
100000005222360100,peripheral,0.9,14,0.4318,"Признаков роли не выявлено: вход 1 (5 тыс ₸), выход 1 (27 тыс ₸)"
100000001445848100,peripheral,0.9,31,0.542,"Признаков роли не выявлено: вход 1 (546 тыс ₸), выход 1 (352 тыс ₸)"
100000008720856100,peripheral,0.9,4,0.4163,"Признаков роли не выявлено: вход 1 (18 тыс ₸), выход 1 (46 тыс ₸)"
100000002448088100,peripheral,0.7,19,0.4147,"Признаков роли не выявлено: вход 3 (20 тыс ₸), выход 1 (25 тыс ₸)"
100000003109805100,peripheral,0.9,4,0.284,"Признаков роли не выявлено: вход 1 (37 тыс ₸), выход 0 (0 ₸)"
100000008223661100,peripheral,0.75,3,0.6114,"Признаков роли не выявлено: вход 2 (202 тыс ₸), выход 5 (263 тыс ₸)"
100000004096559100,peripheral,0.9,15,0.2916,"Признаков роли не выявлено: вход 1 (46 тыс ₸), выход 0 (0 ₸)"
100000002257794100,peripheral,0.9,24,0.3694,"Признаков роли не выявлено: вход 1 (154 тыс ₸), выход 0 (0 ₸)"
100000003112578100,peripheral,0.9,11,0.287,"Признаков роли не выявлено: вход 1 (101 тыс ₸), выход 0 (0 ₸)"
100000007020162100,peripheral,0.9,14,0.3734,"Признаков роли не выявлено: вход 1 (86 тыс ₸), выход 0 (0 ₸)"
100000001934935100,peripheral,0.9,10,0.3667,"Признаков роли не выявлено: вход 1 (119 тыс ₸), выход 0 (0 ₸)"
100000002663511100,terminal,0.921,1,0.5791,"Конечный получатель: 269 тыс ₸ от 1 плательщиков, исходящих нет (колено 3)"
100000003338583100,peripheral,0.9,24,0.1434,"Признаков роли не выявлено: вход 1 (22 тыс ₸), выход 0 (0 ₸)"
100000002904919100,peripheral,0.9,1,0.3764,"Признаков роли не выявлено: вход 1 (60 тыс ₸), выход 1 (6 тыс ₸)"
100000005127767100,peripheral,0.9,2,0.2518,"Признаков роли не выявлено: вход 1 (7 тыс ₸), выход 0 (0 ₸)"
100000004066647100,peripheral,0.9,18,0.3189,"Признаков роли не выявлено: вход 1 (51 тыс ₸), выход 0 (0 ₸)"
100000002394199100,peripheral,0.9,15,0.4211,"Признаков роли не выявлено: вход 1 (277 тыс ₸), выход 1 (77 тыс ₸)"
100000003968044100,peripheral,0.85,1,0.4921,"Признаков роли не выявлено: вход 1 (40 тыс ₸), выход 3 (311 тыс ₸)"
100000001808684100,peripheral,0.9,20,0.3358,"Признаков роли не выявлено: вход 1 (48 тыс ₸), выход 1 (38 тыс ₸)"
100000008097580100,terminal,0.699,4,0.4568,"Конечный получатель: 32 тыс ₸ от 2 плательщиков, исходящих нет (колено 3)"
100000008687617100,peripheral,0.9,7,0.1998,"Признаков роли не выявлено: вход 1 (43 тыс ₸), выход 0 (0 ₸)"
100000005667841100,terminal,0.887,3,0.6265,"Конечный получатель: 186 тыс ₸ от 2 плательщиков, исходящих нет (колено 3)"
100000001329153100,peripheral,0.9,10,0.3842,"Признаков роли не выявлено: вход 1 (151 тыс ₸), выход 0 (0 ₸)"
100000007689942100,peripheral,0.9,1,0.4166,"Признаков роли не выявлено: вход 1 (5 тыс ₸), выход 2 (25 тыс ₸)"
100000006476758100,peripheral,0.9,13,0.3256,"Признаков роли не выявлено: вход 1 (5 тыс ₸), выход 0 (0 ₸)"
100000002184107100,peripheral,0.9,31,0.1827,"Признаков роли не выявлено: вход 1 (6 тыс ₸), выход 0 (0 ₸)"
100000008663723100,peripheral,0.9,7,0.1083,"Признаков роли не выявлено: вход 1 (16 тыс ₸), выход 0 (0 ₸)"
100000000254336100,peripheral,0.8,10,0.4291,"Признаков роли не выявлено: вход 2 (97 тыс ₸), выход 1 (60 тыс ₸)"
100000008750464100,peripheral,0.9,7,0.0754,"Признаков роли не выявлено: вход 1 (8 тыс ₸), выход 0 (0 ₸)"
100000001530709100,peripheral,0.9,10,0.3016,"Признаков роли не выявлено: вход 1 (54 тыс ₸), выход 0 (0 ₸)"
100000000656682100,transit,0.61,10,0.5479,Признаки транзита: пропускает 113% полученного (71 тыс ₸)
100000008755754100,peripheral,0.9,9,0.1055,"Признаков роли не выявлено: вход 1 (7 тыс ₸), выход 0 (0 ₸)"
100000002691583100,terminal,0.926,26,0.6034,"Конечный получатель: 285 тыс ₸ от 1 плательщиков, исходящих нет (колено 3)"
100000005241556100,peripheral,0.9,3,0.5029,"Признаков роли не выявлено: вход 1 (100 тыс ₸), выход 0 (0 ₸)"
100000004713684100,peripheral,0.9,10,0.2675,"Признаков роли не выявлено: вход 1 (38 тыс ₸), выход 0 (0 ₸)"
100000006919124100,peripheral,0.9,10,0.2351,"Признаков роли не выявлено: вход 1 (25 тыс ₸), выход 0 (0 ₸)"
100000003006633100,peripheral,0.9,31,0.2056,"Признаков роли не выявлено: вход 1 (10 тыс ₸), выход 0 (0 ₸)"
100000008306857100,peripheral,0.9,11,0.3022,"Признаков роли не выявлено: вход 1 (125 тыс ₸), выход 0 (0 ₸)"
100000003671721100,peripheral,0.9,15,0.3493,"Признаков роли не выявлено: вход 1 (5 тыс ₸), выход 0 (0 ₸)"
100000002613929100,peripheral,0.9,16,0.4251,"Признаков роли не выявлено: вход 1 (29 тыс ₸), выход 0 (0 ₸)"
100000008669310100,peripheral,0.9,10,0.3092,"Признаков роли не выявлено: вход 1 (60 тыс ₸), выход 0 (0 ₸)"
100000006573438100,peripheral,0.9,33,0.1987,"Признаков роли не выявлено: вход 1 (5 тыс ₸), выход 0 (0 ₸)"
100000006165886100,peripheral,0.8,1,0.4199,"Признаков роли не выявлено: вход 2 (184 тыс ₸), выход 1 (75 тыс ₸)"
100000008491390100,peripheral,0.9,10,0.265,"Признаков роли не выявлено: вход 1 (36 тыс ₸), выход 0 (0 ₸)"
100000005186131100,peripheral,0.9,10,0.2674,"Признаков роли не выявлено: вход 1 (10 тыс ₸), выход 1 (10 тыс ₸)"
100000001550419100,peripheral,0.9,14,0.2498,"Признаков роли не выявлено: вход 1 (23 тыс ₸), выход 0 (0 ₸)"
100000004979283100,peripheral,0.9,9,0.3112,"Признаков роли не выявлено: вход 1 (40 тыс ₸), выход 0 (0 ₸)"
100000002537811100,peripheral,0.9,13,0.5892,"Признаков роли не выявлено: вход 1 (52 тыс ₸), выход 1 (15 тыс ₸)"
100000002990675100,peripheral,0.9,6,0.291,"Признаков роли не выявлено: вход 1 (51 тыс ₸), выход 0 (0 ₸)"
100000008763688100,peripheral,0.9,7,0.1356,"Признаков роли не выявлено: вход 1 (21 тыс ₸), выход 0 (0 ₸)"
100000002809896100,peripheral,0.9,9,0.306,"Признаков роли не выявлено: вход 1 (38 тыс ₸), выход 0 (0 ₸)"
100000008716072100,peripheral,0.9,7,0.0928,"Признаков роли не выявлено: вход 1 (12 тыс ₸), выход 0 (0 ₸)"
100000001279272100,peripheral,0.9,1,0.5279,"Признаков роли не выявлено: вход 1 (250 тыс ₸), выход 2 (137 тыс ₸)"
100000001714173100,terminal,0.976,3,0.7679,"Конечный получатель: 639 тыс ₸ от 1 плательщиков, исходящих нет (колено 3)"
100000008729597100,peripheral,0.9,1,0.3623,"Признаков роли не выявлено: вход 1 (83 тыс ₸), выход 0 (0 ₸)"
100000002255058100,terminal,0.962,19,0.5514,"Конечный получатель: 492 тыс ₸ от 1 плательщиков, исходящих нет (колено 3)"
100000006111442100,peripheral,0.9,3,0.4081,"Признаков роли не выявлено: вход 1 (64 тыс ₸), выход 0 (0 ₸)"
100000008686247100,peripheral,0.9,12,0.2014,"Признаков роли не выявлено: вход 1 (22 тыс ₸), выход 1 (5 тыс ₸)"
100000001893287100,peripheral,0.9,20,0.3706,"Признаков роли не выявлено: вход 1 (18 тыс ₸), выход 1 (153 тыс ₸)"
100000005172860100,peripheral,0.9,4,0.2215,"Признаков роли не выявлено: вход 1 (15 тыс ₸), выход 0 (0 ₸)"
100000001788284100,peripheral,0.75,25,0.4933,"Признаков роли не выявлено: вход 1 (8 тыс ₸), выход 5 (297 тыс ₸)"
100000008755580100,peripheral,0.9,7,0.1107,"Признаков роли не выявлено: вход 1 (16 тыс ₸), выход 0 (0 ₸)"
100000003896956100,peripheral,0.9,2,0.3265,"Признаков роли не выявлено: вход 1 (10 тыс ₸), выход 1 (27 тыс ₸)"
100000002475601100,terminal,0.908,21,0.464,"Конечный получатель: 232 тыс ₸ от 1 плательщиков, исходящих нет (колено 3)"
100000008619857100,peripheral,0.9,4,0.3213,"Признаков роли не выявлено: вход 1 (29 тыс ₸), выход 2 (13 тыс ₸)"
100000001373265100,peripheral,0.9,1,0.4624,"Признаков роли не выявлено: вход 1 (142 тыс ₸), выход 1 (5 тыс ₸)"
100000004185681100,peripheral,0.9,4,0.274,"Признаков роли не выявлено: вход 1 (10 тыс ₸), выход 0 (0 ₸)"
100000003031633100,terminal,0.951,3,0.6834,"Конечный получатель: 414 тыс ₸ от 1 плательщиков, исходящих нет (колено 3)"
100000002632742100,terminal,0.91,3,0.649,"Конечный получатель: 236 тыс ₸ от 2 плательщиков, исходящих нет (колено 3)"
100000005847078100,peripheral,0.9,7,0.1121,"Признаков роли не выявлено: вход 1 (16 тыс ₸), выход 0 (0 ₸)"
100000002807334100,peripheral,0.9,6,0.2966,"Признаков роли не выявлено: вход 1 (55 тыс ₸), выход 0 (0 ₸)"
100000008748795100,peripheral,0.9,10,0.2851,"Признаков роли не выявлено: вход 1 (47 тыс ₸), выход 0 (0 ₸)"
100000003899899100,terminal,0.903,2,0.6715,"Конечный получатель: 218 тыс ₸ от 2 плательщиков, дальше уходит 5% (колено 3)"
100000002308091100,peripheral,0.9,9,0.3706,"Признаков роли не выявлено: вход 1 (187 тыс ₸), выход 0 (0 ₸)"
100000008680912100,peripheral,0.9,4,0.3845,"Признаков роли не выявлено: вход 1 (45 тыс ₸), выход 1 (6 тыс ₸)"
100000008742053100,distributor,0.537,3,0.7409,"Веерное распределение: 12 получателей, 2,8 млн ₸, отдаёт в 278.9× больше видимого входа — есть внешние источники"
100000008473765100,peripheral,0.9,1,0.271,"Признаков роли не выявлено: вход 1 (30 тыс ₸), выход 0 (0 ₸)"
100000007472293100,peripheral,0.85,3,0.5517,"Признаков роли не выявлено: вход 1 (5 тыс ₸), выход 3 (346 тыс ₸)"
100000008753061100,peripheral,0.9,7,0.1629,"Признаков роли не выявлено: вход 1 (28 тыс ₸), выход 0 (0 ₸)"
100000008501413100,peripheral,0.9,13,0.3835,"Признаков роли не выявлено: вход 1 (5 тыс ₸), выход 1 (5 тыс ₸)"
100000002748581100,peripheral,0.9,14,0.3065,"Признаков роли не выявлено: вход 1 (41 тыс ₸), выход 0 (0 ₸)"
100000001384826100,terminal,0.942,6,0.636,"Конечный получатель: 364 тыс ₸ от 1 плательщиков, дальше уходит 3% (колено 3)"
100000004099450100,peripheral,0.9,10,0.2867,"Признаков роли не выявлено: вход 1 (31 тыс ₸), выход 0 (0 ₸)"
100000002926970100,peripheral,0.9,9,0.3781,"Признаков роли не выявлено: вход 1 (85 тыс ₸), выход 0 (0 ₸)"
100000002753146100,terminal,0.983,11,0.5826,"Конечный получатель: 804 тыс ₸ от 1 плательщиков, исходящих нет (колено 3)"
100000003943247100,peripheral,0.9,10,0.2719,"Признаков роли не выявлено: вход 1 (40 тыс ₸), выход 0 (0 ₸)"
100000002872399100,terminal,0.988,15,0.6021,"Конечный получатель: 1,1 млн ₸ от 1 плательщиков, исходящих нет (колено 3)"
100000008417359100,peripheral,0.9,4,0.3787,"Признаков роли не выявлено: вход 1 (41 тыс ₸), выход 2 (111 тыс ₸)"
100000002614095100,peripheral,0.9,7,0.0644,"Признаков роли не выявлено: вход 1 (5 тыс ₸), выход 0 (0 ₸)"
100000004717647100,peripheral,0.75,1,0.6258,"Признаков роли не выявлено: вход 1 (300 тыс ₸), выход 5 (2,2 млн ₸)"
100000008537380100,peripheral,0.9,7,0.0738,"Признаков роли не выявлено: вход 1 (8 тыс ₸), выход 0 (0 ₸)"
100000001534244100,terminal,0.943,3,0.752,"Конечный получатель: 366 тыс ₸ от 2 плательщиков, дальше уходит 12% (колено 3)"
100000008767950100,peripheral,0.9,7,0.1169,"Признаков роли не выявлено: вход 1 (17 тыс ₸), выход 0 (0 ₸)"
100000004613582100,peripheral,0.9,15,0.1966,"Признаков роли не выявлено: вход 1 (5 тыс ₸), выход 1 (10 тыс ₸)"
100000008121806100,peripheral,0.8,17,0.5074,"Признаков роли не выявлено: вход 1 (67 тыс ₸), выход 4 (249 тыс ₸)"
100000002369443100,peripheral,0.9,7,0.2162,"Признаков роли не выявлено: вход 1 (50 тыс ₸), выход 0 (0 ₸)"
100000008655779100,peripheral,0.9,22,0.456,"Признаков роли не выявлено: вход 1 (47 тыс ₸), выход 2 (25 тыс ₸)"
100000008561016100,transit,0.958,3,0.7906,"Признаки транзита: пропускает 103% полученного (180 тыс ₸), 100% уходит дальше за ≤2 дня"
100000002727288100,peripheral,0.9,2,0.2783,"Признаков роли не выявлено: вход 1 (16 тыс ₸), выход 0 (0 ₸)"
100000001270349100,terminal,0.896,3,0.482,"Конечный получатель: 200 тыс ₸ от 1 плательщиков, исходящих нет (колено 3)"
100000004722765100,peripheral,0.85,4,0.6187,"Признаков роли не выявлено: вход 1 (230 тыс ₸), выход 3 (2,3 млн ₸)"
100000001677389100,peripheral,0.9,4,0.2679,"Признаков роли не выявлено: вход 1 (11 тыс ₸), выход 1 (5 тыс ₸)"
100000005857058100,terminal,0.804,2,0.51,"Конечный получатель: 80 тыс ₸ от 3 плательщиков, исходящих нет (колено 3)"
100000008760098100,peripheral,0.9,3,0.5455,"Признаков роли не выявлено: вход 1 (7 тыс ₸), выход 1 (390 тыс ₸)"
100000002838519100,peripheral,0.9,14,0.317,"Признаков роли не выявлено: вход 1 (47 тыс ₸), выход 0 (0 ₸)"
100000002597623100,peripheral,0.9,10,0.2034,"Признаков роли не выявлено: вход 1 (16 тыс ₸), выход 0 (0 ₸)"
100000003635660100,peripheral,0.9,1,0.2304,"Признаков роли не выявлено: вход 1 (19 тыс ₸), выход 0 (0 ₸)"
100000008676812100,terminal,0.907,18,0.603,"Конечный получатель: 231 тыс ₸ от 1 плательщиков, исходящих нет (колено 3)"
100000003213473100,distributor,0.519,18,0.6096,"Веерное распределение: 11 получателей, 240 тыс ₸, отдаёт в 4.2× больше видимого входа — есть внешние источники"
100000003071649100,peripheral,0.9,3,0.4899,"Признаков роли не выявлено: вход 1 (190 тыс ₸), выход 0 (0 ₸)"
100000002433697100,transit,0.769,6,0.6119,"Признаки транзита: пропускает 85% полученного (130 тыс ₸), 100% уходит дальше за ≤2 дня"
100000008612257100,peripheral,0.9,6,0.1781,"Признаков роли не выявлено: вход 1 (10 тыс ₸), выход 0 (0 ₸)"
100000002736033100,peripheral,0.9,4,0.3646,"Признаков роли не выявлено: вход 1 (35 тыс ₸), выход 1 (11 тыс ₸)"
100000008687990100,peripheral,0.9,7,0.1186,"Признаков роли не выявлено: вход 1 (18 тыс ₸), выход 0 (0 ₸)"
100000008776310100,peripheral,0.9,7,0.1244,"Признаков роли не выявлено: вход 1 (19 тыс ₸), выход 0 (0 ₸)"
100000007267915100,peripheral,0.8,4,0.3178,"Признаков роли не выявлено: вход 2 (21 тыс ₸), выход 1 (10 тыс ₸)"
100000004217419100,terminal,0.846,1,0.6242,"Конечный получатель: 118 тыс ₸ от 2 плательщиков, дальше уходит 7% (колено 3)"
100000002773323100,peripheral,0.8,3,0.636,"Признаков роли не выявлено: вход 2 (285 тыс ₸), выход 1 (1,2 млн ₸)"
100000002528544100,peripheral,0.9,21,0.3122,"Признаков роли не выявлено: вход 1 (193 тыс ₸), выход 0 (0 ₸)"
100000003760160100,peripheral,0.9,6,0.346,"Признаков роли не выявлено: вход 1 (104 тыс ₸), выход 0 (0 ₸)"
100000000640800100,peripheral,0.8,17,0.5376,"Признаков роли не выявлено: вход 1 (80 тыс ₸), выход 4 (518 тыс ₸)"
100000008238112100,peripheral,0.9,6,0.3905,"Признаков роли не выявлено: вход 1 (190 тыс ₸), выход 0 (0 ₸)"
100000008751349100,peripheral,0.9,26,0.193,"Признаков роли не выявлено: вход 1 (12 тыс ₸), выход 0 (0 ₸)"
100000002963189100,peripheral,0.65,14,0.5989,"Признаков роли не выявлено: вход 1 (490 тыс ₸), выход 7 (5,2 млн ₸)"
100000008548853100,peripheral,0.9,7,0.0994,"Признаков роли не выявлено: вход 1 (14 тыс ₸), выход 0 (0 ₸)"
100000003164661100,terminal,0.973,27,0.5801,"Конечный получатель: 596 тыс ₸ от 1 плательщиков, исходящих нет (колено 3)"
100000000791285100,peripheral,0.85,26,0.6084,"Признаков роли не выявлено: вход 1 (1,1 млн ₸), выход 3 (650 тыс ₸)"
100000003192309100,peripheral,0.9,7,0.3373,"Признаков роли не выявлено: вход 1 (17 тыс ₸), выход 1 (213 тыс ₸)"
100000002891765100,peripheral,0.9,14,0.3397,"Признаков роли не выявлено: вход 1 (56 тыс ₸), выход 0 (0 ₸)"
100000001740277100,peripheral,0.9,15,0.1709,"Признаков роли не выявлено: вход 1 (9 тыс ₸), выход 1 (5 тыс ₸)"
100000002232266100,peripheral,0.9,1,0.3067,"Признаков роли не выявлено: вход 1 (45 тыс ₸), выход 0 (0 ₸)"
100000006701983100,peripheral,0.9,7,0.16,"Признаков роли не выявлено: вход 1 (27 тыс ₸), выход 0 (0 ₸)"
100000002871199100,peripheral,0.9,14,0.2508,"Признаков роли не выявлено: вход 1 (23 тыс ₸), выход 0 (0 ₸)"
100000002757791100,peripheral,0.9,3,0.2666,"Признаков роли не выявлено: вход 1 (73 тыс ₸), выход 0 (0 ₸)"
100000000572276100,peripheral,0.9,7,0.2366,"Признаков роли не выявлено: вход 1 (13 тыс ₸), выход 1 (35 тыс ₸)"
100000001853812100,peripheral,0.9,1,0.3488,"Признаков роли не выявлено: вход 1 (70 тыс ₸), выход 0 (0 ₸)"
100000004726132100,terminal,0.939,1,0.657,"Конечный получатель: 349 тыс ₸ от 1 плательщиков, дальше уходит 7% (колено 3)"
100000001785161100,terminal,0.689,11,0.4089,"Конечный получатель: 30 тыс ₸ от 2 плательщиков, исходящих нет (колено 3)"
100000002612809100,peripheral,0.85,32,0.3841,"Признаков роли не выявлено: вход 1 (30 тыс ₸), выход 3 (114 тыс ₸)"
100000008769097100,peripheral,0.9,7,0.1734,"Признаков роли не выявлено: вход 1 (31 тыс ₸), выход 0 (0 ₸)"
100000004488265100,peripheral,0.9,1,0.2932,"Признаков роли не выявлено: вход 1 (39 тыс ₸), выход 0 (0 ₸)"
100000002509598100,terminal,0.932,11,0.5132,"Конечный получатель: 306 тыс ₸ от 1 плательщиков, исходящих нет (колено 3)"
100000008706846100,peripheral,0.9,7,0.1005,"Признаков роли не выявлено: вход 1 (14 тыс ₸), выход 0 (0 ₸)"
100000001280798100,peripheral,0.9,9,0.2601,"Признаков роли не выявлено: вход 1 (24 тыс ₸), выход 0 (0 ₸)"
100000006664478100,transit,0.827,9,0.5217,"Признаки транзита: пропускает 109% полученного (55 тыс ₸), 82% уходит дальше за ≤2 дня"
100000003781406100,peripheral,0.9,12,0.4723,"Признаков роли не выявлено: вход 1 (45 тыс ₸), выход 0 (0 ₸)"
100000008708595100,peripheral,0.9,7,0.1161,"Признаков роли не выявлено: вход 1 (17 тыс ₸), выход 0 (0 ₸)"
100000004611571100,peripheral,0.9,10,0.2256,"Признаков роли не выявлено: вход 1 (23 тыс ₸), выход 0 (0 ₸)"
100000008576243100,terminal,0.807,4,0.6206,"Конечный получатель: 83 тыс ₸ от 2 плательщиков, исходящих нет (колено 3)"
100000008662216100,peripheral,0.9,7,0.1571,"Признаков роли не выявлено: вход 1 (26 тыс ₸), выход 0 (0 ₸)"
100000002681544100,terminal,0.877,18,0.559,"Конечный получатель: 166 тыс ₸ от 2 плательщиков, исходящих нет (колено 3)"
100000007864477100,peripheral,0.7,4,0.4913,"Признаков роли не выявлено: вход 2 (76 тыс ₸), выход 6 (204 тыс ₸)"
100000004746397100,terminal,0.904,6,0.6128,"Конечный получатель: 220 тыс ₸ от 1 плательщиков, дальше уходит 3% (колено 3)"
100000003814002100,peripheral,0.9,6,0.2483,"Признаков роли не выявлено: вход 1 (30 тыс ₸), выход 0 (0 ₸)"
100000003962994100,peripheral,0.9,2,0.267,"Признаков роли не выявлено: вход 1 (10 тыс ₸), выход 0 (0 ₸)"
100000003366471100,terminal,0.935,1,0.6682,"Конечный получатель: 330 тыс ₸ от 2 плательщиков, дальше уходит 6% (колено 3)"
100000003561031100,peripheral,0.9,1,0.2707,"Признаков роли не выявлено: вход 1 (13 тыс ₸), выход 1 (5 тыс ₸)"
100000001690439100,peripheral,0.9,4,0.2816,"Признаков роли не выявлено: вход 1 (14 тыс ₸), выход 0 (0 ₸)"
100000002954780100,peripheral,0.9,3,0.4613,"Признаков роли не выявлено: вход 1 (133 тыс ₸), выход 0 (0 ₸)"
100000008720668100,peripheral,0.9,7,0.1107,"Признаков роли не выявлено: вход 1 (16 тыс ₸), выход 0 (0 ₸)"
100000002459164100,peripheral,0.9,4,0.3144,"Признаков роли не выявлено: вход 1 (20 тыс ₸), выход 0 (0 ₸)"
100000005082652100,peripheral,0.9,15,0.2342,"Признаков роли не выявлено: вход 1 (30 тыс ₸), выход 0 (0 ₸)"
100000005041905100,peripheral,0.9,7,0.3419,"Признаков роли не выявлено: вход 1 (5 тыс ₸), выход 1 (1,1 млн ₸)"
100000008653041100,peripheral,0.9,7,0.1617,"Признаков роли не выявлено: вход 1 (28 тыс ₸), выход 0 (0 ₸)"
100000008722417100,peripheral,0.85,6,0.537,"Признаков роли не выявлено: вход 1 (332 тыс ₸), выход 3 (720 тыс ₸)"
100000008625905100,peripheral,0.9,2,0.5947,"Признаков роли не выявлено: вход 1 (198 тыс ₸), выход 2 (635 тыс ₸)"
100000007487729100,peripheral,0.9,10,0.2639,"Признаков роли не выявлено: вход 1 (25 тыс ₸), выход 0 (0 ₸)"
100000000838385100,peripheral,0.9,2,0.5988,"Признаков роли не выявлено: вход 1 (437 тыс ₸), выход 2 (178 тыс ₸)"
100000004750321100,terminal,0.757,9,0.4504,"Конечный получатель: 50 тыс ₸ от 2 плательщиков, исходящих нет (колено 3)"
100000008664774100,peripheral,0.9,7,0.1121,"Признаков роли не выявлено: вход 1 (16 тыс ₸), выход 0 (0 ₸)"
100000006274203100,terminal,0.999,18,0.8682,"Конечный получатель: 3,4 млн ₸ от 2 плательщиков, дальше уходит 2% (колено 3)"
100000002185328100,peripheral,0.8,19,0.441,"Признаков роли не выявлено: вход 1 (15 тыс ₸), выход 4 (55 тыс ₸)"
100000008254576100,peripheral,0.9,31,0.381,"Признаков роли не выявлено: вход 1 (8 тыс ₸), выход 1 (60 тыс ₸)"
100000001689968100,terminal,0.938,6,0.6098,"Конечный получатель: 344 тыс ₸ от 3 плательщиков, исходящих нет (колено 3)"
100000002236528100,peripheral,0.9,18,0.355,"Признаков роли не выявлено: вход 1 (66 тыс ₸), выход 0 (0 ₸)"
100000002670960100,terminal,0.96,11,0.5499,"Конечный получатель: 480 тыс ₸ от 1 плательщиков, исходящих нет (колено 3)"
100000003557488100,peripheral,0.9,28,0.5915,"Признаков роли не выявлено: вход 1 (665 тыс ₸), выход 2 (138 тыс ₸)"
100000003888197100,peripheral,0.9,6,0.3233,"Признаков роли не выявлено: вход 1 (83 тыс ₸), выход 0 (0 ₸)"
100000002799941100,terminal,0.974,18,0.6538,"Конечный получатель: 600 тыс ₸ от 1 плательщиков, исходящих нет (колено 3)"
100000001632325100,peripheral,0.9,7,0.2617,"Признаков роли не выявлено: вход 1 (86 тыс ₸), выход 0 (0 ₸)"
100000008620570100,peripheral,0.8,4,0.4912,"Признаков роли не выявлено: вход 2 (145 тыс ₸), выход 2 (32 тыс ₸)"
100000005308954100,peripheral,0.9,2,0.4567,"Признаков роли не выявлено: вход 1 (69 тыс ₸), выход 1 (30 тыс ₸)"
100000008468762100,terminal,0.88,3,0.6198,"Конечный получатель: 170 тыс ₸ от 2 плательщиков, исходящих нет (колено 3)"
100000002305007100,peripheral,0.9,7,0.2296,"Признаков роли не выявлено: вход 1 (56 тыс ₸), выход 0 (0 ₸)"
100000008314863100,peripheral,0.9,8,0.3801,"Признаков роли не выявлено: вход 1 (12 тыс ₸), выход 0 (0 ₸)"
100000005709551100,peripheral,0.9,4,0.263,"Признаков роли не выявлено: вход 1 (25 тыс ₸), выход 0 (0 ₸)"
100000008297199100,peripheral,0.9,1,0.3066,"Признаков роли не выявлено: вход 1 (42 тыс ₸), выход 0 (0 ₸)"
100000003271151100,peripheral,0.9,1,0.3993,"Признаков роли не выявлено: вход 1 (127 тыс ₸), выход 0 (0 ₸)"
100000007005380100,peripheral,0.9,4,0.2199,"Признаков роли не выявлено: вход 1 (9 тыс ₸), выход 0 (0 ₸)"
100000004451012100,peripheral,0.85,18,0.4636,"Признаков роли не выявлено: вход 1 (91 тыс ₸), выход 3 (66 тыс ₸)"
100000004779204100,peripheral,0.9,10,0.3427,"Признаков роли не выявлено: вход 1 (30 тыс ₸), выход 1 (20 тыс ₸)"
100000002793881100,terminal,0.982,3,0.7495,"Конечный получатель: 786 тыс ₸ от 3 плательщиков, исходящих нет (колено 3)"
100000008671129100,peripheral,0.9,7,0.1571,"Признаков роли не выявлено: вход 1 (26 тыс ₸), выход 0 (0 ₸)"
100000002095257100,peripheral,0.9,12,0.3248,"Признаков роли не выявлено: вход 1 (8 тыс ₸), выход 0 (0 ₸)"
100000002194329100,peripheral,0.9,10,0.2371,"Признаков роли не выявлено: вход 1 (25 тыс ₸), выход 0 (0 ₸)"
100000001884825100,terminal,0.962,3,0.7063,"Конечный получатель: 495 тыс ₸ от 3 плательщиков, исходящих нет (колено 3)"
100000008692291100,transit,0.762,3,0.7424,Признаки транзита: пропускает 98% полученного (160 тыс ₸)
100000002697752100,terminal,0.889,1,0.5663,"Конечный получатель: 191 тыс ₸ от 2 плательщиков, исходящих нет (колено 3)"
100000007170072100,transit,0.992,17,0.6993,"Признаки транзита: пропускает 100% полученного (100 тыс ₸), 100% уходит дальше за ≤2 дня"
100000002373144100,peripheral,0.9,1,0.3641,"Признаков роли не выявлено: вход 1 (46 тыс ₸), выход 1 (11 тыс ₸)"
100000000287768100,peripheral,0.9,1,0.2694,"Признаков роли не выявлено: вход 1 (35 тыс ₸), выход 0 (0 ₸)"
100000004508696100,peripheral,0.85,2,0.4861,"Признаков роли не выявлено: вход 1 (7 тыс ₸), выход 3 (111 тыс ₸)"
100000008688109100,peripheral,0.9,7,0.0954,"Признаков роли не выявлено: вход 1 (13 тыс ₸), выход 0 (0 ₸)"
100000008724461100,peripheral,0.9,3,0.5463,"Признаков роли не выявлено: вход 1 (100 тыс ₸), выход 1 (130 тыс ₸)"
100000001714413100,terminal,0.917,6,0.5514,"Конечный получатель: 250 тыс ₸ от 1 плательщиков, исходящих нет (колено 3)"
100000008672493100,peripheral,0.9,7,0.0994,"Признаков роли не выявлено: вход 1 (14 тыс ₸), выход 0 (0 ₸)"
100000003241965100,peripheral,0.9,9,0.2171,"Признаков роли не выявлено: вход 1 (15 тыс ₸), выход 0 (0 ₸)"
100000002241986100,peripheral,0.7,6,0.5469,"Признаков роли не выявлено: вход 1 (280 тыс ₸), выход 6 (3,1 млн ₸)"
100000004140994100,peripheral,0.9,7,0.1229,"Признаков роли не выявлено: вход 1 (19 тыс ₸), выход 0 (0 ₸)"
100000008489922100,distributor,0.761,3,0.9276,"Веерное распределение: 36 получателей, 3,8 млн ₸, отдаёт в 14.5× больше видимого входа — есть внешние источники"
100000001252290100,peripheral,0.9,6,0.4205,"Признаков роли не выявлено: вход 1 (141 тыс ₸), выход 1 (5 тыс ₸)"
100000008667799100,peripheral,0.9,7,0.18,"Признаков роли не выявлено: вход 1 (34 тыс ₸), выход 0 (0 ₸)"
100000008684951100,peripheral,0.9,7,0.1161,"Признаков роли не выявлено: вход 1 (17 тыс ₸), выход 0 (0 ₸)"
100000006126743100,peripheral,0.9,6,0.2973,"Признаков роли не выявлено: вход 1 (55 тыс ₸), выход 0 (0 ₸)"
100000003009900100,peripheral,0.9,9,0.2239,"Признаков роли не выявлено: вход 1 (16 тыс ₸), выход 0 (0 ₸)"
100000001745217100,peripheral,0.9,1,0.3015,"Признаков роли не выявлено: вход 1 (50 тыс ₸), выход 0 (0 ₸)"
100000002886166100,peripheral,0.9,24,0.3331,"Признаков роли не выявлено: вход 1 (185 тыс ₸), выход 0 (0 ₸)"
100000002956779100,terminal,0.95,19,0.5376,"Конечный получатель: 411 тыс ₸ от 1 плательщиков, исходящих нет (колено 3)"
100000008568512100,peripheral,0.9,6,0.3944,"Признаков роли не выявлено: вход 1 (200 тыс ₸), выход 0 (0 ₸)"
100000008583360100,peripheral,0.9,9,0.51,"Признаков роли не выявлено: вход 1 (113 тыс ₸), выход 1 (170 тыс ₸)"
100000001130176100,peripheral,0.9,10,0.3345,"Признаков роли не выявлено: вход 1 (25 тыс ₸), выход 0 (0 ₸)"
100000001145749100,peripheral,0.9,8,0.3691,"Признаков роли не выявлено: вход 1 (10 тыс ₸), выход 0 (0 ₸)"
100000005367445100,peripheral,0.9,14,0.3834,"Признаков роли не выявлено: вход 1 (5 тыс ₸), выход 1 (5 тыс ₸)"
100000003917461100,peripheral,0.9,12,0.5827,"Признаков роли не выявлено: вход 1 (10 тыс ₸), выход 2 (140 тыс ₸)"
100000008200810100,terminal,0.959,11,0.5492,"Конечный получатель: 475 тыс ₸ от 1 плательщиков, исходящих нет (колено 3)"
100000002554175100,peripheral,0.9,9,0.2634,"Признаков роли не выявлено: вход 1 (25 тыс ₸), выход 0 (0 ₸)"
100000008751380100,terminal,0.938,3,0.6865,"Конечный получатель: 346 тыс ₸ от 2 плательщиков, исходящих нет (колено 3)"
100000004071444100,peripheral,0.9,1,0.5023,"Признаков роли не выявлено: вход 1 (247 тыс ₸), выход 1 (100 тыс ₸)"
100000001141268100,terminal,0.96,3,0.7881,"Конечный получатель: 480 тыс ₸ от 2 плательщиков, дальше уходит 2% (колено 3)"
100000002645993100,peripheral,0.75,4,0.4355,"Признаков роли не выявлено: вход 2 (50 тыс ₸), выход 5 (87 тыс ₸)"
100000002546921100,peripheral,0.9,14,0.2377,"Признаков роли не выявлено: вход 1 (20 тыс ₸), выход 0 (0 ₸)"
100000008753897100,peripheral,0.9,7,0.147,"Признаков роли не выявлено: вход 1 (24 тыс ₸), выход 0 (0 ₸)"
100000000870121100,peripheral,0.9,17,0.2447,"Признаков роли не выявлено: вход 1 (12 тыс ₸), выход 0 (0 ₸)"
100000003171006100,terminal,0.961,3,0.7202,"Конечный получатель: 485 тыс ₸ от 2 плательщиков, исходящих нет (колено 3)"
100000001690558100,terminal,0.98,18,0.6631,"Конечный получатель: 740 тыс ₸ от 1 плательщиков, исходящих нет (колено 3)"
100000008667795100,peripheral,0.9,7,0.18,"Признаков роли не выявлено: вход 1 (34 тыс ₸), выход 0 (0 ₸)"
100000005674387100,peripheral,0.9,7,0.1571,"Признаков роли не выявлено: вход 1 (26 тыс ₸), выход 0 (0 ₸)"
100000003636627100,peripheral,0.9,20,0.4364,"Признаков роли не выявлено: вход 1 (77 тыс ₸), выход 1 (10 тыс ₸)"
100000001275752100,peripheral,0.9,3,0.4725,"Признаков роли не выявлено: вход 1 (152 тыс ₸), выход 0 (0 ₸)"
100000002459240100,peripheral,0.9,6,0.371,"Признаков роли не выявлено: вход 1 (150 тыс ₸), выход 0 (0 ₸)"
100000002644285100,terminal,0.964,11,0.5545,"Конечный получатель: 500 тыс ₸ от 1 плательщиков, исходящих нет (колено 3)"
100000005186109100,peripheral,0.9,2,0.2626,"Признаков роли не выявлено: вход 1 (5 тыс ₸), выход 0 (0 ₸)"
100000005317181100,peripheral,0.9,1,0.4727,"Признаков роли не выявлено: вход 1 (141 тыс ₸), выход 1 (14 тыс ₸)"
100000003001661100,peripheral,0.75,22,0.5807,"Признаков роли не выявлено: вход 1 (110 тыс ₸), выход 5 (440 тыс ₸)"
100000000288317100,peripheral,0.8,10,0.4717,"Признаков роли не выявлено: вход 2 (100 тыс ₸), выход 3 (54 тыс ₸)"
100000004368189100,terminal,0.945,11,0.5354,"Конечный получатель: 385 тыс ₸ от 1 плательщиков, дальше уходит 7% (колено 3)"
100000004493586100,peripheral,0.9,4,0.178,"Признаков роли не выявлено: вход 1 (8 тыс ₸), выход 0 (0 ₸)"
100000004114962100,terminal,0.876,6,0.5978,"Конечный получатель: 165 тыс ₸ от 2 плательщиков, исходящих нет (колено 3)"
100000008088082100,peripheral,0.9,4,0.4196,"Признаков роли не выявлено: вход 1 (39 тыс ₸), выход 1 (50 тыс ₸)"
100000008595687100,peripheral,0.9,2,0.3587,"Признаков роли не выявлено: вход 1 (64 тыс ₸), выход 1 (10 тыс ₸)"
100000001248999100,peripheral,0.9,4,0.2396,"Признаков роли не выявлено: вход 1 (23 тыс ₸), выход 0 (0 ₸)"
100000002736316100,terminal,0.92,4,0.6046,"Конечный получатель: 267 тыс ₸ от 3 плательщиков, исходящих нет (колено 3)"
100000008596924100,peripheral,0.9,20,0.318,"Признаков роли не выявлено: вход 1 (100 тыс ₸), выход 0 (0 ₸)"
100000008598972100,peripheral,0.9,21,0.2758,"Признаков роли не выявлено: вход 1 (120 тыс ₸), выход 0 (0 ₸)"
100000002769809100,peripheral,0.9,18,0.4179,"Признаков роли не выявлено: вход 1 (113 тыс ₸), выход 0 (0 ₸)"
100000003089553100,peripheral,0.9,3,0.4761,"Признаков роли не выявлено: вход 1 (150 тыс ₸), выход 0 (0 ₸)"
100000002343825100,peripheral,0.7,3,0.6049,"Признаков роли не выявлено: вход 3 (350 тыс ₸), выход 2 (90 тыс ₸)"
100000002015633100,peripheral,0.9,6,0.336,"Признаков роли не выявлено: вход 1 (95 тыс ₸), выход 0 (0 ₸)"
100000002906470100,peripheral,0.9,18,0.397,"Признаков роли не выявлено: вход 1 (130 тыс ₸), выход 0 (0 ₸)"
100000005628518100,peripheral,0.9,18,0.4072,"Признаков роли не выявлено: вход 1 (77 тыс ₸), выход 0 (0 ₸)"
100000002958139100,terminal,0.9,3,0.6236,"Конечный получатель: 210 тыс ₸ от 1 плательщиков, исходящих нет (колено 3)"
100000008754747100,peripheral,0.9,7,0.2052,"Признаков роли не выявлено: вход 1 (46 тыс ₸), выход 0 (0 ₸)"
100000008776720100,peripheral,0.9,7,0.1558,"Признаков роли не выявлено: вход 1 (26 тыс ₸), выход 0 (0 ₸)"
100000008576528100,peripheral,0.9,6,0.2422,"Признаков роли не выявлено: вход 1 (28 тыс ₸), выход 0 (0 ₸)"
100000004603109100,terminal,0.999,12,0.6629,"Конечный получатель: 2,7 млн ₸ от 3 плательщиков, дальше уходит 15% (колено 3)"
100000008721637100,peripheral,0.9,9,0.4409,"Признаков роли не выявлено: вход 1 (24 тыс ₸), выход 2 (127 тыс ₸)"
100000004491749100,peripheral,0.9,20,0.2604,"Признаков роли не выявлено: вход 1 (50 тыс ₸), выход 0 (0 ₸)"
100000005171642100,transit,0.961,20,0.6729,"Признаки транзита: пропускает 98% полученного (697 тыс ₸), 94% уходит дальше за ≤2 дня"
100000008682426100,peripheral,0.9,14,0.2377,"Признаков роли не выявлено: вход 1 (20 тыс ₸), выход 0 (0 ₸)"
100000006209210100,terminal,0.907,18,0.589,"Конечный получатель: 229 тыс ₸ от 1 плательщиков, исходящих нет (колено 3)"
100000003888527100,peripheral,0.9,33,0.3246,"Признаков роли не выявлено: вход 1 (30 тыс ₸), выход 0 (0 ₸)"
100000008490127100,peripheral,0.7,6,0.544,"Признаков роли не выявлено: вход 1 (432 тыс ₸), выход 6 (923 тыс ₸)"
100000004336228100,peripheral,0.9,1,0.3237,"Признаков роли не выявлено: вход 1 (51 тыс ₸), выход 0 (0 ₸)"
100000006844004100,peripheral,0.9,1,0.3191,"Признаков роли не выявлено: вход 1 (21 тыс ₸), выход 0 (0 ₸)"
100000001688676100,peripheral,0.9,18,0.3985,"Признаков роли не выявлено: вход 1 (134 тыс ₸), выход 0 (0 ₸)"
100000008712036100,peripheral,0.9,7,0.1356,"Признаков роли не выявлено: вход 1 (21 тыс ₸), выход 0 (0 ₸)"
100000004697956100,peripheral,0.9,20,0.2073,"Признаков роли не выявлено: вход 1 (10 тыс ₸), выход 1 (10 тыс ₸)"
100000004921657100,peripheral,0.9,8,0.4281,"Признаков роли не выявлено: вход 1 (8 тыс ₸), выход 1 (22 тыс ₸)"
100000000408846100,peripheral,0.9,26,0.3028,"Признаков роли не выявлено: вход 1 (40 тыс ₸), выход 0 (0 ₸)"
100000003406094100,peripheral,0.85,2,0.5105,"Признаков роли не выявлено: вход 1 (70 тыс ₸), выход 3 (47 тыс ₸)"
100000008695566100,peripheral,0.9,7,0.1791,"Признаков роли не выявлено: вход 1 (34 тыс ₸), выход 0 (0 ₸)"
100000005974542100,peripheral,0.9,23,0.4153,"Признаков роли не выявлено: вход 1 (94 тыс ₸), выход 0 (0 ₸)"
100000001887715100,peripheral,0.7,3,0.7,"Признаков роли не выявлено: вход 3 (1,3 млн ₸), выход 1 (750 тыс ₸)"
100000002472632100,terminal,0.965,25,0.7373,"Конечный получатель: 502 тыс ₸ от 2 плательщиков, дальше уходит 4% (колено 3)"
100000004629688100,peripheral,0.9,2,0.2961,"Признаков роли не выявлено: вход 1 (5 тыс ₸), выход 1 (15 тыс ₸)"
100000002459832100,terminal,0.985,21,0.6669,"Конечный получатель: 881 тыс ₸ от 2 плательщиков, исходящих нет (колено 3)"
100000006100920100,peripheral,0.9,4,0.3961,"Признаков роли не выявлено: вход 1 (100 тыс ₸), выход 0 (0 ₸)"
100000001439416100,peripheral,0.9,4,0.4861,"Признаков роли не выявлено: вход 1 (10 тыс ₸), выход 2 (165 тыс ₸)"
100000002121357100,peripheral,0.8,3,0.5938,"Признаков роли не выявлено: вход 2 (255 тыс ₸), выход 1 (113 тыс ₸)"
100000002970466100,peripheral,0.9,10,0.4027,"Признаков роли не выявлено: вход 1 (23 тыс ₸), выход 2 (93 тыс ₸)"
100000002581346100,peripheral,0.9,6,0.3808,"Признаков роли не выявлено: вход 1 (166 тыс ₸), выход 0 (0 ₸)"
100000008738658100,peripheral,0.9,7,0.1664,"Признаков роли не выявлено: вход 1 (30 тыс ₸), выход 0 (0 ₸)"
100000005910114100,distributor,0.631,4,0.7765,"Веерное распределение: 19 получателей, 1,5 млн ₸, отдаёт в 4.5× больше видимого входа — есть внешние источники"
100000001046626100,peripheral,0.9,6,0.371,"Признаков роли не выявлено: вход 1 (150 тыс ₸), выход 0 (0 ₸)"
100000006492770100,terminal,0.921,10,0.6254,"Конечный получатель: 269 тыс ₸ от 1 плательщиков, дальше уходит 7% (колено 3)"
100000001674850100,terminal,0.911,3,0.6472,"Конечный получатель: 237 тыс ₸ от 2 плательщиков, исходящих нет (колено 3)"
100000000860514100,peripheral,0.9,25,0.4083,"Признаков роли не выявлено: вход 1 (12 тыс ₸), выход 1 (50 тыс ₸)"
100000003650146100,peripheral,0.9,2,0.2356,"Признаков роли не выявлено: вход 1 (14 тыс ₸), выход 0 (0 ₸)"
100000001227106100,peripheral,0.9,6,0.3796,"Признаков роли не выявлено: вход 1 (165 тыс ₸), выход 0 (0 ₸)"
100000003647799100,peripheral,0.9,6,0.3415,"Признаков роли не выявлено: вход 1 (100 тыс ₸), выход 0 (0 ₸)"
100000008293431100,peripheral,0.75,1,0.4552,"Признаков роли не выявлено: вход 1 (15 тыс ₸), выход 5 (297 тыс ₸)"
100000002975287100,peripheral,0.9,6,0.2085,"Признаков роли не выявлено: вход 1 (15 тыс ₸), выход 0 (0 ₸)"
100000008507703100,peripheral,0.9,7,0.1634,"Признаков роли не выявлено: вход 1 (28 тыс ₸), выход 0 (0 ₸)"
100000001733687100,terminal,0.93,3,0.6557,"Конечный получатель: 300 тыс ₸ от 1 плательщиков, исходящих нет (колено 3)"
100000004552204100,peripheral,0.9,9,0.4902,"Признаков роли не выявлено: вход 1 (22 тыс ₸), выход 2 (10 тыс ₸)"
100000008223756100,terminal,0.936,17,0.612,"Конечный получатель: 332 тыс ₸ от 2 плательщиков, исходящих нет (колено 3)"
100000002956769100,terminal,0.984,3,0.7536,"Конечный получатель: 840 тыс ₸ от 3 плательщиков, исходящих нет (колено 3)"
100000008555233100,terminal,0.954,3,0.721,"Конечный получатель: 441 тыс ₸ от 1 плательщиков, исходящих нет (колено 3)"
100000002346166100,peripheral,0.9,7,0.0676,"Признаков роли не выявлено: вход 1 (6 тыс ₸), выход 0 (0 ₸)"
100000000878006100,peripheral,0.9,6,0.2803,"Признаков роли не выявлено: вход 1 (47 тыс ₸), выход 0 (0 ₸)"
100000004997515100,terminal,0.948,3,0.7874,"Конечный получатель: 395 тыс ₸ от 4 плательщиков, дальше уходит 14% (колено 3)"
100000007653003100,peripheral,0.9,4,0.3759,"Признаков роли не выявлено: вход 1 (100 тыс ₸), выход 0 (0 ₸)"
100000000661131100,peripheral,0.9,7,0.1083,"Признаков роли не выявлено: вход 1 (16 тыс ₸), выход 0 (0 ₸)"
100000003880331100,distributor,0.596,17,0.7475,"Веерное распределение: 16 получателей, 3,9 млн ₸, отдаёт в 39.0× больше видимого входа — есть внешние источники"
100000003204491100,peripheral,0.9,1,0.4755,"Признаков роли не выявлено: вход 1 (140 тыс ₸), выход 1 (100 тыс ₸)"
100000008463968100,peripheral,0.9,7,0.0829,"Признаков роли не выявлено: вход 1 (10 тыс ₸), выход 0 (0 ₸)"
100000002712416100,terminal,0.846,3,0.6013,"Конечный получатель: 117 тыс ₸ от 2 плательщиков, исходящих нет (колено 3)"
100000008754997100,peripheral,0.9,7,0.1209,"Признаков роли не выявлено: вход 1 (18 тыс ₸), выход 0 (0 ₸)"
100000008011573100,peripheral,0.9,6,0.2085,"Признаков роли не выявлено: вход 1 (15 тыс ₸), выход 0 (0 ₸)"
100000003178549100,peripheral,0.8,4,0.5393,"Признаков роли не выявлено: вход 2 (250 тыс ₸), выход 4 (89 тыс ₸)"
100000000534581100,peripheral,0.8,1,0.415,"Признаков роли не выявлено: вход 2 (56 тыс ₸), выход 1 (40 тыс ₸)"
100000007138613100,terminal,0.987,10,0.7272,"Конечный получатель: 1,0 млн ₸ от 3 плательщиков, дальше уходит 18% (колено 3)"
100000002380341100,peripheral,0.9,4,0.349,"Признаков роли не выявлено: вход 1 (58 тыс ₸), выход 0 (0 ₸)"
100000008309514100,peripheral,0.9,7,0.1161,"Признаков роли не выявлено: вход 1 (17 тыс ₸), выход 0 (0 ₸)"
100000003134474100,peripheral,0.9,6,0.3536,"Признаков роли не выявлено: вход 1 (116 тыс ₸), выход 0 (0 ₸)"
100000002373386100,peripheral,0.9,7,0.146,"Признаков роли не выявлено: вход 1 (24 тыс ₸), выход 0 (0 ₸)"
100000008684767100,peripheral,0.9,7,0.1734,"Признаков роли не выявлено: вход 1 (31 тыс ₸), выход 0 (0 ₸)"
100000008332511100,peripheral,0.9,9,0.5338,"Признаков роли не выявлено: вход 1 (100 тыс ₸), выход 0 (0 ₸)"
100000005754335100,peripheral,0.9,33,0.3548,"Признаков роли не выявлено: вход 1 (44 тыс ₸), выход 0 (0 ₸)"
100000008547295100,peripheral,0.9,20,0.2007,"Признаков роли не выявлено: вход 1 (15 тыс ₸), выход 0 (0 ₸)"
100000001875167100,terminal,0.987,6,0.6497,"Конечный получатель: 1,0 млн ₸ от 1 плательщиков, исходящих нет (колено 3)"
100000004670388100,peripheral,0.9,38,0.5834,"Признаков роли не выявлено: вход 1 (160 тыс ₸), выход 2 (720 тыс ₸)"
100000004097972100,peripheral,0.9,1,0.4652,"Признаков роли не выявлено: вход 1 (119 тыс ₸), выход 2 (10 тыс ₸)"
100000000481716100,peripheral,0.9,9,0.2482,"Признаков роли не выявлено: вход 1 (8 тыс ₸), выход 0 (0 ₸)"
100000005089460100,peripheral,0.9,7,0.0936,"Признаков роли не выявлено: вход 1 (12 тыс ₸), выход 0 (0 ₸)"
100000003105929100,peripheral,0.9,6,0.5206,"Признаков роли не выявлено: вход 1 (430 тыс ₸), выход 1 (156 тыс ₸)"
100000008379273100,peripheral,0.8,9,0.4026,"Признаков роли не выявлено: вход 2 (36 тыс ₸), выход 4 (38 тыс ₸)"
100000005357705100,peripheral,0.8,40,0.5073,"Признаков роли не выявлено: вход 1 (53 тыс ₸), выход 4 (387 тыс ₸)"
100000003111305100,terminal,0.966,3,0.7217,"Конечный получатель: 509 тыс ₸ от 4 плательщиков, исходящих нет (колено 3)"
100000008503177100,peripheral,0.9,1,0.2822,"Признаков роли не выявлено: вход 1 (34 тыс ₸), выход 0 (0 ₸)"
100000000955529100,peripheral,0.9,8,0.3575,"Признаков роли не выявлено: вход 1 (27 тыс ₸), выход 1 (64 тыс ₸)"
100000008695689100,peripheral,0.9,7,0.1571,"Признаков роли не выявлено: вход 1 (26 тыс ₸), выход 0 (0 ₸)"
100000004184158100,terminal,0.899,1,0.5558,"Конечный получатель: 204 тыс ₸ от 1 плательщиков, исходящих нет (колено 3)"
100000005475379100,peripheral,0.85,13,0.5869,"Признаков роли не выявлено: вход 1 (108 тыс ₸), выход 3 (81 тыс ₸)"
100000003093299100,peripheral,0.9,10,0.1957,"Признаков роли не выявлено: вход 1 (15 тыс ₸), выход 0 (0 ₸)"
100000008767027100,peripheral,0.9,3,0.2474,"Признаков роли не выявлено: вход 1 (5 тыс ₸), выход 0 (0 ₸)"
100000004539443100,terminal,0.779,8,0.6265,"Конечный получатель: 62 тыс ₸ от 2 плательщиков, исходящих нет (колено 3)"
100000007863304100,peripheral,0.9,6,0.2328,"Признаков роли не выявлено: вход 1 (25 тыс ₸), выход 0 (0 ₸)"
100000004959752100,peripheral,0.9,8,0.4431,"Признаков роли не выявлено: вход 1 (22 тыс ₸), выход 0 (0 ₸)"
100000002214664100,peripheral,0.9,7,0.271,"Признаков роли не выявлено: вход 1 (8 тыс ₸), выход 1 (77 тыс ₸)"
100000008192264100,transit,0.769,6,0.634,"Признаки транзита: пропускает 115% полученного (163 тыс ₸), 100% уходит дальше за ≤2 дня"
100000000942301100,peripheral,0.9,1,0.34,"Признаков роли не выявлено: вход 1 (58 тыс ₸), выход 0 (0 ₸)"
100000002578653100,peripheral,0.9,4,0.271,"Признаков роли не выявлено: вход 1 (20 тыс ₸), выход 0 (0 ₸)"
100000002511581100,peripheral,0.9,7,0.1186,"Признаков роли не выявлено: вход 1 (18 тыс ₸), выход 0 (0 ₸)"
100000005610717100,peripheral,0.6,1,0.5403,"Признаков роли не выявлено: вход 4 (484 тыс ₸), выход 1 (265 тыс ₸)"
100000005704413100,distributor,0.737,9,0.8356,"Веерное распределение: 32 получателей, 1,4 млн ₸, отдаёт в 13.9× больше видимого входа — есть внешние источники"
100000000976943100,transit,0.5,13,0.6544,Признаки транзита: пропускает 120% полученного (70 тыс ₸)
100000008708061100,peripheral,0.9,7,0.076,"Признаков роли не выявлено: вход 1 (9 тыс ₸), выход 0 (0 ₸)"
100000003986141100,peripheral,0.9,6,0.1627,"Признаков роли не выявлено: вход 1 (5 тыс ₸), выход 0 (0 ₸)"
100000005037490100,peripheral,0.9,17,0.3908,"Признаков роли не выявлено: вход 1 (15 тыс ₸), выход 2 (30 тыс ₸)"
100000004257714100,peripheral,0.9,7,0.2224,"Признаков роли не выявлено: вход 1 (52 тыс ₸), выход 0 (0 ₸)"
100000000569479100,terminal,0.934,10,0.6182,"Конечный получатель: 320 тыс ₸ от 1 плательщиков, исходящих нет (колено 3)"
100000007303047100,peripheral,0.9,7,0.2227,"Признаков роли не выявлено: вход 1 (52 тыс ₸), выход 0 (0 ₸)"
100000008708743100,peripheral,0.9,7,0.1079,"Признаков роли не выявлено: вход 1 (16 тыс ₸), выход 0 (0 ₸)"
100000008745863100,peripheral,0.9,7,0.1402,"Признаков роли не выявлено: вход 1 (23 тыс ₸), выход 0 (0 ₸)"
100000005048668100,peripheral,0.6,4,0.4319,"Признаков роли не выявлено: вход 2 (17 тыс ₸), выход 8 (159 тыс ₸)"
100000006522972100,peripheral,0.9,4,0.2208,"Признаков роли не выявлено: вход 1 (10 тыс ₸), выход 0 (0 ₸)"
100000008759857100,peripheral,0.9,3,0.5758,"Признаков роли не выявлено: вход 1 (5 тыс ₸), выход 2 (994 тыс ₸)"
100000005342513100,terminal,0.909,5,0.5383,"Конечный получатель: 235 тыс ₸ от 1 плательщиков, дальше уходит 13% (колено 3)"
100000004750897100,peripheral,0.9,2,0.2678,"Признаков роли не выявлено: вход 1 (10 тыс ₸), выход 0 (0 ₸)"
100000001140785100,terminal,0.902,3,0.6411,"Конечный получатель: 215 тыс ₸ от 2 плательщиков, исходящих нет (колено 3)"
100000002821425100,terminal,0.922,11,0.5017,"Конечный получатель: 275 тыс ₸ от 1 плательщиков, исходящих нет (колено 3)"
100000003221510100,peripheral,0.9,10,0.4135,"Признаков роли не выявлено: вход 1 (24 тыс ₸), выход 2 (120 тыс ₸)"
100000003031003100,terminal,0.925,3,0.6731,"Конечный получатель: 280 тыс ₸ от 3 плательщиков, исходящих нет (колено 3)"
100000003060187100,peripheral,0.9,18,0.37,"Признаков роли не выявлено: вход 1 (93 тыс ₸), выход 0 (0 ₸)"
100000008718811100,peripheral,0.9,7,0.2493,"Признаков роли не выявлено: вход 1 (73 тыс ₸), выход 0 (0 ₸)"
100000008043184100,peripheral,0.9,4,0.3163,"Признаков роли не выявлено: вход 1 (51 тыс ₸), выход 0 (0 ₸)"
100000002530224100,peripheral,0.9,3,0.4513,"Признаков роли не выявлено: вход 1 (113 тыс ₸), выход 0 (0 ₸)"
100000008754608100,peripheral,0.9,7,0.0936,"Признаков роли не выявлено: вход 1 (12 тыс ₸), выход 0 (0 ₸)"
100000006989232100,peripheral,0.9,1,0.2276,"Признаков роли не выявлено: вход 1 (22 тыс ₸), выход 0 (0 ₸)"
100000006532229100,peripheral,0.9,3,0.4506,"Признаков роли не выявлено: вход 1 (105 тыс ₸), выход 0 (0 ₸)"
100000005661829100,peripheral,0.9,18,0.3836,"Признаков роли не выявлено: вход 1 (38 тыс ₸), выход 2 (40 тыс ₸)"
100000004553349100,peripheral,0.9,4,0.2115,"Признаков роли не выявлено: вход 1 (8 тыс ₸), выход 0 (0 ₸)"
100000002945626100,terminal,0.972,3,0.7307,"Конечный получатель: 584 тыс ₸ от 3 плательщиков, исходящих нет (колено 3)"
100000008775471100,terminal,0.972,3,0.7189,"Конечный получатель: 580 тыс ₸ от 1 плательщиков, исходящих нет (колено 3)"
100000000404740100,boundary,0.9,25,0.4116,"Граница выгрузки: 4-е колено, исходящие не выгружались. Получил 25 тыс ₸ от 1; роль не определить без доп. выгрузки"
100000004268036100,boundary,0.9,11,0.1516,"Граница выгрузки: 4-е колено, исходящие не выгружались. Получил 6 тыс ₸ от 1; роль не определить без доп. выгрузки"
100000001256409100,boundary,0.9,21,0.2488,"Граница выгрузки: 4-е колено, исходящие не выгружались. Получил 8 тыс ₸ от 1; роль не определить без доп. выгрузки"
100000005360814100,boundary,0.9,17,0.5125,"Граница выгрузки: 4-е колено, исходящие не выгружались. Получил 144 тыс ₸ от 1; роль не определить без доп. выгрузки"
100000002369454100,boundary,0.9,1,0.3956,"Граница выгрузки: 4-е колено, исходящие не выгружались. Получил 25 тыс ₸ от 1; роль не определить без доп. выгрузки"
100000004272302100,boundary,0.9,4,0.2594,"Граница выгрузки: 4-е колено, исходящие не выгружались. Получил 10 тыс ₸ от 1; роль не определить без доп. выгрузки"
100000008727982100,boundary,0.9,20,0.32,"Граница выгрузки: 4-е колено, исходящие не выгружались. Получил 30 тыс ₸ от 1; роль не определить без доп. выгрузки"
100000000600707100,boundary,0.9,32,0.4034,"Граница выгрузки: 4-е колено, исходящие не выгружались. Получил 89 тыс ₸ от 1; роль не определить без доп. выгрузки"
100000004500781100,boundary,0.9,14,0.4936,"Граница выгрузки: 4-е колено, исходящие не выгружались. Получил 74 тыс ₸ от 1; роль не определить без доп. выгрузки"
100000008703533100,boundary,0.9,3,0.4936,"Граница выгрузки: 4-е колено, исходящие не выгружались. Получил 75 тыс ₸ от 1; роль не определить без доп. выгрузки"
100000004549591100,boundary,0.9,2,0.4452,"Граница выгрузки: 4-е колено, исходящие не выгружались. Получил 49 тыс ₸ от 1; роль не определить без доп. выгрузки"
100000002700161100,boundary,0.9,8,0.5561,"Граница выгрузки: 4-е колено, исходящие не выгружались. Получил 39 тыс ₸ от 1; роль не определить без доп. выгрузки"
100000003134550100,boundary,0.9,3,0.5203,"Граница выгрузки: 4-е колено, исходящие не выгружались. Получил 100 тыс ₸ от 1; роль не определить без доп. выгрузки"
100000001957974100,boundary,0.9,14,0.5576,"Граница выгрузки: 4-е колено, исходящие не выгружались. Получил 500 тыс ₸ от 1; роль не определить без доп. выгрузки"
100000001246806100,boundary,0.9,3,0.6071,"Граница выгрузки: 4-е колено, исходящие не выгружались. Получил 130 тыс ₸ от 1; роль не определить без доп. выгрузки"
100000003622955100,boundary,0.9,13,0.4975,"Граница выгрузки: 4-е колено, исходящие не выгружались. Получил 15 тыс ₸ от 1; роль не определить без доп. выгрузки"
100000003692843100,boundary,0.9,2,0.5893,"Граница выгрузки: 4-е колено, исходящие не выгружались. Получил 510 тыс ₸ от 1; роль не определить без доп. выгрузки"
100000008629504100,boundary,0.9,1,0.339,"Граница выгрузки: 4-е колено, исходящие не выгружались. Получил 20 тыс ₸ от 1; роль не определить без доп. выгрузки"
100000005621418100,boundary,0.9,26,0.3771,"Граница выгрузки: 4-е колено, исходящие не выгружались. Получил 30 тыс ₸ от 1; роль не определить без доп. выгрузки"
100000004167082100,boundary,0.9,4,0.3465,"Граница выгрузки: 4-е колено, исходящие не выгружались. Получил 13 тыс ₸ от 1; роль не определить без доп. выгрузки"
100000004379306100,boundary,0.9,1,0.368,"Граница выгрузки: 4-е колено, исходящие не выгружались. Получил 15 тыс ₸ от 1; роль не определить без доп. выгрузки"
100000004856746100,boundary,0.9,22,0.3359,"Граница выгрузки: 4-е колено, исходящие не выгружались. Получил 20 тыс ₸ от 1; роль не определить без доп. выгрузки"
100000004891562100,boundary,0.9,11,0.3845,"Граница выгрузки: 4-е колено, исходящие не выгружались. Получил 103 тыс ₸ от 1; роль не определить без доп. выгрузки"
100000007042175100,boundary,0.9,10,0.472,"Граница выгрузки: 4-е колено, исходящие не выгружались. Получил 60 тыс ₸ от 1; роль не определить без доп. выгрузки"
100000002670463100,boundary,0.9,11,0.279,"Граница выгрузки: 4-е колено, исходящие не выгружались. Получил 32 тыс ₸ от 1; роль не определить без доп. выгрузки"
100000005567828100,boundary,0.9,9,0.4652,"Граница выгрузки: 4-е колено, исходящие не выгружались. Получил 94 тыс ₸ от 1; роль не определить без доп. выгрузки"
100000004200745100,boundary,0.9,12,0.6159,"Граница выгрузки: 4-е колено, исходящие не выгружались. Получил 130 тыс ₸ от 1; роль не определить без доп. выгрузки"
100000003989033100,boundary,0.9,9,0.4865,"Граница выгрузки: 4-е колено, исходящие не выгружались. Получил 373 тыс ₸ от 1; роль не определить без доп. выгрузки"
100000005146665100,boundary,0.9,14,0.2397,"Граница выгрузки: 4-е колено, исходящие не выгружались. Получил 6 тыс ₸ от 1; роль не определить без доп. выгрузки"
100000003096787100,boundary,0.9,9,0.3035,"Граница выгрузки: 4-е колено, исходящие не выгружались. Получил 16 тыс ₸ от 1; роль не определить без доп. выгрузки"
100000003074515100,boundary,0.9,3,0.5251,"Граница выгрузки: 4-е колено, исходящие не выгружались. Получил 105 тыс ₸ от 1; роль не определить без доп. выгрузки"
100000004377043100,boundary,0.9,22,0.3163,"Граница выгрузки: 4-е колено, исходящие не выгружались. Получил 6 тыс ₸ от 1; роль не определить без доп. выгрузки"
100000008680061100,boundary,0.9,4,0.4008,"Граница выгрузки: 4-е колено, исходящие не выгружались. Получил 41 тыс ₸ от 1; роль не определить без доп. выгрузки"
100000008471634100,boundary,0.9,25,0.4065,"Граница выгрузки: 4-е колено, исходящие не выгружались. Получил 20 тыс ₸ от 1; роль не определить без доп. выгрузки"
100000002119762100,boundary,0.9,6,0.4821,"Граница выгрузки: 4-е колено, исходящие не выгружались. Получил 77 тыс ₸ от 1; роль не определить без доп. выгрузки"
100000008628818100,boundary,0.9,9,0.4006,"Граница выгрузки: 4-е колено, исходящие не выгружались. Получил 46 тыс ₸ от 1; роль не определить без доп. выгрузки"
100000007510567100,boundary,0.9,9,0.4155,"Граница выгрузки: 4-е колено, исходящие не выгружались. Получил 52 тыс ₸ от 1; роль не определить без доп. выгрузки"
100000004780327100,boundary,0.9,11,0.1898,"Граница выгрузки: 4-е колено, исходящие не выгружались. Получил 12 тыс ₸ от 1; роль не определить без доп. выгрузки"
100000008376785100,boundary,0.9,6,0.5507,"Граница выгрузки: 4-е колено, исходящие не выгружались. Получил 234 тыс ₸ от 1; роль не определить без доп. выгрузки"
100000005745873100,boundary,0.9,10,0.5129,"Граница выгрузки: 4-е колено, исходящие не выгружались. Получил 223 тыс ₸ от 1; роль не определить без доп. выгрузки"
100000002594214100,boundary,0.9,6,0.5912,"Граница выгрузки: 4-е колено, исходящие не выгружались. Получил 1,0 млн ₸ от 1; роль не определить без доп. выгрузки"
100000001299323100,boundary,0.9,3,0.5281,"Граница выгрузки: 4-е колено, исходящие не выгружались. Получил 109 тыс ₸ от 1; роль не определить без доп. выгрузки"
100000003838587100,boundary,0.9,14,0.3421,"Граница выгрузки: 4-е колено, исходящие не выгружались. Получил 6 тыс ₸ от 1; роль не определить без доп. выгрузки"
100000000673915100,boundary,0.9,6,0.3012,"Граница выгрузки: 4-е колено, исходящие не выгружались. Получил 20 тыс ₸ от 1; роль не определить без доп. выгрузки"
100000003061115100,boundary,0.9,1,0.4476,"Граница выгрузки: 4-е колено, исходящие не выгружались. Получил 45 тыс ₸ от 1; роль не определить без доп. выгрузки"
100000004326224100,boundary,0.9,6,0.4722,"Граница выгрузки: 4-е колено, исходящие не выгружались. Получил 60 тыс ₸ от 1; роль не определить без доп. выгрузки"
100000004988240100,boundary,0.9,10,0.3866,"Граница выгрузки: 4-е колено, исходящие не выгружались. Получил 20 тыс ₸ от 1; роль не определить без доп. выгрузки"
100000008525136100,boundary,0.9,4,0.2782,"Граница выгрузки: 4-е колено, исходящие не выгружались. Получил 14 тыс ₸ от 1; роль не определить без доп. выгрузки"
100000001991973100,boundary,0.9,11,0.2374,"Граница выгрузки: 4-е колено, исходящие не выгружались. Получил 21 тыс ₸ от 1; роль не определить без доп. выгрузки"
100000004569637100,boundary,0.9,1,0.3401,"Граница выгрузки: 4-е колено, исходящие не выгружались. Получил 6 тыс ₸ от 1; роль не определить без доп. выгрузки"
100000008675322100,boundary,0.9,6,0.5361,"Граница выгрузки: 4-е колено, исходящие не выгружались. Получил 340 тыс ₸ от 1; роль не определить без доп. выгрузки"
100000004235471100,boundary,0.9,6,0.5138,"Граница выгрузки: 4-е колено, исходящие не выгружались. Получил 180 тыс ₸ от 1; роль не определить без доп. выгрузки"
100000003194831100,boundary,0.9,9,0.1656,"Граница выгрузки: 4-е колено, исходящие не выгружались. Получил 6 тыс ₸ от 1; роль не определить без доп. выгрузки"
100000008588665100,boundary,0.9,1,0.3836,"Граница выгрузки: 4-е колено, исходящие не выгружались. Получил 25 тыс ₸ от 1; роль не определить без доп. выгрузки"
100000003230329100,boundary,0.9,3,0.5289,"Граница выгрузки: 4-е колено, исходящие не выгружались. Получил 110 тыс ₸ от 1; роль не определить без доп. выгрузки"
100000002217806100,boundary,0.9,2,0.4591,"Граница выгрузки: 4-е колено, исходящие не выгружались. Получил 55 тыс ₸ от 1; роль не определить без доп. выгрузки"
100000004041294100,boundary,0.9,25,0.3297,"Граница выгрузки: 4-е колено, исходящие не выгружались. Получил 18 тыс ₸ от 1; роль не определить без доп. выгрузки"
100000008583971100,boundary,0.9,1,0.4312,"Граница выгрузки: 4-е колено, исходящие не выгружались. Получил 51 тыс ₸ от 2; роль не определить без доп. выгрузки"
100000008251939100,boundary,0.9,9,0.3953,"Граница выгрузки: 4-е колено, исходящие не выгружались. Получил 44 тыс ₸ от 1; роль не определить без доп. выгрузки"
100000004049912100,boundary,0.9,18,0.3192,"Граница выгрузки: 4-е колено, исходящие не выгружались. Получил 10 тыс ₸ от 1; роль не определить без доп. выгрузки"
100000002227960100,boundary,0.9,19,0.296,"Граница выгрузки: 4-е колено, исходящие не выгружались. Получил 10 тыс ₸ от 1; роль не определить без доп. выгрузки"
100000008677368100,boundary,0.9,18,0.3633,"Граница выгрузки: 4-е колено, исходящие не выгружались. Получил 14 тыс ₸ от 1; роль не определить без доп. выгрузки"
100000008631800100,boundary,0.9,11,0.1944,"Граница выгрузки: 4-е колено, исходящие не выгружались. Получил 13 тыс ₸ от 1; роль не определить без доп. выгрузки"
100000003220685100,boundary,0.9,6,0.616,"Граница выгрузки: 4-е колено, исходящие не выгружались. Получил 1,3 млн ₸ от 1; роль не определить без доп. выгрузки"
100000003072205100,boundary,0.9,3,0.5693,"Граница выгрузки: 4-е колено, исходящие не выгружались. Получил 163 тыс ₸ от 2; роль не определить без доп. выгрузки"
100000001202637100,boundary,0.9,15,0.4438,"Граница выгрузки: 4-е колено, исходящие не выгружались. Получил 10 тыс ₸ от 1; роль не определить без доп. выгрузки"
100000002835874100,boundary,0.9,3,0.4748,"Граница выгрузки: 4-е колено, исходящие не выгружались. Получил 59 тыс ₸ от 1; роль не определить без доп. выгрузки"
100000002707106100,boundary,0.9,14,0.2735,"Граница выгрузки: 4-е колено, исходящие не выгружались. Получил 15 тыс ₸ от 1; роль не определить без доп. выгрузки"
100000008343415100,boundary,0.9,21,0.494,"Граница выгрузки: 4-е колено, исходящие не выгружались. Получил 100 тыс ₸ от 1; роль не определить без доп. выгрузки"
100000004981068100,boundary,0.9,4,0.3336,"Граница выгрузки: 4-е колено, исходящие не выгружались. Получил 10 тыс ₸ от 1; роль не определить без доп. выгрузки"
100000004241142100,boundary,0.9,10,0.4123,"Граница выгрузки: 4-е колено, исходящие не выгружались. Получил 27 тыс ₸ от 1; роль не определить без доп. выгрузки"
100000008190411100,boundary,0.9,29,0.531,"Граница выгрузки: 4-е колено, исходящие не выгружались. Получил 198 тыс ₸ от 1; роль не определить без доп. выгрузки"
100000008699083100,boundary,0.9,3,0.5804,"Граница выгрузки: 4-е колено, исходящие не выгружались. Получил 238 тыс ₸ от 1; роль не определить без доп. выгрузки"
100000008136608100,boundary,0.9,9,0.5411,"Граница выгрузки: 4-е колено, исходящие не выгружались. Получил 170 тыс ₸ от 1; роль не определить без доп. выгрузки"
100000008695157100,boundary,0.9,17,0.5767,"Граница выгрузки: 4-е колено, исходящие не выгружались. Получил 426 тыс ₸ от 1; роль не определить без доп. выгрузки"
100000000369781100,boundary,0.9,6,0.3307,"Граница выгрузки: 4-е колено, исходящие не выгружались. Получил 5 тыс ₸ от 1; роль не определить без доп. выгрузки"
100000003133045100,boundary,0.9,29,0.45,"Граница выгрузки: 4-е колено, исходящие не выгружались. Получил 68 тыс ₸ от 1; роль не определить без доп. выгрузки"
100000002474570100,boundary,0.9,11,0.1591,"Граница выгрузки: 4-е колено, исходящие не выгружались. Получил 7 тыс ₸ от 1; роль не определить без доп. выгрузки"
100000002514975100,boundary,0.9,26,0.3802,"Граница выгрузки: 4-е колено, исходящие не выгружались. Получил 18 тыс ₸ от 1; роль не определить без доп. выгрузки"
100000001089055100,boundary,0.9,4,0.3321,"Граница выгрузки: 4-е колено, исходящие не выгружались. Получил 13 тыс ₸ от 1; роль не определить без доп. выгрузки"
100000000608031100,boundary,0.9,4,0.4222,"Граница выгрузки: 4-е колено, исходящие не выгружались. Получил 30 тыс ₸ от 1; роль не определить без доп. выгрузки"
100000002659103100,boundary,0.9,1,0.5095,"Граница выгрузки: 4-е колено, исходящие не выгружались. Получил 165 тыс ₸ от 1; роль не определить без доп. выгрузки"
100000000733940100,boundary,0.9,28,0.5902,"Граница выгрузки: 4-е колено, исходящие не выгружались. Получил 752 тыс ₸ от 1; роль не определить без доп. выгрузки"
100000001537524100,boundary,0.9,3,0.5417,"Граница выгрузки: 4-е колено, исходящие не выгружались. Получил 150 тыс ₸ от 1; роль не определить без доп. выгрузки"
100000002971593100,boundary,0.9,6,0.4524,"Граница выгрузки: 4-е колено, исходящие не выгружались. Получил 49 тыс ₸ от 1; роль не определить без доп. выгрузки"
100000006918814100,boundary,0.9,4,0.3418,"Граница выгрузки: 4-е колено, исходящие не выгружались. Получил 20 тыс ₸ от 1; роль не определить без доп. выгрузки"
100000007381662100,boundary,0.9,18,0.2975,"Граница выгрузки: 4-е колено, исходящие не выгружались. Получил 11 тыс ₸ от 1; роль не определить без доп. выгрузки"
100000003199390100,boundary,0.9,6,0.5406,"Граница выгрузки: 4-е колено, исходящие не выгружались. Получил 260 тыс ₸ от 1; роль не определить без доп. выгрузки"
100000007749747100,boundary,0.9,3,0.5209,"Граница выгрузки: 4-е колено, исходящие не выгружались. Получил 50 тыс ₸ от 1; роль не определить без доп. выгрузки"
100000003447411100,boundary,0.9,17,0.5202,"Граница выгрузки: 4-е колено, исходящие не выгружались. Получил 302 тыс ₸ от 1; роль не определить без доп. выгрузки"
100000000500040100,boundary,0.9,18,0.3434,"Граница выгрузки: 4-е колено, исходящие не выгружались. Получил 20 тыс ₸ от 1; роль не определить без доп. выгрузки"
100000008551752100,boundary,0.9,10,0.5545,"Граница выгрузки: 4-е колено, исходящие не выгружались. Получил 406 тыс ₸ от 1; роль не определить без доп. выгрузки"
100000002876914100,boundary,0.9,11,0.1898,"Граница выгрузки: 4-е колено, исходящие не выгружались. Получил 12 тыс ₸ от 1; роль не определить без доп. выгрузки"
100000004571634100,boundary,0.9,13,0.4435,"Граница выгрузки: 4-е колено, исходящие не выгружались. Получил 20 тыс ₸ от 1; роль не определить без доп. выгрузки"
100000004610802100,boundary,0.9,4,0.5473,"Граница выгрузки: 4-е колено, исходящие не выгружались. Получил 241 тыс ₸ от 1; роль не определить без доп. выгрузки"
100000001311175100,boundary,0.9,11,0.4993,"Граница выгрузки: 4-е колено, исходящие не выгружались. Получил 300 тыс ₸ от 1; роль не определить без доп. выгрузки"
100000008740295100,boundary,0.9,3,0.606,"Граница выгрузки: 4-е колено, исходящие не выгружались. Получил 300 тыс ₸ от 1; роль не определить без доп. выгрузки"
100000002596039100,boundary,0.9,17,0.5138,"Граница выгрузки: 4-е колено, исходящие не выгружались. Получил 280 тыс ₸ от 1; роль не определить без доп. выгрузки"
100000002126791100,boundary,0.9,3,0.7112,"Граница выгрузки: 4-е колено, исходящие не выгружались. Получил 1,3 млн ₸ от 1; роль не определить без доп. выгрузки"
100000005783452100,boundary,0.9,3,0.5971,"Граница выгрузки: 4-е колено, исходящие не выгружались. Получил 286 тыс ₸ от 2; роль не определить без доп. выгрузки"
100000006693788100,boundary,0.9,1,0.355,"Граница выгрузки: 4-е колено, исходящие не выгружались. Получил 11 тыс ₸ от 1; роль не определить без доп. выгрузки"
100000002832753100,boundary,0.9,2,0.3735,"Граница выгрузки: 4-е колено, исходящие не выгружались. Получил 12 тыс ₸ от 1; роль не определить без доп. выгрузки"
100000002981489100,boundary,0.9,6,0.2626,"Граница выгрузки: 4-е колено, исходящие не выгружались. Получил 10 тыс ₸ от 1; роль не определить без доп. выгрузки"
100000003084870100,boundary,0.9,11,0.2501,"Граница выгрузки: 4-е колено, исходящие не выгружались. Получил 6 тыс ₸ от 1; роль не определить без доп. выгрузки"
100000002791494100,boundary,0.9,9,0.4568,"Граница выгрузки: 4-е колено, исходящие не выгружались. Получил 86 тыс ₸ от 1; роль не определить без доп. выгрузки"
100000003345947100,boundary,0.9,17,0.4802,"Граница выгрузки: 4-е колено, исходящие не выгружались. Получил 80 тыс ₸ от 1; роль не определить без доп. выгрузки"
100000002733083100,boundary,0.9,9,0.2969,"Граница выгрузки: 4-е колено, исходящие не выгружались. Получил 15 тыс ₸ от 1; роль не определить без доп. выгрузки"
100000003247600100,boundary,0.9,1,0.484,"Граница выгрузки: 4-е колено, исходящие не выгружались. Получил 58 тыс ₸ от 1; роль не определить без доп. выгрузки"
100000001378288100,boundary,0.9,17,0.5561,"Граница выгрузки: 4-е колено, исходящие не выгружались. Получил 268 тыс ₸ от 1; роль не определить без доп. выгрузки"
100000002305477100,boundary,0.9,19,0.3503,"Граница выгрузки: 4-е колено, исходящие не выгружались. Получил 20 тыс ₸ от 1; роль не определить без доп. выгрузки"
100000006638021100,boundary,0.9,3,0.6697,"Граница выгрузки: 4-е колено, исходящие не выгружались. Получил 388 тыс ₸ от 2; роль не определить без доп. выгрузки"
100000008517061100,boundary,0.9,14,0.6096,"Граница выгрузки: 4-е колено, исходящие не выгружались. Получил 1,8 млн ₸ от 1; роль не определить без доп. выгрузки"
100000005910895100,boundary,0.9,13,0.4141,"Граница выгрузки: 4-е колено, исходящие не выгружались. Получил 5 тыс ₸ от 1; роль не определить без доп. выгрузки"
100000002723439100,boundary,0.9,13,0.4595,"Граница выгрузки: 4-е колено, исходящие не выгружались. Получил 18 тыс ₸ от 1; роль не определить без доп. выгрузки"
100000002320495100,boundary,0.9,6,0.3639,"Граница выгрузки: 4-е колено, исходящие не выгружались. Получил 14 тыс ₸ от 1; роль не определить без доп. выгрузки"
100000002229615100,boundary,0.9,19,0.4184,"Граница выгрузки: 4-е колено, исходящие не выгружались. Получил 25 тыс ₸ от 1; роль не определить без доп. выгрузки"
100000008327791100,boundary,0.9,4,0.3574,"Граница выгрузки: 4-е колено, исходящие не выгружались. Получил 11 тыс ₸ от 1; роль не определить без доп. выгрузки"
100000002208836100,boundary,0.9,6,0.4657,"Граница выгрузки: 4-е колено, исходящие не выгружались. Получил 90 тыс ₸ от 1; роль не определить без доп. выгрузки"
100000001724740100,boundary,0.9,3,0.6289,"Граница выгрузки: 4-е колено, исходящие не выгружались. Получил 185 тыс ₸ от 1; роль не определить без доп. выгрузки"
100000004386286100,boundary,0.9,12,0.4581,"Граница выгрузки: 4-е колено, исходящие не выгружались. Получил 12 тыс ₸ от 1; роль не определить без доп. выгрузки"
100000001714883100,boundary,0.9,11,0.1601,"Граница выгрузки: 4-е колено, исходящие не выгружались. Получил 7 тыс ₸ от 1; роль не определить без доп. выгрузки"
100000008337304100,boundary,0.9,40,0.4855,"Граница выгрузки: 4-е колено, исходящие не выгружались. Получил 105 тыс ₸ от 1; роль не определить без доп. выгрузки"
100000000655469100,boundary,0.9,19,0.3647,"Граница выгрузки: 4-е колено, исходящие не выгружались. Получил 20 тыс ₸ от 1; роль не определить без доп. выгрузки"
100000008722541100,boundary,0.9,6,0.5445,"Граница выгрузки: 4-е колено, исходящие не выгружались. Получил 280 тыс ₸ от 1; роль не определить без доп. выгрузки"
100000004222274100,boundary,0.9,4,0.3743,"Граница выгрузки: 4-е колено, исходящие не выгружались. Получил 16 тыс ₸ от 1; роль не определить без доп. выгрузки"
100000006232642100,boundary,0.9,33,0.5749,"Граница выгрузки: 4-е колено, исходящие не выгружались. Получил 456 тыс ₸ от 1; роль не определить без доп. выгрузки"
100000004066370100,boundary,0.9,32,0.3863,"Граница выгрузки: 4-е колено, исходящие не выгружались. Получил 65 тыс ₸ от 1; роль не определить без доп. выгрузки"
100000005685783100,boundary,0.9,7,0.3129,"Граница выгрузки: 4-е колено, исходящие не выгружались. Получил 26 тыс ₸ от 1; роль не определить без доп. выгрузки"
100000006171671100,boundary,0.9,10,0.3477,"Граница выгрузки: 4-е колено, исходящие не выгружались. Получил 10 тыс ₸ от 1; роль не определить без доп. выгрузки"
100000003481025100,boundary,0.9,4,0.3433,"Граница выгрузки: 4-е колено, исходящие не выгружались. Получил 9 тыс ₸ от 1; роль не определить без доп. выгрузки"
100000003646145100,boundary,0.9,9,0.4141,"Граница выгрузки: 4-е колено, исходящие не выгружались. Получил 5 тыс ₸ от 1; роль не определить без доп. выгрузки"
100000002659265100,boundary,0.9,3,0.5603,"Граница выгрузки: 4-е колено, исходящие не выгружались. Получил 141 тыс ₸ от 1; роль не определить без доп. выгрузки"
100000003289281100,boundary,0.9,1,0.4478,"Граница выгрузки: 4-е колено, исходящие не выгружались. Получил 40 тыс ₸ от 1; роль не определить без доп. выгрузки"
100000004840086100,boundary,0.9,1,0.5056,"Граница выгрузки: 4-е колено, исходящие не выгружались. Получил 100 тыс ₸ от 1; роль не определить без доп. выгрузки"
100000008554390100,boundary,0.9,11,0.1993,"Граница выгрузки: 4-е колено, исходящие не выгружались. Получил 14 тыс ₸ от 1; роль не определить без доп. выгрузки"
100000004691350100,boundary,0.9,38,0.3781,"Граница выгрузки: 4-е колено, исходящие не выгружались. Получил 13 тыс ₸ от 1; роль не определить без доп. выгрузки"
100000004652395100,boundary,0.9,4,0.4789,"Граница выгрузки: 4-е колено, исходящие не выгружались. Получил 102 тыс ₸ от 3; роль не определить без доп. выгрузки"
100000004979264100,boundary,0.9,3,0.4989,"Граница выгрузки: 4-е колено, исходящие не выгружались. Получил 40 тыс ₸ от 1; роль не определить без доп. выгрузки"
100000008074304100,boundary,0.9,6,0.3072,"Граница выгрузки: 4-е колено, исходящие не выгружались. Получил 6 тыс ₸ от 1; роль не определить без доп. выгрузки"
100000002227989100,boundary,0.9,19,0.3747,"Граница выгрузки: 4-е колено, исходящие не выгружались. Получил 20 тыс ₸ от 1; роль не определить без доп. выгрузки"
100000003207060100,boundary,0.9,1,0.4528,"Граница выгрузки: 4-е колено, исходящие не выгружались. Получил 53 тыс ₸ от 1; роль не определить без доп. выгрузки"
100000004601193100,boundary,0.9,13,0.5703,"Граница выгрузки: 4-е колено, исходящие не выгружались. Получил 84 тыс ₸ от 1; роль не определить без доп. выгрузки"
100000004991593100,boundary,0.9,4,0.4252,"Граница выгрузки: 4-е колено, исходящие не выгружались. Получил 45 тыс ₸ от 1; роль не определить без доп. выгрузки"
100000003128638100,boundary,0.9,3,0.6159,"Граница выгрузки: 4-е колено, исходящие не выгружались. Получил 300 тыс ₸ от 1; роль не определить без доп. выгрузки"
100000005878334100,boundary,0.9,21,0.4706,"Граница выгрузки: 4-е колено, исходящие не выгружались. Получил 76 тыс ₸ от 1; роль не определить без доп. выгрузки"
100000002878483100,boundary,0.9,11,0.1548,"Граница выгрузки: 4-е колено, исходящие не выгружались. Получил 6 тыс ₸ от 1; роль не определить без доп. выгрузки"
100000000981693100,boundary,0.9,10,0.3737,"Граница выгрузки: 4-е колено, исходящие не выгружались. Получил 16 тыс ₸ от 1; роль не определить без доп. выгрузки"
100000006416061100,boundary,0.9,10,0.4111,"Граница выгрузки: 4-е колено, исходящие не выгружались. Получил 30 тыс ₸ от 1; роль не определить без доп. выгрузки"
100000008168850100,boundary,0.9,6,0.539,"Граница выгрузки: 4-е колено, исходящие не выгружались. Получил 188 тыс ₸ от 1; роль не определить без доп. выгрузки"
100000004747154100,boundary,0.9,29,0.4493,"Граница выгрузки: 4-е колено, исходящие не выгружались. Получил 67 тыс ₸ от 1; роль не определить без доп. выгрузки"
100000008524903100,boundary,0.9,10,0.3402,"Граница выгрузки: 4-е колено, исходящие не выгружались. Получил 15 тыс ₸ от 1; роль не определить без доп. выгрузки"
100000005049404100,boundary,0.9,6,0.4623,"Граница выгрузки: 4-е колено, исходящие не выгружались. Получил 98 тыс ₸ от 1; роль не определить без доп. выгрузки"
100000002258492100,boundary,0.9,16,0.4192,"Граница выгрузки: 4-е колено, исходящие не выгружались. Получил 9 тыс ₸ от 1; роль не определить без доп. выгрузки"
100000005497148100,boundary,0.9,6,0.3968,"Граница выгрузки: 4-е колено, исходящие не выгружались. Получил 24 тыс ₸ от 1; роль не определить без доп. выгрузки"
100000004596284100,boundary,0.9,2,0.4284,"Граница выгрузки: 4-е колено, исходящие не выгружались. Получил 30 тыс ₸ от 1; роль не определить без доп. выгрузки"
100000007960337100,boundary,0.9,17,0.3839,"Граница выгрузки: 4-е колено, исходящие не выгружались. Получил 36 тыс ₸ от 1; роль не определить без доп. выгрузки"
100000003180305100,boundary,0.9,10,0.5194,"Граница выгрузки: 4-е колено, исходящие не выгружались. Получил 144 тыс ₸ от 1; роль не определить без доп. выгрузки"
100000007653094100,boundary,0.9,1,0.3814,"Граница выгрузки: 4-е колено, исходящие не выгружались. Получил 16 тыс ₸ от 1; роль не определить без доп. выгрузки"
100000008175078100,boundary,0.9,6,0.6144,"Граница выгрузки: 4-е колено, исходящие не выгружались. Получил 1,8 млн ₸ от 1; роль не определить без доп. выгрузки"
100000004263867100,boundary,0.9,11,0.1702,"Граница выгрузки: 4-е колено, исходящие не выгружались. Получил 9 тыс ₸ от 1; роль не определить без доп. выгрузки"
100000002194320100,boundary,0.9,2,0.5541,"Граница выгрузки: 4-е колено, исходящие не выгружались. Получил 275 тыс ₸ от 1; роль не определить без доп. выгрузки"
100000001222245100,boundary,0.9,6,0.585,"Граница выгрузки: 4-е колено, исходящие не выгружались. Получил 420 тыс ₸ от 1; роль не определить без доп. выгрузки"
100000008151098100,boundary,0.9,26,0.3781,"Граница выгрузки: 4-е колено, исходящие не выгружались. Получил 30 тыс ₸ от 1; роль не определить без доп. выгрузки"
100000008735802100,boundary,0.9,10,0.4869,"Граница выгрузки: 4-е колено, исходящие не выгружались. Получил 85 тыс ₸ от 1; роль не определить без доп. выгрузки"
100000004047887100,boundary,0.9,6,0.3306,"Граница выгрузки: 4-е колено, исходящие не выгружались. Получил 30 тыс ₸ от 1; роль не определить без доп. выгрузки"
100000003146511100,boundary,0.9,4,0.3102,"Граница выгрузки: 4-е колено, исходящие не выгружались. Получил 10 тыс ₸ от 1; роль не определить без доп. выгрузки"
100000007511780100,boundary,0.9,4,0.5344,"Граница выгрузки: 4-е колено, исходящие не выгружались. Получил 155 тыс ₸ от 1; роль не определить без доп. выгрузки"
100000007867364100,boundary,0.9,18,0.4341,"Граница выгрузки: 4-е колено, исходящие не выгружались. Получил 42 тыс ₸ от 1; роль не определить без доп. выгрузки"
100000006288612100,boundary,0.9,12,0.3662,"Граница выгрузки: 4-е колено, исходящие не выгружались. Получил 31 тыс ₸ от 1; роль не определить без доп. выгрузки"
100000006735545100,boundary,0.9,4,0.2637,"Граница выгрузки: 4-е колено, исходящие не выгружались. Получил 5 тыс ₸ от 1; роль не определить без доп. выгрузки"
100000004403641100,boundary,0.9,3,0.5557,"Граница выгрузки: 4-е колено, исходящие не выгружались. Получил 172 тыс ₸ от 1; роль не определить без доп. выгрузки"
100000003370425100,boundary,0.9,1,0.3991,"Граница выгрузки: 4-е колено, исходящие не выгружались. Получил 20 тыс ₸ от 1; роль не определить без доп. выгрузки"
100000004350094100,boundary,0.9,1,0.4049,"Граница выгрузки: 4-е колено, исходящие не выгружались. Получил 20 тыс ₸ от 1; роль не определить без доп. выгрузки"
100000004911971100,boundary,0.9,6,0.3478,"Граница выгрузки: 4-е колено, исходящие не выгружались. Получил 35 тыс ₸ от 1; роль не определить без доп. выгрузки"
100000001202787100,boundary,0.9,4,0.344,"Граница выгрузки: 4-е колено, исходящие не выгружались. Получил 15 тыс ₸ от 2; роль не определить без доп. выгрузки"
100000008469048100,boundary,0.9,1,0.5655,"Граница выгрузки: 4-е колено, исходящие не выгружались. Получил 265 тыс ₸ от 1; роль не определить без доп. выгрузки"
100000002635746100,boundary,0.9,11,0.1501,"Граница выгрузки: 4-е колено, исходящие не выгружались. Получил 5 тыс ₸ от 1; роль не определить без доп. выгрузки"
100000008321975100,boundary,0.9,19,0.2883,"Граница выгрузки: 4-е колено, исходящие не выгружались. Получил 6 тыс ₸ от 1; роль не определить без доп. выгрузки"
100000003078839100,boundary,0.9,1,0.3273,"Граница выгрузки: 4-е колено, исходящие не выгружались. Получил 14 тыс ₸ от 1; роль не определить без доп. выгрузки"
100000004006327100,boundary,0.9,3,0.6419,"Граница выгрузки: 4-е колено, исходящие не выгружались. Получил 300 тыс ₸ от 1; роль не определить без доп. выгрузки"
100000007865484100,boundary,0.9,10,0.577,"Граница выгрузки: 4-е колено, исходящие не выгружались. Получил 585 тыс ₸ от 1; роль не определить без доп. выгрузки"
100000005367180100,boundary,0.9,1,0.3551,"Граница выгрузки: 4-е колено, исходящие не выгружались. Получил 8 тыс ₸ от 1; роль не определить без доп. выгрузки"
100000001669260100,boundary,0.9,21,0.4998,"Граница выгрузки: 4-е колено, исходящие не выгружались. Получил 500 тыс ₸ от 1; роль не определить без доп. выгрузки"
100000001297206100,boundary,0.9,1,0.283,"Граница выгрузки: 4-е колено, исходящие не выгружались. Получил 7 тыс ₸ от 1; роль не определить без доп. выгрузки"
100000002645046100,boundary,0.9,11,0.1898,"Граница выгрузки: 4-е колено, исходящие не выгружались. Получил 12 тыс ₸ от 1; роль не определить без доп. выгрузки"
100000006308406100,boundary,0.9,19,0.5397,"Граница выгрузки: 4-е колено, исходящие не выгружались. Получил 183 тыс ₸ от 1; роль не определить без доп. выгрузки"
100000002728246100,boundary,0.9,6,0.3519,"Граница выгрузки: 4-е колено, исходящие не выгружались. Получил 10 тыс ₸ от 1; роль не определить без доп. выгрузки"
100000001590795100,boundary,0.9,11,0.1483,"Граница выгрузки: 4-е колено, исходящие не выгружались. Получил 5 тыс ₸ от 1; роль не определить без доп. выгрузки"
100000006257675100,boundary,0.9,19,0.4629,"Граница выгрузки: 4-е колено, исходящие не выгружались. Получил 70 тыс ₸ от 1; роль не определить без доп. выгрузки"
100000002130400100,boundary,0.9,32,0.2181,"Граница выгрузки: 4-е колено, исходящие не выгружались. Получил 10 тыс ₸ от 1; роль не определить без доп. выгрузки"
100000000557536100,boundary,0.9,6,0.4761,"Граница выгрузки: 4-е колено, исходящие не выгружались. Получил 153 тыс ₸ от 1; роль не определить без доп. выгрузки"
100000002689717100,boundary,0.9,9,0.4046,"Граница выгрузки: 4-е колено, исходящие не выгружались. Получил 48 тыс ₸ от 1; роль не определить без доп. выгрузки"
100000005189258100,boundary,0.9,4,0.4212,"Граница выгрузки: 4-е колено, исходящие не выгружались. Получил 50 тыс ₸ от 1; роль не определить без доп. выгрузки"
100000002748511100,boundary,0.9,2,0.3952,"Граница выгрузки: 4-е колено, исходящие не выгружались. Получил 20 тыс ₸ от 1; роль не определить без доп. выгрузки"
100000002371892100,boundary,0.9,2,0.3993,"Граница выгрузки: 4-е колено, исходящие не выгружались. Получил 44 тыс ₸ от 1; роль не определить без доп. выгрузки"
100000008130868100,boundary,0.9,11,0.292,"Граница выгрузки: 4-е колено, исходящие не выгружались. Получил 23 тыс ₸ от 1; роль не определить без доп. выгрузки"
100000007153161100,boundary,0.9,10,0.4449,"Граница выгрузки: 4-е колено, исходящие не выгружались. Получил 45 тыс ₸ от 1; роль не определить без доп. выгрузки"
100000002994441100,boundary,0.9,1,0.336,"Граница выгрузки: 4-е колено, исходящие не выгружались. Получил 5 тыс ₸ от 1; роль не определить без доп. выгрузки"
100000001065481100,boundary,0.9,17,0.3646,"Граница выгрузки: 4-е колено, исходящие не выгружались. Получил 16 тыс ₸ от 1; роль не определить без доп. выгрузки"
100000007731977100,boundary,0.9,18,0.4303,"Граница выгрузки: 4-е колено, исходящие не выгружались. Получил 50 тыс ₸ от 1; роль не определить без доп. выгрузки"
100000003252446100,boundary,0.9,3,0.528,"Граница выгрузки: 4-е колено, исходящие не выгружались. Получил 109 тыс ₸ от 1; роль не определить без доп. выгрузки"
100000002671326100,boundary,0.9,29,0.6212,"Граница выгрузки: 4-е колено, исходящие не выгружались. Получил 1,1 млн ₸ от 1; роль не определить без доп. выгрузки"
100000005087923100,boundary,0.9,9,0.2839,"Граница выгрузки: 4-е колено, исходящие не выгружались. Получил 20 тыс ₸ от 1; роль не определить без доп. выгрузки"
100000008770483100,boundary,0.9,3,0.3366,"Граница выгрузки: 4-е колено, исходящие не выгружались. Получил 5 тыс ₸ от 1; роль не определить без доп. выгрузки"
100000002748040100,boundary,0.9,9,0.3122,"Граница выгрузки: 4-е колено, исходящие не выгружались. Получил 18 тыс ₸ от 1; роль не определить без доп. выгрузки"
100000004800648100,boundary,0.9,12,0.4912,"Граница выгрузки: 4-е колено, исходящие не выгружались. Получил 131 тыс ₸ от 1; роль не определить без доп. выгрузки"
100000005025629100,boundary,0.9,6,0.2963,"Граница выгрузки: 4-е колено, исходящие не выгружались. Получил 5 тыс ₸ от 1; роль не определить без доп. выгрузки"
100000000581682100,boundary,0.9,22,0.2555,"Граница выгрузки: 4-е колено, исходящие не выгружались. Получил 5 тыс ₸ от 1; роль не определить без доп. выгрузки"
100000004976946100,boundary,0.9,10,0.5217,"Граница выгрузки: 4-е колено, исходящие не выгружались. Получил 246 тыс ₸ от 1; роль не определить без доп. выгрузки"
100000000957746100,boundary,0.9,6,0.3108,"Граница выгрузки: 4-е колено, исходящие не выгружались. Получил 5 тыс ₸ от 1; роль не определить без доп. выгрузки"
100000003001138100,boundary,0.9,22,0.3851,"Граница выгрузки: 4-е колено, исходящие не выгружались. Получил 30 тыс ₸ от 1; роль не определить без доп. выгрузки"
100000001325618100,boundary,0.9,11,0.1719,"Граница выгрузки: 4-е колено, исходящие не выгружались. Получил 9 тыс ₸ от 1; роль не определить без доп. выгрузки"
100000003792647100,boundary,0.9,6,0.3292,"Граница выгрузки: 4-е колено, исходящие не выгружались. Получил 8 тыс ₸ от 1; роль не определить без доп. выгрузки"
100000004107228100,boundary,0.9,10,0.2455,"Граница выгрузки: 4-е колено, исходящие не выгружались. Получил 5 тыс ₸ от 1; роль не определить без доп. выгрузки"
100000003500764100,boundary,0.9,6,0.3922,"Граница выгрузки: 4-е колено, исходящие не выгружались. Получил 21 тыс ₸ от 1; роль не определить без доп. выгрузки"
100000004261340100,boundary,0.9,4,0.4299,"Граница выгрузки: 4-е колено, исходящие не выгружались. Получил 48 тыс ₸ от 1; роль не определить без доп. выгрузки"
100000008172721100,boundary,0.9,40,0.5201,"Граница выгрузки: 4-е колено, исходящие не выгружались. Получил 168 тыс ₸ от 1; роль не определить без доп. выгрузки"
100000005079473100,boundary,0.9,17,0.4073,"Граница выгрузки: 4-е колено, исходящие не выгружались. Получил 39 тыс ₸ от 1; роль не определить без доп. выгрузки"
100000004850609100,boundary,0.9,4,0.3114,"Граница выгрузки: 4-е колено, исходящие не выгружались. Получил 10 тыс ₸ от 1; роль не определить без доп. выгрузки"
100000005042822100,boundary,0.9,28,0.6017,"Граница выгрузки: 4-е колено, исходящие не выгружались. Получил 1,0 млн ₸ от 1; роль не определить без доп. выгрузки"
100000002794374100,boundary,0.9,3,0.5806,"Граница выгрузки: 4-е колено, исходящие не выгружались. Получил 111 тыс ₸ от 1; роль не определить без доп. выгрузки"
100000002860934100,boundary,0.9,22,0.5677,"Граница выгрузки: 4-е колено, исходящие не выгружались. Получил 280 тыс ₸ от 1; роль не определить без доп. выгрузки"
100000003097947100,boundary,0.9,40,0.4299,"Граница выгрузки: 4-е колено, исходящие не выгружались. Получил 53 тыс ₸ от 1; роль не определить без доп. выгрузки"
100000004260869100,boundary,0.9,2,0.3651,"Граница выгрузки: 4-е колено, исходящие не выгружались. Получил 10 тыс ₸ от 1; роль не определить без доп. выгрузки"
100000008762885100,boundary,0.9,3,0.3198,"Граница выгрузки: 4-е колено, исходящие не выгружались. Получил 7 тыс ₸ от 1; роль не определить без доп. выгрузки"
100000002986245100,boundary,0.9,11,0.1532,"Граница выгрузки: 4-е колено, исходящие не выгружались. Получил 6 тыс ₸ от 1; роль не определить без доп. выгрузки"
100000001471706100,boundary,0.9,16,0.6502,"Граница выгрузки: 4-е колено, исходящие не выгружались. Получил 377 тыс ₸ от 1; роль не определить без доп. выгрузки"
100000002304943100,boundary,0.9,19,0.3235,"Граница выгрузки: 4-е колено, исходящие не выгружались. Получил 15 тыс ₸ от 1; роль не определить без доп. выгрузки"
100000002695812100,boundary,0.9,9,0.4673,"Граница выгрузки: 4-е колено, исходящие не выгружались. Получил 95 тыс ₸ от 1; роль не определить без доп. выгрузки"
100000008761220100,boundary,0.9,3,0.3286,"Граница выгрузки: 4-е колено, исходящие не выгружались. Получил 10 тыс ₸ от 1; роль не определить без доп. выгрузки"
100000004890713100,boundary,0.9,9,0.3891,"Граница выгрузки: 4-е колено, исходящие не выгружались. Получил 40 тыс ₸ от 1; роль не определить без доп. выгрузки"
100000003083865100,boundary,0.9,9,0.2944,"Граница выгрузки: 4-е колено, исходящие не выгружались. Получил 15 тыс ₸ от 1; роль не определить без доп. выгрузки"
100000004030553100,boundary,0.9,21,0.3809,"Граница выгрузки: 4-е колено, исходящие не выгружались. Получил 70 тыс ₸ от 1; роль не определить без доп. выгрузки"
100000002653187100,boundary,0.9,12,0.4341,"Граница выгрузки: 4-е колено, исходящие не выгружались. Получил 15 тыс ₸ от 1; роль не определить без доп. выгрузки"
100000006412162100,boundary,0.9,11,0.2054,"Граница выгрузки: 4-е колено, исходящие не выгружались. Получил 15 тыс ₸ от 1; роль не определить без доп. выгрузки"
100000004674178100,boundary,0.9,25,0.34,"Граница выгрузки: 4-е колено, исходящие не выгружались. Получил 20 тыс ₸ от 1; роль не определить без доп. выгрузки"
100000004070530100,boundary,0.9,6,0.2956,"Граница выгрузки: 4-е колено, исходящие не выгружались. Получил 20 тыс ₸ от 1; роль не определить без доп. выгрузки"
100000006706519100,boundary,0.9,10,0.4183,"Граница выгрузки: 4-е колено, исходящие не выгружались. Получил 36 тыс ₸ от 1; роль не определить без доп. выгрузки"
100000005636951100,boundary,0.9,9,0.3528,"Граница выгрузки: 4-е колено, исходящие не выгружались. Получил 40 тыс ₸ от 1; роль не определить без доп. выгрузки"
100000003040087100,boundary,0.9,9,0.3577,"Граница выгрузки: 4-е колено, исходящие не выгружались. Получил 29 тыс ₸ от 1; роль не определить без доп. выгрузки"
100000008766764100,boundary,0.9,3,0.307,"Граница выгрузки: 4-е колено, исходящие не выгружались. Получил 5 тыс ₸ от 1; роль не определить без доп. выгрузки"
100000000299820100,boundary,0.9,1,0.3419,"Граница выгрузки: 4-е колено, исходящие не выгружались. Получил 10 тыс ₸ от 1; роль не определить без доп. выгрузки"
100000008349740100,boundary,0.9,6,0.4098,"Граница выгрузки: 4-е колено, исходящие не выгружались. Получил 70 тыс ₸ от 1; роль не определить без доп. выгрузки"
100000008761132100,boundary,0.9,3,0.3286,"Граница выгрузки: 4-е колено, исходящие не выгружались. Получил 10 тыс ₸ от 1; роль не определить без доп. выгрузки"
100000002540033100,boundary,0.9,3,0.448,"Граница выгрузки: 4-е колено, исходящие не выгружались. Получил 10 тыс ₸ от 1; роль не определить без доп. выгрузки"
100000001845505100,boundary,0.9,1,0.3968,"Граница выгрузки: 4-е колено, исходящие не выгружались. Получил 20 тыс ₸ от 1; роль не определить без доп. выгрузки"
100000003782913100,boundary,0.9,14,0.4893,"Граница выгрузки: 4-е колено, исходящие не выгружались. Получил 200 тыс ₸ от 1; роль не определить без доп. выгрузки"
100000008778753100,boundary,0.9,25,0.2856,"Граница выгрузки: 4-е колено, исходящие не выгружались. Получил 10 тыс ₸ от 1; роль не определить без доп. выгрузки"
100000008710913100,boundary,0.9,3,0.3472,"Граница выгрузки: 4-е колено, исходящие не выгружались. Получил 14 тыс ₸ от 1; роль не определить без доп. выгрузки"
100000005495211100,boundary,0.9,1,0.3716,"Граница выгрузки: 4-е колено, исходящие не выгружались. Получил 14 тыс ₸ от 1; роль не определить без доп. выгрузки"
100000004013952100,boundary,0.9,1,0.3353,"Граница выгрузки: 4-е колено, исходящие не выгружались. Получил 6 тыс ₸ от 1; роль не определить без доп. выгрузки"
100000007330432100,boundary,0.9,2,0.5977,"Граница выгрузки: 4-е колено, исходящие не выгружались. Получил 585 тыс ₸ от 1; роль не определить без доп. выгрузки"
100000000737152100,boundary,0.9,10,0.407,"Граница выгрузки: 4-е колено, исходящие не выгружались. Получил 35 тыс ₸ от 1; роль не определить без доп. выгрузки"
100000004674389100,boundary,0.9,13,0.4185,"Граница выгрузки: 4-е колено, исходящие не выгружались. Получил 15 тыс ₸ от 1; роль не определить без доп. выгрузки"
100000002529877100,boundary,0.9,3,0.5779,"Граница выгрузки: 4-е колено, исходящие не выгружались. Получил 232 тыс ₸ от 1; роль не определить без доп. выгрузки"
100000004035925100,boundary,0.9,2,0.6046,"Граница выгрузки: 4-е колено, исходящие не выгружались. Получил 1,1 млн ₸ от 1; роль не определить без доп. выгрузки"
100000002188586100,boundary,0.9,9,0.3837,"Граница выгрузки: 4-е колено, исходящие не выгружались. Получил 38 тыс ₸ от 1; роль не определить без доп. выгрузки"
100000008050986100,boundary,0.9,6,0.4595,"Граница выгрузки: 4-е колено, исходящие не выгружались. Получил 95 тыс ₸ от 1; роль не определить без доп. выгрузки"
100000004777215100,boundary,0.9,19,0.4638,"Граница выгрузки: 4-е колено, исходящие не выгружались. Получил 60 тыс ₸ от 1; роль не определить без доп. выгрузки"
100000000926078100,boundary,0.9,1,0.5525,"Граница выгрузки: 4-е колено, исходящие не выгружались. Получил 250 тыс ₸ от 1; роль не определить без доп. выгрузки"
100000003486846100,boundary,0.9,2,0.4124,"Граница выгрузки: 4-е колено, исходящие не выгружались. Получил 27 тыс ₸ от 1; роль не определить без доп. выгрузки"
100000002516862100,boundary,0.9,4,0.464,"Граница выгрузки: 4-е колено, исходящие не выгружались. Получил 82 тыс ₸ от 1; роль не определить без доп. выгрузки"
100000008730238100,boundary,0.9,3,0.5902,"Граница выгрузки: 4-е колено, исходящие не выгружались. Получил 113 тыс ₸ от 1; роль не определить без доп. выгрузки"
100000000803368100,boundary,0.9,14,0.5239,"Граница выгрузки: 4-е колено, исходящие не выгружались. Получил 140 тыс ₸ от 1; роль не определить без доп. выгрузки"
100000002528978100,boundary,0.9,9,0.3008,"Граница выгрузки: 4-е колено, исходящие не выгружались. Получил 16 тыс ₸ от 1; роль не определить без доп. выгрузки"
100000002597074100,boundary,0.9,10,0.301,"Граница выгрузки: 4-е колено, исходящие не выгружались. Получил 8 тыс ₸ от 1; роль не определить без доп. выгрузки"
100000003631015100,boundary,0.9,10,0.5265,"Граница выгрузки: 4-е колено, исходящие не выгружались. Получил 266 тыс ₸ от 1; роль не определить без доп. выгрузки"
100000008255655100,boundary,0.9,4,0.3336,"Граница выгрузки: 4-е колено, исходящие не выгружались. Получил 5 тыс ₸ от 1; роль не определить без доп. выгрузки"
100000004265639100,boundary,0.9,1,0.3549,"Граница выгрузки: 4-е колено, исходящие не выгружались. Получил 10 тыс ₸ от 1; роль не определить без доп. выгрузки"
100000002726055100,boundary,0.9,19,0.3247,"Граница выгрузки: 4-е колено, исходящие не выгружались. Получил 10 тыс ₸ от 1; роль не определить без доп. выгрузки"
100000003696422100,boundary,0.9,28,0.5257,"Граница выгрузки: 4-е колено, исходящие не выгружались. Получил 118 тыс ₸ от 1; роль не определить без доп. выгрузки"
100000007745062100,boundary,0.9,12,0.6029,"Граница выгрузки: 4-е колено, исходящие не выгружались. Получил 100 тыс ₸ от 1; роль не определить без доп. выгрузки"
100000005041147100,boundary,0.9,1,0.3505,"Граница выгрузки: 4-е колено, исходящие не выгружались. Получил 10 тыс ₸ от 1; роль не определить без доп. выгрузки"
100000003819173100,boundary,0.9,17,0.4596,"Граница выгрузки: 4-е колено, исходящие не выгружались. Получил 144 тыс ₸ от 1; роль не определить без доп. выгрузки"
100000001275557100,boundary,0.9,23,0.3654,"Граница выгрузки: 4-е колено, исходящие не выгружались. Получил 20 тыс ₸ от 1; роль не определить без доп. выгрузки"
100000002706810100,boundary,0.9,11,0.3082,"Граница выгрузки: 4-е колено, исходящие не выгружались. Получил 45 тыс ₸ от 1; роль не определить без доп. выгрузки"
100000002896506100,boundary,0.9,21,0.4091,"Граница выгрузки: 4-е колено, исходящие не выгружались. Получил 45 тыс ₸ от 1; роль не определить без доп. выгрузки"
100000008766031100,boundary,0.9,3,0.308,"Граница выгрузки: 4-е колено, исходящие не выгружались. Получил 5 тыс ₸ от 1; роль не определить без доп. выгрузки"
100000008758607100,boundary,0.9,3,0.307,"Граница выгрузки: 4-е колено, исходящие не выгружались. Получил 5 тыс ₸ от 1; роль не определить без доп. выгрузки"
100000008648783100,boundary,0.9,11,0.1493,"Граница выгрузки: 4-е колено, исходящие не выгружались. Получил 5 тыс ₸ от 1; роль не определить без доп. выгрузки"
100000004291663100,boundary,0.9,18,0.3651,"Граница выгрузки: 4-е колено, исходящие не выгружались. Получил 25 тыс ₸ от 1; роль не определить без доп. выгрузки"
100000003037476100,boundary,0.9,3,0.6463,"Граница выгрузки: 4-е колено, исходящие не выгружались. Получил 555 тыс ₸ от 3; роль не определить без доп. выгрузки"
100000008715513100,boundary,0.9,11,0.2819,"Граница выгрузки: 4-е колено, исходящие не выгружались. Получил 32 тыс ₸ от 1; роль не определить без доп. выгрузки"
100000001276409100,boundary,0.9,9,0.4665,"Граница выгрузки: 4-е колено, исходящие не выгружались. Получил 95 тыс ₸ от 1; роль не определить без доп. выгрузки"
100000003232675100,boundary,0.9,4,0.4315,"Граница выгрузки: 4-е колено, исходящие не выгружались. Получил 44 тыс ₸ от 1; роль не определить без доп. выгрузки"
100000007988344100,boundary,0.9,1,0.3732,"Граница выгрузки: 4-е колено, исходящие не выгружались. Получил 20 тыс ₸ от 1; роль не определить без доп. выгрузки"
100000003047800100,boundary,0.9,11,0.2446,"Граница выгрузки: 4-е колено, исходящие не выгружались. Получил 12 тыс ₸ от 1; роль не определить без доп. выгрузки"
100000003230328100,boundary,0.9,18,0.3898,"Граница выгрузки: 4-е колено, исходящие не выгружались. Получил 27 тыс ₸ от 3; роль не определить без доп. выгрузки"
100000002702968100,boundary,0.9,9,0.3679,"Граница выгрузки: 4-е колено, исходящие не выгружались. Получил 32 тыс ₸ от 1; роль не определить без доп. выгрузки"
100000004788983100,boundary,0.9,10,0.3952,"Граница выгрузки: 4-е колено, исходящие не выгружались. Получил 27 тыс ₸ от 1; роль не определить без доп. выгрузки"
100000006490615100,boundary,0.9,4,0.4283,"Граница выгрузки: 4-е колено, исходящие не выгружались. Получил 42 тыс ₸ от 1; роль не определить без доп. выгрузки"
100000008745676100,boundary,0.9,7,0.3314,"Граница выгрузки: 4-е колено, исходящие не выгружались. Получил 35 тыс ₸ от 1; роль не определить без доп. выгрузки"
100000001598625100,boundary,0.9,1,0.3956,"Граница выгрузки: 4-е колено, исходящие не выгружались. Получил 25 тыс ₸ от 1; роль не определить без доп. выгрузки"
100000008461217100,boundary,0.9,8,0.4878,"Граница выгрузки: 4-е колено, исходящие не выгружались. Получил 18 тыс ₸ от 1; роль не определить без доп. выгрузки"
100000005711521100,boundary,0.9,4,0.5533,"Граница выгрузки: 4-е колено, исходящие не выгружались. Получил 238 тыс ₸ от 1; роль не определить без доп. выгрузки"
100000002713974100,boundary,0.9,17,0.4282,"Граница выгрузки: 4-е колено, исходящие не выгружались. Получил 50 тыс ₸ от 1; роль не определить без доп. выгрузки"
100000005272139100,boundary,0.9,2,0.5456,"Граница выгрузки: 4-е колено, исходящие не выгружались. Получил 165 тыс ₸ от 1; роль не определить без доп. выгрузки"
100000002968096100,boundary,0.9,17,0.4457,"Граница выгрузки: 4-е колено, исходящие не выгружались. Получил 70 тыс ₸ от 1; роль не определить без доп. выгрузки"
100000004449824100,boundary,0.9,11,0.1702,"Граница выгрузки: 4-е колено, исходящие не выгружались. Получил 9 тыс ₸ от 1; роль не определить без доп. выгрузки"
100000004502048100,boundary,0.9,18,0.3377,"Граница выгрузки: 4-е колено, исходящие не выгружались. Получил 14 тыс ₸ от 1; роль не определить без доп. выгрузки"
100000002660298100,boundary,0.9,9,0.3655,"Граница выгрузки: 4-е колено, исходящие не выгружались. Получил 31 тыс ₸ от 1; роль не определить без доп. выгрузки"
100000001299828100,boundary,0.9,1,0.5072,"Граница выгрузки: 4-е колено, исходящие не выгружались. Получил 100 тыс ₸ от 1; роль не определить без доп. выгрузки"
100000000581662100,boundary,0.9,11,0.282,"Граница выгрузки: 4-е колено, исходящие не выгружались. Получил 21 тыс ₸ от 1; роль не определить без доп. выгрузки"
100000001249054100,boundary,0.9,9,0.3082,"Граница выгрузки: 4-е колено, исходящие не выгружались. Получил 17 тыс ₸ от 1; роль не определить без доп. выгрузки"
100000008759795100,boundary,0.9,11,0.2166,"Граница выгрузки: 4-е колено, исходящие не выгружались. Получил 17 тыс ₸ от 1; роль не определить без доп. выгрузки"
100000001299443100,boundary,0.9,11,0.1661,"Граница выгрузки: 4-е колено, исходящие не выгружались. Получил 8 тыс ₸ от 1; роль не определить без доп. выгрузки"
100000007997939100,boundary,0.9,3,0.4301,"Граница выгрузки: 4-е колено, исходящие не выгружались. Получил 13 тыс ₸ от 1; роль не определить без доп. выгрузки"
100000003470579100,boundary,0.9,26,0.5797,"Граница выгрузки: 4-е колено, исходящие не выгружались. Получил 357 тыс ₸ от 1; роль не определить без доп. выгрузки"
100000008649416100,boundary,0.9,6,0.3313,"Граница выгрузки: 4-е колено, исходящие не выгружались. Получил 5 тыс ₸ от 1; роль не определить без доп. выгрузки"
100000008183752100,boundary,0.9,3,0.591,"Граница выгрузки: 4-е колено, исходящие не выгружались. Получил 140 тыс ₸ от 1; роль не определить без доп. выгрузки"
100000003950749100,boundary,0.9,2,0.3241,"Граница выгрузки: 4-е колено, исходящие не выгружались. Получил 7 тыс ₸ от 1; роль не определить без доп. выгрузки"
100000005979037100,boundary,0.9,40,0.4416,"Граница выгрузки: 4-е колено, исходящие не выгружались. Получил 60 тыс ₸ от 1; роль не определить без доп. выгрузки"
100000008734279100,boundary,0.9,17,0.3751,"Граница выгрузки: 4-е колено, исходящие не выгружались. Получил 32 тыс ₸ от 1; роль не определить без доп. выгрузки"
100000005589319100,boundary,0.9,4,0.3675,"Граница выгрузки: 4-е колено, исходящие не выгружались. Получил 26 тыс ₸ от 1; роль не определить без доп. выгрузки"
100000003626268100,boundary,0.9,1,0.3297,"Граница выгрузки: 4-е колено, исходящие не выгружались. Получил 5 тыс ₸ от 1; роль не определить без доп. выгрузки"
100000001220124100,boundary,0.9,1,0.4417,"Граница выгрузки: 4-е колено, исходящие не выгружались. Получил 40 тыс ₸ от 1; роль не определить без доп. выгрузки"
100000003904497100,boundary,0.9,3,0.4148,"Граница выгрузки: 4-е колено, исходящие не выгружались. Получил 10 тыс ₸ от 1; роль не определить без доп. выгрузки"
100000001270470100,boundary,0.9,1,0.4052,"Граница выгрузки: 4-е колено, исходящие не выгружались. Получил 28 тыс ₸ от 1; роль не определить без доп. выгрузки"
100000003091142100,boundary,0.9,10,0.4274,"Граница выгрузки: 4-е колено, исходящие не выгружались. Получил 40 тыс ₸ от 1; роль не определить без доп. выгрузки"
100000001053894100,boundary,0.9,6,0.6148,"Граница выгрузки: 4-е колено, исходящие не выгружались. Получил 2,0 млн ₸ от 1; роль не определить без доп. выгрузки"
100000004722630100,boundary,0.9,38,0.5647,"Граница выгрузки: 4-е колено, исходящие не выгружались. Получил 340 тыс ₸ от 1; роль не определить без доп. выгрузки"
100000004655046100,boundary,0.9,15,0.4973,"Граница выгрузки: 4-е колено, исходящие не выгружались. Получил 24 тыс ₸ от 1; роль не определить без доп. выгрузки"
100000004019056100,boundary,0.9,4,0.4598,"Граница выгрузки: 4-е колено, исходящие не выгружались. Получил 50 тыс ₸ от 1; роль не определить без доп. выгрузки"
100000008071749100,boundary,0.9,9,0.3413,"Граница выгрузки: 4-е колено, исходящие не выгружались. Получил 25 тыс ₸ от 1; роль не определить без доп. выгрузки"
100000008221765100,boundary,0.9,6,0.5319,"Граница выгрузки: 4-е колено, исходящие не выгружались. Получил 156 тыс ₸ от 1; роль не определить без доп. выгрузки"
100000008778010100,boundary,0.9,7,0.3851,"Граница выгрузки: 4-е колено, исходящие не выгружались. Получил 77 тыс ₸ от 1; роль не определить без доп. выгрузки"
100000004584730100,boundary,0.9,1,0.4033,"Граница выгрузки: 4-е колено, исходящие не выгружались. Получил 47 тыс ₸ от 1; роль не определить без доп. выгрузки"
100000004797167100,boundary,0.9,21,0.3314,"Граница выгрузки: 4-е колено, исходящие не выгружались. Получил 31 тыс ₸ от 1; роль не определить без доп. выгрузки"
100000005010159100,boundary,0.9,17,0.35,"Граница выгрузки: 4-е колено, исходящие не выгружались. Получил 7 тыс ₸ от 1; роль не определить без доп. выгрузки"
100000003025903100,boundary,0.9,21,0.5739,"Граница выгрузки: 4-е колено, исходящие не выгружались. Получил 386 тыс ₸ от 1; роль не определить без доп. выгрузки"
100000003005167100,boundary,0.9,11,0.1612,"Граница выгрузки: 4-е колено, исходящие не выгружались. Получил 7 тыс ₸ от 1; роль не определить без доп. выгрузки"
100000002214383100,boundary,0.9,7,0.4482,"Граница выгрузки: 4-е колено, исходящие не выгружались. Получил 213 тыс ₸ от 1; роль не определить без доп. выгрузки"
100000004800452100,boundary,0.9,17,0.3476,"Граница выгрузки: 4-е колено, исходящие не выгружались. Получил 7 тыс ₸ от 1; роль не определить без доп. выгрузки"
100000006903193100,boundary,0.9,1,0.2943,"Граница выгрузки: 4-е колено, исходящие не выгружались. Получил 9 тыс ₸ от 1; роль не определить без доп. выгрузки"
100000007811950100,boundary,0.9,25,0.4606,"Граница выгрузки: 4-е колено, исходящие не выгружались. Получил 50 тыс ₸ от 1; роль не определить без доп. выгрузки"
100000000375150100,boundary,0.9,30,0.68,"Граница выгрузки: 4-е колено, исходящие не выгружались. Получил 300 тыс ₸ от 1; роль не определить без доп. выгрузки"
100000008775747100,boundary,0.9,3,0.307,"Граница выгрузки: 4-е колено, исходящие не выгружались. Получил 5 тыс ₸ от 1; роль не определить без доп. выгрузки"
100000006689603100,boundary,0.9,17,0.5394,"Граница выгрузки: 4-е колено, исходящие не выгружались. Получил 400 тыс ₸ от 1; роль не определить без доп. выгрузки"
100000005075949100,boundary,0.9,4,0.6379,"Граница выгрузки: 4-е колено, исходящие не выгружались. Получил 2,2 млн ₸ от 1; роль не определить без доп. выгрузки"
100000003985389100,boundary,0.9,17,0.5758,"Граница выгрузки: 4-е колено, исходящие не выгружались. Получил 423 тыс ₸ от 1; роль не определить без доп. выгрузки"
100000002478829100,boundary,0.9,19,0.4138,"Граница выгрузки: 4-е колено, исходящие не выгружались. Получил 34 тыс ₸ от 1; роль не определить без доп. выгрузки"
100000003125997100,boundary,0.9,3,0.5689,"Граница выгрузки: 4-е колено, исходящие не выгружались. Получил 88 тыс ₸ от 1; роль не определить без доп. выгрузки"
100000003214786100,boundary,0.9,1,0.3195,"Граница выгрузки: 4-е колено, исходящие не выгружались. Получил 5 тыс ₸ от 1; роль не определить без доп. выгрузки"
100000008308418100,boundary,0.9,10,0.4473,"Граница выгрузки: 4-е колено, исходящие не выгружались. Получил 50 тыс ₸ от 1; роль не определить без доп. выгрузки"
100000008619159100,boundary,0.9,2,0.5619,"Граница выгрузки: 4-е колено, исходящие не выгружались. Получил 446 тыс ₸ от 1; роль не определить без доп. выгрузки"
100000004418967100,boundary,0.9,3,0.5678,"Граница выгрузки: 4-е колено, исходящие не выгружались. Получил 100 тыс ₸ от 1; роль не определить без доп. выгрузки"
100000003173783100,boundary,0.9,11,0.3757,"Граница выгрузки: 4-е колено, исходящие не выгружались. Получил 24 тыс ₸ от 1; роль не определить без доп. выгрузки"
100000002242455100,boundary,0.9,6,0.5092,"Граница выгрузки: 4-е колено, исходящие не выгружались. Получил 110 тыс ₸ от 1; роль не определить без доп. выгрузки"
100000004848236100,boundary,0.9,10,0.2983,"Граница выгрузки: 4-е колено, исходящие не выгружались. Получил 8 тыс ₸ от 1; роль не определить без доп. выгрузки"
100000004674412100,boundary,0.9,13,0.5155,"Граница выгрузки: 4-е колено, исходящие не выгружались. Получил 46 тыс ₸ от 1; роль не определить без доп. выгрузки"
100000007071852100,boundary,0.9,1,0.5325,"Граница выгрузки: 4-е колено, исходящие не выгружались. Получил 195 тыс ₸ от 1; роль не определить без доп. выгрузки"
100000001498732100,boundary,0.9,29,0.2537,"Граница выгрузки: 4-е колено, исходящие не выгружались. Получил 6 тыс ₸ от 1; роль не определить без доп. выгрузки"
100000000627521100,boundary,0.9,6,0.2414,"Граница выгрузки: 4-е колено, исходящие не выгружались. Получил 6 тыс ₸ от 1; роль не определить без доп. выгрузки"
100000003105089100,boundary,0.9,19,0.296,"Граница выгрузки: 4-е колено, исходящие не выгружались. Получил 10 тыс ₸ от 1; роль не определить без доп. выгрузки"
100000003166017100,boundary,0.9,9,0.2944,"Граница выгрузки: 4-е колено, исходящие не выгружались. Получил 15 тыс ₸ от 1; роль не определить без доп. выгрузки"
100000002506987100,boundary,0.9,9,0.355,"Граница выгрузки: 4-е колено, исходящие не выгружались. Получил 28 тыс ₸ от 1; роль не определить без доп. выгрузки"
100000005767403100,boundary,0.9,22,0.6298,"Граница выгрузки: 4-е колено, исходящие не выгружались. Получил 1,1 млн ₸ от 1; роль не определить без доп. выгрузки"
100000005553088100,boundary,0.9,17,0.3151,"Граница выгрузки: 4-е колено, исходящие не выгружались. Получил 18 тыс ₸ от 1; роль не определить без доп. выгрузки"
100000003632533100,boundary,0.9,6,0.34,"Граница выгрузки: 4-е колено, исходящие не выгружались. Получил 10 тыс ₸ от 1; роль не определить без доп. выгрузки"
100000008762005100,boundary,0.9,3,0.3088,"Граница выгрузки: 4-е колено, исходящие не выгружались. Получил 5 тыс ₸ от 1; роль не определить без доп. выгрузки"
100000002214207100,boundary,0.9,32,0.4158,"Граница выгрузки: 4-е колено, исходящие не выгружались. Получил 97 тыс ₸ от 1; роль не определить без доп. выгрузки"
100000003180820100,boundary,0.9,3,0.5225,"Граница выгрузки: 4-е колено, исходящие не выгружались. Получил 101 тыс ₸ от 1; роль не определить без доп. выгрузки"
100000003786516100,boundary,0.9,4,0.2633,"Граница выгрузки: 4-е колено, исходящие не выгружались. Получил 5 тыс ₸ от 1; роль не определить без доп. выгрузки"
100000005226217100,boundary,0.9,3,0.453,"Граница выгрузки: 4-е колено, исходящие не выгружались. Получил 18 тыс ₸ от 1; роль не определить без доп. выгрузки"
100000001533161100,boundary,0.9,1,0.4725,"Граница выгрузки: 4-е колено, исходящие не выгружались. Получил 100 тыс ₸ от 1; роль не определить без доп. выгрузки"
100000007034089100,boundary,0.9,3,0.5819,"Граница выгрузки: 4-е колено, исходящие не выгружались. Получил 198 тыс ₸ от 2; роль не определить без доп. выгрузки"
100000008336318100,boundary,0.9,3,0.5768,"Граница выгрузки: 4-е колено, исходящие не выгружались. Получил 170 тыс ₸ от 1; роль не определить без доп. выгрузки"
100000005370558100,boundary,0.9,4,0.2763,"Граница выгрузки: 4-е колено, исходящие не выгружались. Получил 5 тыс ₸ от 1; роль не определить без доп. выгрузки"
100000002729875100,boundary,0.9,9,0.4459,"Граница выгрузки: 4-е колено, исходящие не выгружались. Получил 76 тыс ₸ от 1; роль не определить без доп. выгрузки"
100000006512787100,boundary,0.9,10,0.3867,"Граница выгрузки: 4-е колено, исходящие не выгружались. Получил 20 тыс ₸ от 1; роль не определить без доп. выгрузки"
100000003186579100,boundary,0.9,1,0.5061,"Граница выгрузки: 4-е колено, исходящие не выгружались. Получил 110 тыс ₸ от 1; роль не определить без доп. выгрузки"
100000004472936100,boundary,0.9,4,0.3303,"Граница выгрузки: 4-е колено, исходящие не выгружались. Получил 5 тыс ₸ от 1; роль не определить без доп. выгрузки"
100000002231144100,boundary,0.9,19,0.3499,"Граница выгрузки: 4-е колено, исходящие не выгружались. Получил 15 тыс ₸ от 1; роль не определить без доп. выгрузки"
100000002505277100,boundary,0.9,10,0.4591,"Граница выгрузки: 4-е колено, исходящие не выгружались. Получил 60 тыс ₸ от 1; роль не определить без доп. выгрузки"
100000003177533100,boundary,0.9,17,0.3625,"Граница выгрузки: 4-е колено, исходящие не выгружались. Получил 20 тыс ₸ от 1; роль не определить без доп. выгрузки"
100000005888829100,boundary,0.9,3,0.5734,"Граница выгрузки: 4-е колено, исходящие не выгружались. Получил 197 тыс ₸ от 1; роль не определить без доп. выгрузки"
100000002242066100,boundary,0.9,31,0.4718,"Граница выгрузки: 4-е колено, исходящие не выгружались. Получил 60 тыс ₸ от 1; роль не определить без доп. выгрузки"
100000008027922100,boundary,0.9,23,0.4749,"Граница выгрузки: 4-е колено, исходящие не выгружались. Получил 70 тыс ₸ от 1; роль не определить без доп. выгрузки"
100000002686226100,boundary,0.9,6,0.5926,"Граница выгрузки: 4-е колено, исходящие не выгружались. Получил 430 тыс ₸ от 1; роль не определить без доп. выгрузки"
100000001065234100,boundary,0.9,2,0.5774,"Граница выгрузки: 4-е колено, исходящие не выгружались. Получил 360 тыс ₸ от 1; роль не определить без доп. выгрузки"
100000000424935100,boundary,0.9,22,0.3181,"Граница выгрузки: 4-е колено, исходящие не выгружались. Получил 15 тыс ₸ от 1; роль не определить без доп. выгрузки"
100000005723580100,boundary,0.9,3,0.4792,"Граница выгрузки: 4-е колено, исходящие не выгружались. Получил 35 тыс ₸ от 1; роль не определить без доп. выгрузки"
100000000704700100,boundary,0.9,24,0.2534,"Граница выгрузки: 4-е колено, исходящие не выгружались. Получил 10 тыс ₸ от 1; роль не определить без доп. выгрузки"
100000005293969100,boundary,0.9,4,0.333,"Граница выгрузки: 4-е колено, исходящие не выгружались. Получил 5 тыс ₸ от 1; роль не определить без доп. выгрузки"
100000002512742100,boundary,0.9,11,0.1548,"Граница выгрузки: 4-е колено, исходящие не выгружались. Получил 6 тыс ₸ от 1; роль не определить без доп. выгрузки"
100000001816678100,boundary,0.9,8,0.4295,"Граница выгрузки: 4-е колено, исходящие не выгружались. Получил 60 тыс ₸ от 1; роль не определить без доп. выгрузки"
100000004586598100,boundary,0.9,17,0.6047,"Граница выгрузки: 4-е колено, исходящие не выгружались. Получил 761 тыс ₸ от 1; роль не определить без доп. выгрузки"
100000005782886100,boundary,0.9,3,0.4342,"Граница выгрузки: 4-е колено, исходящие не выгружались. Получил 14 тыс ₸ от 1; роль не определить без доп. выгрузки"
100000002622822100,boundary,0.9,3,0.7081,"Граница выгрузки: 4-е колено, исходящие не выгружались. Получил 750 тыс ₸ от 1; роль не определить без доп. выгрузки"
100000003718715100,boundary,0.9,17,0.6152,"Граница выгрузки: 4-е колено, исходящие не выгружались. Получил 915 тыс ₸ от 1; роль не определить без доп. выгрузки"
100000006491963100,boundary,0.9,11,0.2128,"Граница выгрузки: 4-е колено, исходящие не выгружались. Получил 16 тыс ₸ от 1; роль не определить без доп. выгрузки"
100000004526651100,boundary,0.9,3,0.421,"Граница выгрузки: 4-е колено, исходящие не выгружались. Получил 33 тыс ₸ от 1; роль не определить без доп. выгрузки"
100000008331280100,boundary,0.9,26,0.4067,"Граница выгрузки: 4-е колено, исходящие не выгружались. Получил 41 тыс ₸ от 1; роль не определить без доп. выгрузки"
100000004177936100,boundary,0.9,1,0.3235,"Граница выгрузки: 4-е колено, исходящие не выгружались. Получил 10 тыс ₸ от 1; роль не определить без доп. выгрузки"
100000002922000100,boundary,0.9,1,0.5757,"Граница выгрузки: 4-е колено, исходящие не выгружались. Получил 448 тыс ₸ от 1; роль не определить без доп. выгрузки"
100000002404112100,boundary,0.9,26,0.4424,"Граница выгрузки: 4-е колено, исходящие не выгружались. Получил 60 тыс ₸ от 1; роль не определить без доп. выгрузки"
100000000634341100,boundary,0.9,1,0.4072,"Граница выгрузки: 4-е колено, исходящие не выгружались. Получил 24 тыс ₸ от 1; роль не определить без доп. выгрузки"
100000001822650100,boundary,0.9,3,0.5377,"Граница выгрузки: 4-е колено, исходящие не выгружались. Получил 112 тыс ₸ от 1; роль не определить без доп. выгрузки"
100000004791226100,boundary,0.9,10,0.3914,"Граница выгрузки: 4-е колено, исходящие не выгружались. Получил 20 тыс ₸ от 1; роль не определить без доп. выгрузки"
100000007841978100,boundary,0.9,6,0.5799,"Граница выгрузки: 4-е колено, исходящие не выгружались. Получил 449 тыс ₸ от 1; роль не определить без доп. выгрузки"
100000006866831100,boundary,0.9,10,0.3576,"Граница выгрузки: 4-е колено, исходящие не выгружались. Получил 16 тыс ₸ от 1; роль не определить без доп. выгрузки"
100000002999140100,boundary,0.9,12,0.269,"Граница выгрузки: 4-е колено, исходящие не выгружались. Получил 10 тыс ₸ от 1; роль не определить без доп. выгрузки"
100000002884708100,boundary,0.9,3,0.6918,"Граница выгрузки: 4-е колено, исходящие не выгружались. Получил 1,2 млн ₸ от 1; роль не определить без доп. выгрузки"
100000001130553100,boundary,0.9,6,0.3852,"Граница выгрузки: 4-е колено, исходящие не выгружались. Получил 18 тыс ₸ от 1; роль не определить без доп. выгрузки"
100000006351075100,boundary,0.9,10,0.3651,"Граница выгрузки: 4-е колено, исходящие не выгружались. Получил 40 тыс ₸ от 1; роль не определить без доп. выгрузки"
100000005616568100,boundary,0.9,6,0.5833,"Граница выгрузки: 4-е колено, исходящие не выгружались. Получил 530 тыс ₸ от 1; роль не определить без доп. выгрузки"
100000006381453100,boundary,0.9,3,0.5266,"Граница выгрузки: 4-е колено, исходящие не выгружались. Получил 45 тыс ₸ от 1; роль не определить без доп. выгрузки"
100000004616845100,boundary,0.9,14,0.3077,"Граница выгрузки: 4-е колено, исходящие не выгружались. Получил 20 тыс ₸ от 1; роль не определить без доп. выгрузки"
100000004908173100,boundary,0.9,3,0.4338,"Граница выгрузки: 4-е колено, исходящие не выгружались. Получил 21 тыс ₸ от 1; роль не определить без доп. выгрузки"
100000004433250100,boundary,0.9,10,0.2975,"Граница выгрузки: 4-е колено, исходящие не выгружались. Получил 8 тыс ₸ от 1; роль не определить без доп. выгрузки"
100000003664994100,boundary,0.9,33,0.5546,"Граница выгрузки: 4-е колено, исходящие не выгружались. Получил 338 тыс ₸ от 1; роль не определить без доп. выгрузки"
100000004673335100,boundary,0.9,11,0.4804,"Граница выгрузки: 4-е колено, исходящие не выгружались. Получил 80 тыс ₸ от 1; роль не определить без доп. выгрузки"
100000002487222100,boundary,0.9,6,0.4536,"Граница выгрузки: 4-е колено, исходящие не выгружались. Получил 90 тыс ₸ от 1; роль не определить без доп. выгрузки"
100000000018102100,boundary,0.9,10,0.3073,"Граница выгрузки: 4-е колено, исходящие не выгружались. Получил 7 тыс ₸ от 1; роль не определить без доп. выгрузки"
100000008638859100,boundary,0.9,18,0.5212,"Граница выгрузки: 4-е колено, исходящие не выгружались. Получил 34 тыс ₸ от 1; роль не определить без доп. выгрузки"
100000001131403100,boundary,0.9,14,0.6202,"Граница выгрузки: 4-е колено, исходящие не выгружались. Получил 1,6 млн ₸ от 1; роль не определить без доп. выгрузки"
100000001733216100,boundary,0.9,10,0.4591,"Граница выгрузки: 4-е колено, исходящие не выгружались. Получил 60 тыс ₸ от 1; роль не определить без доп. выгрузки"
100000004400480100,boundary,0.9,11,0.3253,"Граница выгрузки: 4-е колено, исходящие не выгружались. Получил 22 тыс ₸ от 1; роль не определить без доп. выгрузки"
100000007539296100,boundary,0.9,4,0.4541,"Граница выгрузки: 4-е колено, исходящие не выгружались. Получил 46 тыс ₸ от 1; роль не определить без доп. выгрузки"
100000008757301100,boundary,0.9,1,0.4679,"Граница выгрузки: 4-е колено, исходящие не выгружались. Получил 58 тыс ₸ от 1; роль не определить без доп. выгрузки"
100000002752565100,boundary,0.9,1,0.4421,"Граница выгрузки: 4-е колено, исходящие не выгружались. Получил 57 тыс ₸ от 1; роль не определить без доп. выгрузки"
100000002734815100,boundary,0.9,3,0.5421,"Граница выгрузки: 4-е колено, исходящие не выгружались. Получил 110 тыс ₸ от 1; роль не определить без доп. выгрузки"
100000008333492100,boundary,0.9,3,0.6279,"Граница выгрузки: 4-е колено, исходящие не выгружались. Получил 216 тыс ₸ от 1; роль не определить без доп. выгрузки"
100000006527156100,boundary,0.9,4,0.393,"Граница выгрузки: 4-е колено, исходящие не выгружались. Получил 48 тыс ₸ от 1; роль не определить без доп. выгрузки"
100000003448713100,boundary,0.9,17,0.5111,"Граница выгрузки: 4-е колено, исходящие не выгружались. Получил 267 тыс ₸ от 1; роль не определить без доп. выгрузки"
100000004780083100,boundary,0.9,4,0.2791,"Граница выгрузки: 4-е колено, исходящие не выгружались. Получил 10 тыс ₸ от 1; роль не определить без доп. выгрузки"
100000004798515100,boundary,0.9,12,0.5243,"Граница выгрузки: 4-е колено, исходящие не выгружались. Получил 200 тыс ₸ от 1; роль не определить без доп. выгрузки"
100000004232712100,boundary,0.9,6,0.3577,"Граница выгрузки: 4-е колено, исходящие не выгружались. Получил 12 тыс ₸ от 1; роль не определить без доп. выгрузки"
100000005209352100,boundary,0.9,1,0.3195,"Граница выгрузки: 4-е колено, исходящие не выгружались. Получил 5 тыс ₸ от 1; роль не определить без доп. выгрузки"
100000000561160100,boundary,0.9,10,0.5444,"Граница выгрузки: 4-е колено, исходящие не выгружались. Получил 240 тыс ₸ от 1; роль не определить без доп. выгрузки"
100000003568904100,boundary,0.9,4,0.4531,"Граница выгрузки: 4-е колено, исходящие не выгружались. Получил 49 тыс ₸ от 1; роль не определить без доп. выгрузки"
100000000470237100,boundary,0.9,2,0.4349,"Граница выгрузки: 4-е колено, исходящие не выгружались. Получил 32 тыс ₸ от 1; роль не определить без доп. выгрузки"
100000008560263100,boundary,0.9,6,0.4651,"Граница выгрузки: 4-е колено, исходящие не выгружались. Получил 100 тыс ₸ от 1; роль не определить без доп. выгрузки"
100000000542087100,boundary,0.9,6,0.2479,"Граница выгрузки: 4-е колено, исходящие не выгружались. Получил 9 тыс ₸ от 1; роль не определить без доп. выгрузки"
100000004403548100,boundary,0.9,1,0.3126,"Граница выгрузки: 4-е колено, исходящие не выгружались. Получил 5 тыс ₸ от 1; роль не определить без доп. выгрузки"
100000003010908100,boundary,0.9,9,0.3638,"Граница выгрузки: 4-е колено, исходящие не выгружались. Получил 17 тыс ₸ от 1; роль не определить без доп. выгрузки"
100000006756956100,boundary,0.9,4,0.4744,"Граница выгрузки: 4-е колено, исходящие не выгружались. Получил 121 тыс ₸ от 1; роль не определить без доп. выгрузки"
100000007357489100,boundary,0.9,3,0.5652,"Граница выгрузки: 4-е колено, исходящие не выгружались. Получил 164 тыс ₸ от 2; роль не определить без доп. выгрузки"
100000002599729100,boundary,0.9,10,0.4696,"Граница выгрузки: 4-е колено, исходящие не выгружались. Получил 65 тыс ₸ от 1; роль не определить без доп. выгрузки"
100000005849862100,boundary,0.9,18,0.3653,"Граница выгрузки: 4-е колено, исходящие не выгружались. Получил 13 тыс ₸ от 1; роль не определить без доп. выгрузки"
100000008762843100,boundary,0.9,3,0.3198,"Граница выгрузки: 4-е колено, исходящие не выгружались. Получил 7 тыс ₸ от 1; роль не определить без доп. выгрузки"
100000002723674100,boundary,0.9,19,0.3903,"Граница выгрузки: 4-е колено, исходящие не выгружались. Получил 30 тыс ₸ от 1; роль не определить без доп. выгрузки"
100000008758106100,boundary,0.9,3,0.3286,"Граница выгрузки: 4-е колено, исходящие не выгружались. Получил 10 тыс ₸ от 1; роль не определить без доп. выгрузки"
100000001286703100,boundary,0.9,6,0.3002,"Граница выгрузки: 4-е колено, исходящие не выгружались. Получил 20 тыс ₸ от 1; роль не определить без доп. выгрузки"
