gid,depth,is_seed,in_deg,in_sum,in_tx,out_deg,out_sum,out_tx,pass_ratio,truncated,inflow_incomplete,seed_payers,seed_reach,fast_share,max_payers_same_day,active_days,pagerank,betweenness,component,role,role_score,evidence,cluster_id,c_role,c_money,c_seed,c_central,priority_score
100000000343175100,0,True,8,178712.0,14,31,4000039.0,33,22.382598818210305,False,True,1,7,0.9692242266887506,2,13,0.000713258197938405,0.0005015559369254997,0,coordinator,0.69,"Признаки координации: получает от 8 плательщиков (179 тыс ₸), рассылает 31 получателям (4,0 млн ₸) (seed: входящие неполны)",13,0.69,0.9897686832740213,0.5433718861209964,0.9486209964412811,0.6538
100000000456947100,0,True,0,0.0,0,0,0.0,0,,False,True,0,0,0.0,0,0,0.0002855692942172909,0.0,16,peripheral,1.0,Нет переводов ≥5 000 ₸ в выгрузке (seed),0,0.1,0.004448398576512456,0.0,0.19684163701067617,0.0
100000000580561100,0,True,2,27980.0,3,3,1488077.0,13,53.183595425303785,False,True,0,0,1.0,1,12,0.0008349888856684653,2.6767693891790706e-06,4,peripheral,0.8,"Признаков роли не выявлено: вход 2 (28 тыс ₸), выход 3 (1,5 млн ₸) (seed: входящие неполны)",35,0.08000000000000002,0.9537366548042705,0.0,0.8609875444839858,0.3335
100000001415126100,0,True,1,27000.0,1,0,0.0,0,0.0,False,True,0,7,0.0,1,1,0.00040961890543080487,0.0,0,peripheral,0.9,"Признаков роли не выявлено: вход 1 (27 тыс ₸), выход 0 (0 ₸) (seed: входящие неполны)",16,0.09000000000000001,0.28536476868327404,0.5433718861209964,0.5490435943060499,0.2258
100000001429930100,0,True,1,26000.0,1,0,0.0,0,0.0,False,True,0,7,0.0,1,1,0.00035079789147407785,0.0,0,peripheral,0.9,"Признаков роли не выявлено: вход 1 (26 тыс ₸), выход 0 (0 ₸) (seed: входящие неполны)",17,0.09000000000000001,0.2713523131672598,0.5433718861209964,0.505894128113879,0.2146
100000001616816100,0,True,5,176195.0,12,3,181326.0,10,1.0291211441868384,False,True,0,10,0.8751383410425948,1,12,0.002434657190684458,6.160659886581994e-05,0,consolidator,0.5,"Признаки консолидации: получает от 5 разных плательщиков, 176 тыс ₸, отдаёт дальше 103% полученного",9,0.425,0.8073843416370107,0.9612989323843416,0.9670818505338079,0.6069
100000001732159100,0,True,2,2378100.0,30,4,1505966.0,23,0.633264370716118,False,True,2,9,0.8700643370758169,2,18,0.0010950567872996843,1.073513406549916e-05,0,peripheral,0.8,"Признаков роли не выявлено: вход 2 (2,4 млн ₸), выход 4 (1,5 млн ₸) (seed: входящие неполны)",14,0.08000000000000002,0.9879893238434164,0.9094750889679716,0.9016903914590748,0.5159
100000002527114100,0,True,3,129000.0,4,111,3289249.0,113,25.49805426356589,False,True,0,0,1.0,1,25,0.0008111056953132627,0.00019629642187313183,1,distributor,0.991,"Веерное распределение: 111 получателей, 3,3 млн ₸, отдаёт дальше 2550% полученного (seed: входящие неполны)",5,0.7928000000000001,0.9862099644128114,0.0,0.9506227758007118,0.5866
100000002916006100,0,True,0,0.0,0,1,32000.0,1,,False,True,0,0,0.0,0,1,0.0002855692942172909,0.0,0,peripheral,0.95,"Признаков роли не выявлено: вход 0 (0 ₸), выход 1 (32 тыс ₸) (seed: входящие неполны)",16,0.095,0.327846975088968,0.0,0.19684163701067617,0.0726
100000003016635100,0,True,8,586981.0,36,73,9414081.0,151,16.038135817002594,False,True,0,6,1.0,3,21,0.0011896363343877673,0.0032481208463081253,0,coordinator,0.778,"Признаки координации: получает от 8 плательщиков (587 тыс ₸), рассылает 73 получателям (9,4 млн ₸) (seed: входящие неполны)",2,0.778,0.9986654804270463,0.29070284697508897,0.9808718861209964,0.6436
100000003200071100,0,True,0,0.0,0,1,30000.0,1,,False,True,0,0,0.0,0,1,0.0002855692942172909,0.0,14,peripheral,0.95,"Признаков роли не выявлено: вход 0 (0 ₸), выход 1 (30 тыс ₸) (seed: входящие неполны)",46,0.095,0.3082740213523132,0.0,0.19684163701067617,0.0682
100000003265658100,0,True,0,0.0,0,0,0.0,0,,False,True,0,0,0.0,0,0,0.0002855692942172909,0.0,17,peripheral,1.0,Нет переводов ≥5 000 ₸ в выгрузке (seed),0,0.1,0.004448398576512456,0.0,0.19684163701067617,0.0
100000003349739100,0,True,0,0.0,0,0,0.0,0,,False,True,0,0,0.0,0,0,0.0002855692942172909,0.0,18,peripheral,1.0,Нет переводов ≥5 000 ₸ в выгрузке (seed),0,0.1,0.004448398576512456,0.0,0.19684163701067617,0.0
100000003684369100,0,True,24,3848436.0,58,62,8588655.0,67,2.2317260830113845,False,True,1,9,0.9941534690975763,6,16,0.0020202912084868667,0.0016560890888261326,0,coordinator,0.936,"Признаки координации: получает от 24 плательщиков (3,8 млн ₸), рассылает 62 получателям (8,6 млн ₸) (seed: входящие неполны)",8,0.936,0.9991103202846975,0.9094750889679716,0.9913256227758007,0.8101
100000003770083100,0,True,0,0.0,0,0,0.0,0,,False,True,0,0,0.0,0,0,0.0002855692942172909,0.0,19,peripheral,1.0,Нет переводов ≥5 000 ₸ в выгрузке (seed),0,0.1,0.004448398576512456,0.0,0.19684163701067617,0.0
100000003975102100,0,True,1,25650.0,1,2,88500.0,2,3.4502923976608186,False,True,0,7,1.0,1,3,0.0003454652180169808,1.558325912733749e-06,0,peripheral,0.9,"Признаков роли не выявлено: вход 1 (26 тыс ₸), выход 2 (88 тыс ₸) (seed: входящие неполны)",2,0.09000000000000001,0.6076512455516014,0.5433718861209964,0.697508896797153,0.3271
100000003977183100,0,True,2,123800.0,2,4,766000.0,6,6.187399030694669,False,True,1,1,0.6623586429725363,1,6,0.000331460381699444,0.0,0,peripheral,0.8,"Признаков роли не выявлено: вход 2 (124 тыс ₸), выход 4 (766 тыс ₸) (seed: входящие неполны)",9,0.08000000000000002,0.9177046263345195,0.14768683274021352,0.48187277580071175,0.2827
100000004007116100,0,True,3,764704.0,24,4,148000.0,6,0.19353893794200108,False,True,0,0,0.32096602083943593,1,18,0.0006277769573248428,0.0,2,terminal,0.981,"Конечный получатель: 765 тыс ₸ от 3 плательщиков, дальше уходит 19% (колено 0)",24,0.44145,0.9199288256227758,0.0,0.6384564056939502,0.4011
100000004019124100,0,True,3,193000.0,3,0,0.0,0,0.0,False,True,2,11,0.0,1,3,0.0012028680902033705,0.0,0,terminal,0.891,"Конечный получатель: 193 тыс ₸ от 3 плательщиков, исходящих нет (колено 0)",2,0.40095000000000003,0.7019572953736655,0.9922153024911032,0.6740435943060499,0.5268
100000004021459100,0,True,0,0.0,0,0,0.0,0,,False,True,0,0,0.0,0,0,0.0002855692942172909,0.0,20,peripheral,1.0,Нет переводов ≥5 000 ₸ в выгрузке (seed),0,0.1,0.004448398576512456,0.0,0.19684163701067617,0.0
100000004041163100,0,True,1,50000.0,1,2,866000.0,6,17.32,False,True,1,14,1.0,1,5,0.0020847480556725213,1.1576135351736421e-05,0,peripheral,0.9,"Признаков роли не выявлено: вход 1 (50 тыс ₸), выход 2 (866 тыс ₸) (seed: входящие неполны)",16,0.09000000000000001,0.9217081850533808,0.9993327402135231,0.9199288256227758,0.5238
100000004174835100,0,True,0,0.0,0,0,0.0,0,,False,True,0,0,0.0,0,0,0.0002855692942172909,0.0,21,peripheral,1.0,Нет переводов ≥5 000 ₸ в выгрузке (seed),0,0.1,0.004448398576512456,0.0,0.19684163701067617,0.0
100000004193835100,0,True,1,47000.0,1,1,5000.0,1,0.10638297872340426,False,True,0,7,0.0,1,1,0.00046993013969558515,2.226179875333927e-06,0,peripheral,0.9,"Признаков роли не выявлено: вход 1 (47 тыс ₸), выход 1 (5 тыс ₸) (seed: входящие неполны)",2,0.09000000000000001,0.4432829181494662,0.5433718861209964,0.7696841637010676,0.3026
100000004269433100,0,True,0,0.0,0,1,1372000.0,67,,False,True,0,0,0.0,0,16,0.0002855692942172909,0.0,0,peripheral,0.95,"Признаков роли не выявлено: вход 0 (0 ₸), выход 1 (1,4 млн ₸) (seed: входящие неполны)",13,0.095,0.9466192170818505,0.0,0.19684163701067617,0.2147
100000004358004100,0,True,0,0.0,0,11,980850.0,17,,False,True,0,0,0.0,0,12,0.0002855692942172909,0.0,0,distributor,0.519,"Веерное распределение: 11 получателей, 981 тыс ₸ (seed: входящие неполны)",8,0.4152,0.9243772241992882,0.0,0.19684163701067617,0.3125
100000004388983100,0,True,0,0.0,0,2,450816.0,23,,False,True,0,0,0.0,0,5,0.0002855692942172909,0.0,12,peripheral,0.9,"Признаков роли не выявлено: вход 0 (0 ₸), выход 2 (451 тыс ₸) (seed: входящие неполны)",45,0.09000000000000001,0.8451957295373665,0.0,0.19684163701067617,0.1898
100000004714705100,0,True,0,0.0,0,1,36550.0,1,,False,True,0,0,0.0,0,1,0.0002855692942172909,0.0,0,peripheral,0.95,"Признаков роли не выявлено: вход 0 (0 ₸), выход 1 (37 тыс ₸) (seed: входящие неполны)",16,0.095,0.35186832740213525,0.0,0.19684163701067617,0.0782
100000004723755100,0,True,0,0.0,0,1,95000.0,5,,False,True,0,0,0.0,0,4,0.0002855692942172909,0.0,0,peripheral,0.95,"Признаков роли не выявлено: вход 0 (0 ₸), выход 1 (95 тыс ₸) (seed: входящие неполны)",8,0.095,0.5665035587188612,0.0,0.19684163701067617,0.1274
100000004813068100,0,True,0,0.0,0,3,297000.0,5,,False,True,0,0,0.0,0,5,0.0002855692942172909,0.0,0,peripheral,0.85,"Признаков роли не выявлено: вход 0 (0 ₸), выход 3 (297 тыс ₸) (seed: входящие неполны)",12,0.085,0.775355871886121,0.0,0.19684163701067617,0.1722
100000004971871100,0,True,1,25400.0,3,1,5650.0,1,0.22244094488188976,False,True,0,0,0.22440944881889763,1,4,0.0007430293125206683,0.0,10,peripheral,0.9,"Признаков роли не выявлено: вход 1 (25 тыс ₸), выход 1 (6 тыс ₸) (seed: входящие неполны)",43,0.09000000000000001,0.3202846975088968,0.0,0.6522464412811388,0.153
100000005017150100,0,True,0,0.0,0,0,0.0,0,,False,True,0,0,0.0,0,0,0.0002855692942172909,0.0,22,peripheral,1.0,Нет переводов ≥5 000 ₸ в выгрузке (seed),0,0.1,0.004448398576512456,0.0,0.19684163701067617,0.0
100000005087431100,0,True,0,0.0,0,0,0.0,0,,False,True,0,0,0.0,0,0,0.0002855692942172909,0.0,23,peripheral,1.0,Нет переводов ≥5 000 ₸ в выгрузке (seed),0,0.1,0.004448398576512456,0.0,0.19684163701067617,0.0
100000005235389100,0,True,0,0.0,0,0,0.0,0,,False,True,0,0,0.0,0,0,0.0002855692942172909,0.0,24,peripheral,1.0,Нет переводов ≥5 000 ₸ в выгрузке (seed),0,0.1,0.004448398576512456,0.0,0.19684163701067617,0.0
100000005264990100,0,True,1,17070.0,1,2,122000.0,2,7.147041593438781,False,True,0,7,0.0,1,3,0.0003639962150845014,4.621549421193233e-05,0,peripheral,0.9,"Признаков роли не выявлено: вход 1 (17 тыс ₸), выход 2 (122 тыс ₸) (seed: входящие неполны)",16,0.09000000000000001,0.6334519572953736,0.5433718861209964,0.7920373665480427,0.3504
100000005370580100,0,True,1,24075.0,1,0,0.0,0,0.0,False,True,0,7,0.0,1,1,0.0003459684664848734,0.0,0,peripheral,0.9,"Признаков роли не выявлено: вход 1 (24 тыс ₸), выход 0 (0 ₸) (seed: входящие неполны)",17,0.09000000000000001,0.251779359430605,0.5433718861209964,0.5014457295373665,0.2093
100000005382566100,0,True,7,393066.0,11,1,50000.0,1,0.12720510041570626,False,True,6,14,0.19589585464018766,2,7,0.002113262052157115,2.3152270703472843e-05,0,consolidator,0.807,"Признаки консолидации: получает от 7 разных плательщиков (из них seed: 6), 393 тыс ₸, отдаёт дальше 13% полученного",16,0.6859500000000001,0.8389679715302492,0.9993327402135231,0.942838078291815,0.7006
100000005386383100,0,True,2,37500.0,2,1,29000.0,1,0.7733333333333333,False,True,0,7,0.0,2,2,0.0005243332756978218,1.6785396260017813e-05,0,peripheral,0.8,"Признаков роли не выявлено: вход 2 (38 тыс ₸), выход 1 (29 тыс ₸) (seed: входящие неполны)",16,0.08000000000000002,0.4919928825622776,0.5433718861209964,0.8298487544483986,0.3216
100000005392290100,0,True,0,0.0,0,1,81465.0,1,,False,True,0,0,0.0,0,1,0.0002855692942172909,0.0,15,peripheral,0.95,"Признаков роли не выявлено: вход 0 (0 ₸), выход 1 (81 тыс ₸) (seed: входящие неполны)",47,0.095,0.5251334519572953,0.0,0.19684163701067617,0.1179
100000005395727100,0,True,1,17000.0,1,0,0.0,0,0.0,False,True,0,7,0.0,1,1,0.0003712067299561801,0.0,0,peripheral,0.9,"Признаков роли не выявлено: вход 1 (17 тыс ₸), выход 0 (0 ₸) (seed: входящие неполны)",2,0.09000000000000001,0.16614768683274023,0.5433718861209964,0.5250222419928826,0.194
100000005409680100,0,True,2,55060.0,2,0,0.0,0,0.0,False,True,0,9,0.0,1,2,0.000633528818793162,0.0,0,terminal,0.77,"Конечный получатель: 55 тыс ₸ от 2 плательщиков, исходящих нет (колено 0)",18,0.34650000000000003,0.46129893238434166,0.9094750889679716,0.6395685053380783,0.4325
100000005417257100,0,True,0,0.0,0,2,106000.0,2,,False,True,0,0,0.0,0,2,0.0002855692942172909,0.0,0,peripheral,0.9,"Признаков роли не выявлено: вход 0 (0 ₸), выход 2 (106 тыс ₸) (seed: входящие неполны)",16,0.09000000000000001,0.5936387900355872,0.0,0.19684163701067617,0.1321
100000005454368100,0,True,2,48600.0,2,0,0.0,0,0.0,False,True,0,7,0.0,1,2,0.00039419296320819405,0.0,0,terminal,0.745,"Конечный получатель: 49 тыс ₸ от 2 плательщиков, исходящих нет (колено 0)",17,0.33525,0.41592526690391457,0.5433718861209964,0.5410364768683275,0.3331
100000005480435100,0,True,0,0.0,0,0,0.0,0,,False,True,0,0,0.0,0,0,0.0002855692942172909,0.0,25,peripheral,1.0,Нет переводов ≥5 000 ₸ в выгрузке (seed),0,0.1,0.004448398576512456,0.0,0.19684163701067617,0.0
100000005485830100,0,True,0,0.0,0,5,275885.0,9,,False,True,0,0,0.0,0,7,0.0002855692942172909,0.0,5,peripheral,0.75,"Признаков роли не выявлено: вход 0 (0 ₸), выход 5 (276 тыс ₸) (seed: входящие неполны)",36,0.07500000000000001,0.7637900355871886,0.0,0.19684163701067617,0.1663
100000005493505100,0,True,3,62020.0,3,0,0.0,0,0.0,False,True,1,11,0.0,1,3,0.0006174200765778783,0.0,0,terminal,0.779,"Конечный получатель: 62 тыс ₸ от 3 плательщиков, исходящих нет (колено 0)",17,0.35055000000000003,0.48131672597864766,0.9922153024911032,0.6366770462633452,0.4531
100000005495722100,0,True,0,0.0,0,0,0.0,0,,False,True,0,0,0.0,0,0,0.0002855692942172909,0.0,26,peripheral,1.0,Нет переводов ≥5 000 ₸ в выгрузке (seed),0,0.1,0.004448398576512456,0.0,0.19684163701067617,0.0
100000005498992100,0,True,0,0.0,0,16,2262868.0,19,,False,True,0,0,0.0,0,10,0.0002855692942172909,0.0,0,distributor,0.596,"Веерное распределение: 16 получателей, 2,3 млн ₸ (seed: входящие неполны)",16,0.4768,0.9755338078291815,0.0,0.19684163701067617,0.3441
100000005519347100,0,True,2,73100.0,2,1,99000.0,1,1.3543091655266757,False,True,1,9,0.0,1,3,0.0005567200012967696,8.922564630596902e-07,0,peripheral,0.8,"Признаков роли не выявлено: вход 2 (73 тыс ₸), выход 1 (99 тыс ₸) (seed: входящие неполны)",2,0.08000000000000002,0.6841637010676157,0.9094750889679716,0.8161699288256228,0.4305
100000005523088100,0,True,1,700000.0,2,0,0.0,0,0.0,False,True,1,15,0.0,1,1,0.0017206377268585411,0.0,0,terminal,0.977,"Конечный получатель: 700 тыс ₸ от 1 плательщиков, исходящих нет (колено 0)",16,0.43965,0.896797153024911,1.0,0.6813834519572953,0.5868
100000005543136100,0,True,0,0.0,0,1,10000.0,1,,False,True,0,0,0.0,0,1,0.0002855692942172909,0.0,0,peripheral,0.95,"Признаков роли не выявлено: вход 0 (0 ₸), выход 1 (10 тыс ₸) (seed: входящие неполны)",17,0.095,0.07873665480427046,0.0,0.19684163701067617,0.0155
100000005550592100,0,True,0,0.0,0,0,0.0,0,,False,True,0,0,0.0,0,0,0.0002855692942172909,0.0,27,peripheral,1.0,Нет переводов ≥5 000 ₸ в выгрузке (seed),0,0.1,0.004448398576512456,0.0,0.19684163701067617,0.0
100000005560900100,0,True,0,0.0,0,0,0.0,0,,False,True,0,0,0.0,0,0,0.0002855692942172909,0.0,28,peripheral,1.0,Нет переводов ≥5 000 ₸ в выгрузке (seed),0,0.1,0.004448398576512456,0.0,0.19684163701067617,0.0
100000005568407100,0,True,0,0.0,0,0,0.0,0,,False,True,0,0,0.0,0,0,0.0002855692942172909,0.0,29,peripheral,1.0,Нет переводов ≥5 000 ₸ в выгрузке (seed),0,0.1,0.004448398576512456,0.0,0.19684163701067617,0.0
100000005668605100,0,True,3,94500.0,3,0,0.0,0,0.0,False,True,1,10,0.0,1,3,0.0008383018688148931,0.0,0,terminal,0.821,"Конечный получатель: 94 тыс ₸ от 3 плательщиков, исходящих нет (колено 0)",16,0.36945,0.5629448398576512,0.9612989323843416,0.6589190391459074,0.4763
100000005744674100,0,True,0,0.0,0,1,50066.0,2,,False,True,0,0,0.0,0,2,0.0002855692942172909,0.0,0,peripheral,0.95,"Признаков роли не выявлено: вход 0 (0 ₸), выход 1 (50 тыс ₸) (seed: входящие неполны)",16,0.095,0.4346085409252669,0.0,0.19684163701067617,0.0972
100000006232815100,0,True,1,160000.0,2,5,296500.0,5,1.853125,False,True,0,0,0.0,1,6,0.0005566536352336269,6.233303650934996e-06,3,peripheral,0.75,"Признаков роли не выявлено: вход 1 (160 тыс ₸), выход 5 (296 тыс ₸) (seed: входящие неполны)",27,0.07500000000000001,0.8474199288256228,0.0,0.8246218861209964,0.3008
100000006249740100,0,True,0,0.0,0,3,93007.0,5,,False,True,0,0,0.0,0,5,0.0002855692942172909,0.0,8,peripheral,0.85,"Признаков роли не выявлено: вход 0 (0 ₸), выход 3 (93 тыс ₸) (seed: входящие неполны)",41,0.085,0.5596085409252669,0.0,0.19684163701067617,0.1226
100000006831291100,0,True,0,0.0,0,1,15000.0,3,,False,True,0,0,0.0,0,3,0.0002855692942172909,0.0,8,peripheral,0.95,"Признаков роли не выявлено: вход 0 (0 ₸), выход 1 (15 тыс ₸) (seed: входящие неполны)",41,0.095,0.13856761565836298,0.0,0.19684163701067617,0.0292
100000006866783100,0,True,13,838812.0,31,67,3948037.0,90,4.706700667133994,False,True,0,6,1.0,5,16,0.0008703719471294018,0.003474550693639239,0,coordinator,0.846,"Признаки координации: получает от 13 плательщиков (839 тыс ₸), рассылает 67 получателям (3,9 млн ₸) (seed: входящие неполны)",1,0.846,0.9933274021352313,0.29070284697508897,0.9690836298932384,0.6621
100000007018630100,0,True,0,0.0,0,1,200000.0,5,,False,True,0,0,0.0,0,3,0.0002855692942172909,0.0,13,peripheral,0.95,"Признаков роли не выявлено: вход 0 (0 ₸), выход 1 (200 тыс ₸) (seed: входящие неполны)",44,0.095,0.7106316725978647,0.0,0.19684163701067617,0.1605
100000007747786100,0,True,0,0.0,0,31,4238009.4,35,,False,True,0,0,0.0,0,18,0.0002855692942172909,0.0,0,distributor,0.731,"Веерное распределение: 31 получателей, 4,2 млн ₸ (seed: входящие неполны)",15,0.5848,0.9902135231316725,0.0,0.19684163701067617,0.3822
100000007982728100,0,True,0,0.0,0,8,1804384.0,12,,False,True,0,0,0.0,0,6,0.0002855692942172909,0.0,0,peripheral,0.6,"Признаков роли не выявлено: вход 0 (0 ₸), выход 8 (1,8 млн ₸) (seed: входящие неполны)",9,0.06,0.9630782918149466,0.0,0.19684163701067617,0.2073
100000008117324100,0,True,0,0.0,0,0,0.0,0,,False,True,0,0,0.0,0,0,0.0002855692942172909,0.0,30,peripheral,1.0,Нет переводов ≥5 000 ₸ в выгрузке (seed),0,0.1,0.004448398576512456,0.0,0.19684163701067617,0.0
100000008205000100,0,True,0,0.0,0,0,0.0,0,,False,True,0,0,0.0,0,0,0.0002855692942172909,0.0,31,peripheral,1.0,Нет переводов ≥5 000 ₸ в выгрузке (seed),0,0.1,0.004448398576512456,0.0,0.19684163701067617,0.0
100000008314203100,0,True,2,382076.0,10,2,327000.0,13,0.8558506684533967,False,True,2,9,0.3221243940996032,1,13,0.0005029908624026965,0.0,0,peripheral,0.8,"Признаков роли не выявлено: вход 2 (382 тыс ₸), выход 2 (327 тыс ₸) (seed: входящие неполны)",14,0.08000000000000002,0.8972419928825622,0.9094750889679716,0.5810720640569395,0.4362
100000008418835100,0,True,1,1372000.0,67,4,186179.0,6,0.13569897959183674,False,True,1,1,0.6326530612244898,1,18,0.0005285862410602082,0.0,0,terminal,0.993,"Конечный получатель: 1,4 млн ₸ от 1 плательщиков, дальше уходит 14% (колено 0)",13,0.44685,0.9550711743772242,0.14768683274021352,0.5877446619217082,0.4287
100000008513251100,0,True,0,0.0,0,0,0.0,0,,False,True,0,0,0.0,0,0,0.0002855692942172909,0.0,32,peripheral,1.0,Нет переводов ≥5 000 ₸ в выгрузке (seed),0,0.1,0.004448398576512456,0.0,0.19684163701067617,0.0
100000008516839100,0,True,3,155000.0,4,0,0.0,0,0.0,False,True,1,10,0.0,2,2,0.0010695838614429962,0.0,0,terminal,0.871,"Конечный получатель: 155 тыс ₸ от 3 плательщиков, исходящих нет (колено 0)",16,0.39195,0.6619217081850534,0.9612989323843416,0.6695951957295374,0.5082
100000008522127100,0,True,0,0.0,0,1,145000.0,3,,False,True,0,0,0.0,0,3,0.0002855692942172909,0.0,0,peripheral,0.95,"Признаков роли не выявлено: вход 0 (0 ₸), выход 1 (145 тыс ₸) (seed: входящие неполны)",3,0.095,0.6425711743772242,0.0,0.19684163701067617,0.1449
100000008571433100,0,True,2,350000.0,2,2,1434000.0,3,4.097142857142857,False,True,0,0,1.0,1,4,0.0016264807087207904,0.0,9,peripheral,0.8,"Признаков роли не выявлено: вход 2 (350 тыс ₸), выход 2 (1,4 млн ₸) (seed: входящие неполны)",39,0.08000000000000002,0.9617437722419929,0.0,0.6800489323843416,0.3021
100000008575624100,0,True,0,0.0,0,3,89500.0,5,,False,True,0,0,0.0,0,4,0.0002855692942172909,0.0,6,peripheral,0.85,"Признаков роли не выявлено: вход 0 (0 ₸), выход 3 (90 тыс ₸) (seed: входящие неполны)",37,0.085,0.5484875444839857,0.0,0.19684163701067617,0.1201
100000008601794100,0,True,2,494400.0,8,1,871400.0,13,1.7625404530744337,False,True,0,0,0.08737864077669903,1,17,0.002367779758018107,0.0,11,peripheral,0.8,"Признаков роли не выявлено: вход 2 (494 тыс ₸), выход 1 (871 тыс ₸) (seed: входящие неполны)",42,0.08000000000000002,0.9461743772241993,0.0,0.6882784697508897,0.3001
100000008637537100,0,True,3,619890.0,22,3,2351495.0,30,3.793406894771653,False,True,2,9,1.0,2,15,0.0008287331534345293,4.2792124270307714e-05,0,peripheral,0.7,"Признаков роли не выявлено: вход 3 (620 тыс ₸), выход 3 (2,4 млн ₸) (seed: входящие неполны)",14,0.06999999999999999,0.983540925266904,0.9094750889679716,0.9290480427046264,0.5167
100000008650785100,0,True,2,92000.0,2,2,120120.0,2,1.3056521739130436,False,True,1,8,0.6141304347826086,1,4,0.0006125210138081811,1.0707077556716282e-05,0,peripheral,0.8,"Признаков роли не выявлено: вход 2 (92 тыс ₸), выход 2 (120 тыс ₸) (seed: входящие неполны)",2,0.08000000000000002,0.719306049822064,0.8387455516014235,0.8633229537366548,0.4342
100000008654653100,0,True,0,0.0,0,1,54000.0,1,,False,True,0,0,0.0,0,1,0.0002855692942172909,0.0,0,peripheral,0.95,"Признаков роли не выявлено: вход 0 (0 ₸), выход 1 (54 тыс ₸) (seed: входящие неполны)",2,0.095,0.4550711743772242,0.0,0.19684163701067617,0.1019
100000008659445100,0,True,3,138490.0,7,4,875150.0,18,6.319228825185934,False,True,0,0,0.7466243050039714,2,15,0.002423803891182125,0.0,7,peripheral,0.7,"Признаков роли не выявлено: вход 3 (138 тыс ₸), выход 4 (875 тыс ₸) (seed: входящие неполны)",34,0.06999999999999999,0.9288256227758007,0.0,0.6889457295373665,0.293
100000008669037100,0,True,0,0.0,0,0,0.0,0,,False,True,0,0,0.0,0,0,0.0002855692942172909,0.0,33,peripheral,1.0,Нет переводов ≥5 000 ₸ в выгрузке (seed),0,0.1,0.004448398576512456,0.0,0.19684163701067617,0.0
100000008673001100,0,True,1,80000.0,1,0,0.0,0,0.0,False,True,1,1,0.0,1,1,0.0004689783107025115,0.0,0,peripheral,0.9,"Признаков роли не выявлено: вход 1 (80 тыс ₸), выход 0 (0 ₸) (seed: входящие неполны)",16,0.09000000000000001,0.520685053380783,0.14768683274021352,0.5692838078291815,0.2109
100000008680731100,0,True,0,0.0,0,27,1464354.0,28,,False,True,0,0,0.0,0,6,0.0002855692942172909,0.0,0,distributor,0.703,"Веерное распределение: 27 получателей, 1,5 млн ₸ (seed: входящие неполны)",12,0.5624,0.9515124555160143,0.0,0.19684163701067617,0.3661
100000008701222100,0,True,0,0.0,0,0,0.0,0,,False,True,0,0,0.0,0,0,0.0002855692942172909,0.0,34,peripheral,1.0,Нет переводов ≥5 000 ₸ в выгрузке (seed),0,0.1,0.004448398576512456,0.0,0.19684163701067617,0.0
100000008738325100,0,True,1,36550.0,1,1,54000.0,1,1.4774281805745555,False,True,1,1,0.0,1,2,0.0005285862410602082,8.904719501335708e-07,0,peripheral,0.9,"Признаков роли не выявлено: вход 1 (37 тыс ₸), выход 1 (54 тыс ₸) (seed: входящие неполны)",16,0.09000000000000001,0.5547153024911032,0.14768683274021352,0.78125,0.2576
100000003134937100,1,False,1,10286.0,1,0,0.0,0,0.0,False,False,1,7,0.0,1,1,0.000286675224915866,0.0,0,peripheral,0.9,"Признаков роли не выявлено: вход 1 (10 тыс ₸), выход 0 (0 ₸)",2,0.09000000000000001,0.09386120996441281,0.5433718861209964,0.21163256227758007,0.1829
100000005074393100,1,False,4,563026.0,5,6,685500.0,10,1.2175281425724567,False,True,1,10,0.017761169111195574,1,12,0.0010600834163353942,0.0001522707034728406,0,peripheral,0.6,"Признаков роли не выявлено: вход 4 (563 тыс ₸), выход 6 (686 тыс ₸)",30,0.06,0.9408362989323843,0.9612989323843416,0.9606316725978647,0.7151
100000001924185100,1,False,2,151000.0,2,0,0.0,0,0.0,False,False,2,11,0.0,1,2,0.0003102198760278653,0.0,0,terminal,0.869,"Конечный получатель: 151 тыс ₸ от 2 плательщиков, исходящих нет (колено 1)",13,0.39105,0.6548042704626335,0.9922153024911032,0.42915925266903915,0.6469
100000004070318100,1,False,4,207246.55,6,19,551860.0,37,2.662818753798314,False,True,1,7,1.0,2,17,0.00031412234761755547,0.0010420355606154653,0,distributor,0.631,"Веерное распределение: 19 получателей, 552 тыс ₸, отдаёт в 2.7× больше видимого входа — есть внешние источники",1,0.5048,0.9030249110320284,0.5433718861209964,0.7484430604982206,0.7399
100000005807278100,1,False,1,8385.0,1,0,0.0,0,0.0,False,False,1,1,0.0,1,1,0.0002929553322377627,0.0,5,peripheral,0.9,"Признаков роли не выявлено: вход 1 (8 тыс ₸), выход 0 (0 ₸)",36,0.09000000000000001,0.0547153024911032,0.14768683274021352,0.31928380782918153,0.1004
100000003377795100,1,False,1,7000.0,1,0,0.0,0,0.0,False,False,1,1,0.0,1,1,0.00028597068988854644,0.0,0,peripheral,0.9,"Признаков роли не выявлено: вход 1 (7 тыс ₸), выход 0 (0 ₸)",15,0.09000000000000001,0.04581850533807829,0.14768683274021352,0.20162366548042704,0.0688
100000004330371100,1,False,2,264171.0,12,2,90681.0,6,0.3432662934235779,False,False,1,7,0.3951985645661333,2,8,0.00125427193015661,1.0685663401602851e-05,0,peripheral,0.8,"Признаков роли не выявлено: вход 2 (264 тыс ₸), выход 2 (91 тыс ₸)",2,0.08000000000000002,0.8056049822064056,0.5433718861209964,0.889790925266904,0.5626
100000008165763100,1,False,15,1165815.0,26,17,1267858.0,17,1.087529324978663,False,False,1,9,0.9182546115807396,4,13,0.0009102399259160802,0.0002206306865701345,0,coordinator,0.729,"Признаки координации: получает от 15 плательщиков (1,2 млн ₸), рассылает 17 получателям (1,3 млн ₸)",8,0.729,0.9768683274021353,0.9094750889679716,0.9597419928825622,1.0
100000001684867100,1,False,1,30550.0,1,0,0.0,0,0.0,False,False,1,7,0.0,1,1,0.00028885397075253017,0.0,0,peripheral,0.9,"Признаков роли не выявлено: вход 1 (31 тыс ₸), выход 0 (0 ₸)",2,0.09000000000000001,0.31717081850533807,0.5433718861209964,0.2545596085409253,0.2618
100000003900547100,1,False,1,23700.0,1,0,0.0,0,0.0,False,False,1,7,0.0,1,1,0.00028811747208587257,0.0,0,peripheral,0.9,"Признаков роли не выявлено: вход 1 (24 тыс ₸), выход 0 (0 ₸)",2,0.09000000000000001,0.24466192170818504,0.5433718861209964,0.23476423487544484,0.2347
100000006656003100,1,False,1,20000.0,1,1,9000.0,1,0.45,False,False,1,1,0.0,1,1,0.0002897670599476741,0.0,1,peripheral,0.9,"Признаков роли не выявлено: вход 1 (20 тыс ₸), выход 1 (9 тыс ₸)",5,0.09000000000000001,0.297153024911032,0.14768683274021352,0.27346530249110323,0.1634
100000008237827100,1,False,1,40001.0,1,0,0.0,0,0.0,False,False,1,10,0.0,1,1,0.00029357895180421055,0.0,0,peripheral,0.9,"Признаков роли не выявлено: вход 1 (40 тыс ₸), выход 0 (0 ₸)",8,0.09000000000000001,0.373220640569395,0.9612989323843416,0.32773576512455516,0.3992
100000003014659100,1,False,1,280000.0,1,0,0.0,0,0.0,False,False,1,8,0.0,1,1,0.0003280369433880595,0.0,0,terminal,0.924,"Конечный получатель: 280 тыс ₸ от 1 плательщиков, исходящих нет (колено 1)",13,0.4158,0.7662366548042705,0.8387455516014235,0.4772019572953736,0.6658
100000007939160100,1,False,1,795000.0,2,2,14300.0,2,0.017987421383647798,False,False,1,1,0.0,1,3,0.0006653456234025181,1.7809439002671417e-06,4,terminal,0.982,"Конечный получатель: 795 тыс ₸ от 1 плательщиков, дальше уходит 2% (колено 1)",35,0.4419,0.9092526690391459,0.14768683274021352,0.841970640569395,0.6408
100000007274584100,1,False,1,38000.0,1,0,0.0,0,0.0,False,False,1,10,0.0,1,1,0.0002931782787002525,0.0,0,peripheral,0.9,"Признаков роли не выявлено: вход 1 (38 тыс ₸), выход 0 (0 ₸)",8,0.09000000000000001,0.36076512455516013,0.9612989323843416,0.32262010676156583,0.3942
100000001524952100,1,False,1,103807.0,1,0,0.0,0,0.0,False,False,1,7,0.0,1,1,0.00030504892931036134,0.0,0,peripheral,0.9,"Признаков роли не выявлено: вход 1 (104 тыс ₸), выход 0 (0 ₸)",1,0.09000000000000001,0.5898576512455516,0.5433718861209964,0.40958629893238435,0.3832
100000003131693100,1,False,1,353277.0,1,0,0.0,0,0.0,False,False,1,10,0.0,1,1,0.0003563082208274809,0.0,0,terminal,0.94,"Конечный получатель: 353 тыс ₸ от 1 плательщиков, исходящих нет (колено 1)",8,0.423,0.8047153024911032,0.9612989323843416,0.5107873665480427,0.7189
100000008383405100,1,False,1,25000.0,2,0,0.0,0,0.0,False,False,1,1,0.0,1,2,0.0003060252661737654,0.0,0,peripheral,0.9,"Признаков роли не выявлено: вход 1 (25 тыс ₸), выход 0 (0 ₸)",12,0.09000000000000001,0.26045373665480426,0.14768683274021352,0.4133674377224199,0.1864
100000008736173100,1,False,1,31060.0,1,0,0.0,0,0.0,False,False,1,1,0.0,1,1,0.000292088424396576,0.0,1,peripheral,0.9,"Признаков роли не выявлено: вход 1 (31 тыс ₸), выход 0 (0 ₸)",5,0.09000000000000001,0.320729537366548,0.14768683274021352,0.3092749110320285,0.1794
100000002861485100,1,False,1,29323.0,1,0,0.0,0,0.0,False,False,1,7,0.0,1,1,0.00028872204610085294,0.0,0,peripheral,0.9,"Признаков роли не выявлено: вход 1 (29 тыс ₸), выход 0 (0 ₸)",2,0.09000000000000001,0.298932384341637,0.5433718861209964,0.2498887900355872,0.2551
100000008745474100,1,False,1,40559.0,1,0,0.0,0,0.0,False,False,1,1,0.0,1,1,0.0002940821532302215,0.0,1,peripheral,0.9,"Признаков роли не выявлено: вход 1 (41 тыс ₸), выход 0 (0 ₸)",5,0.09000000000000001,0.3758896797153025,0.14768683274021352,0.333741103202847,0.2022
100000008691330100,1,False,1,21440.0,1,0,0.0,0,0.0,False,False,1,1,0.0,1,1,0.0002900692990802617,0.0,1,peripheral,0.9,"Признаков роли не выявлено: вход 1 (21 тыс ₸), выход 0 (0 ₸)",5,0.09000000000000001,0.2255338078291815,0.14768683274021352,0.27858096085409256,0.1427
100000007639767100,1,False,4,90913.0,4,10,822244.0,13,9.044295095310902,False,True,1,7,0.4402780680430741,1,12,0.000301440039227222,0.0012532700360904003,0,distributor,0.5,"Веерное распределение: 10 получателей, 822 тыс ₸, отдаёт в 9.0× больше видимого входа — есть внешние источники",1,0.4,0.9203736654804271,0.5433718861209964,0.6970640569395018,0.6877
100000002921047100,1,False,2,338000.0,2,1,163000.02,1,0.48224857988165676,False,False,1,9,0.4822485207100592,1,2,0.00031704809387447845,1.3383846945895353e-05,0,peripheral,0.8,"Признаков роли не выявлено: вход 2 (338 тыс ₸), выход 1 (163 тыс ₸)",15,0.08000000000000002,0.8661032028469751,0.9094750889679716,0.6943950177935942,0.6229
100000004783447100,1,False,1,26200.0,1,0,0.0,0,0.0,False,False,1,1,0.0,1,1,0.0002910683673240929,0.0,1,peripheral,0.9,"Признаков роли не выявлено: вход 1 (26 тыс ₸), выход 0 (0 ₸)",5,0.09000000000000001,0.2782473309608541,0.14768683274021352,0.2941503558718861,0.1626
100000008696919100,1,False,1,31945.0,1,0,0.0,0,0.0,False,False,1,1,0.0,1,1,0.00029227417553014546,0.0,1,peripheral,0.9,"Признаков роли не выявлено: вход 1 (32 тыс ₸), выход 0 (0 ₸)",5,0.09000000000000001,0.326067615658363,0.14768683274021352,0.31216637010676157,0.1817
100000008736940100,1,False,3,451090.0,13,3,182100.0,6,0.40368884258130305,False,False,1,1,0.6206965350595225,2,7,0.0024141567490764673,0.0,7,peripheral,0.7,"Признаков роли не выявлено: вход 3 (451 тыс ₸), выход 3 (182 тыс ₸)",34,0.06999999999999999,0.8905693950177936,0.14768683274021352,0.6885008896797153,0.4381
100000005940652100,1,False,1,8395.0,1,0,0.0,0,0.0,False,False,1,10,0.0,1,1,0.00028808836221548404,0.0,0,peripheral,0.9,"Признаков роли не выявлено: вход 1 (8 тыс ₸), выход 0 (0 ₸)",14,0.09000000000000001,0.05516014234875445,0.9612989323843416,0.23365213523131673,0.2788
100000004180097100,1,False,3,104854.0,5,3,47800.0,7,0.4558719743643542,False,False,1,7,0.20027848246132718,1,6,0.0008565318930578581,0.00018432769367764917,0,peripheral,0.7,"Признаков роли не выявлено: вход 3 (105 тыс ₸), выход 3 (48 тыс ₸)",19,0.06999999999999999,0.6574733096085409,0.5433718861209964,0.9524021352313168,0.5283
100000005539201100,1,False,1,45504.0,1,1,25000.0,1,0.5494022503516175,False,False,1,7,0.0,1,2,0.0002904617957249677,2.2707034728406055e-05,0,peripheral,0.9,"Признаков роли не выявлено: вход 1 (46 тыс ₸), выход 1 (25 тыс ₸)",2,0.09000000000000001,0.5044483985765125,0.5433718861209964,0.5402580071174378,0.3891
100000005620225100,1,False,2,49845.66,2,0,0.0,0,0.0,False,False,1,7,0.0,1,2,0.000296236243145001,0.0,0,terminal,0.748,"Конечный получатель: 50 тыс ₸ от 2 плательщиков, исходящих нет (колено 1)",1,0.3366,0.42126334519572955,0.5433718861209964,0.35398131672597866,0.4237
100000004388353100,1,False,2,62960.0,2,0,0.0,0,0.0,False,False,1,8,0.0,1,2,0.00034075907407916386,0.0,0,terminal,0.78,"Конечный получатель: 63 тыс ₸ от 2 плательщиков, исходящих нет (колено 1)",13,0.35100000000000003,0.48265124555160144,0.8387455516014235,0.4954403914590747,0.5556
100000007442518100,1,False,5,510000.0,8,9,4419999.0,12,8.666664705882352,False,True,1,7,0.6568627450980392,1,13,0.0006487732246506228,0.00014603739982190563,0,consolidator,0.55,"Признаки консолидации: получает от 5 разных плательщиков (из них seed: 1), 510 тыс ₸, отдаёт в 8.7× больше видимого входа — есть внешние источники",11,0.4675,0.994661921708185,0.5433718861209964,0.9314946619217082,0.7968
100000000267734100,1,False,2,180000.0,4,7,282000.0,8,1.5666666666666667,False,True,1,1,0.2222222222222222,1,8,0.0005373190777888428,0.0,0,peripheral,0.65,"Признаков роли не выявлено: вход 2 (180 тыс ₸), выход 7 (282 тыс ₸)",15,0.065,0.8500889679715302,0.14768683274021352,0.6042037366548043,0.4029
100000001987030100,1,False,2,30864.0,2,1,19000.0,1,0.6156039398652151,False,False,1,7,0.0,1,3,0.0002938727535543705,3.205699020480855e-05,0,peripheral,0.8,"Признаков роли не выявлено: вход 2 (31 тыс ₸), выход 1 (19 тыс ₸)",9,0.08000000000000002,0.42170818505338076,0.5433718861209964,0.5941948398576513,0.3727
100000002603478100,1,False,1,23500.0,1,0,0.0,0,0.0,False,False,1,1,0.0,1,1,0.0002894692379814412,0.0,0,peripheral,0.9,"Признаков роли не выявлено: вход 1 (24 тыс ₸), выход 0 (0 ₸)",12,0.09000000000000001,0.23910142348754448,0.14768683274021352,0.26690391459074736,0.144
100000001380054100,1,False,2,127050.0,2,3,360000.0,4,2.833530106257379,False,True,1,1,0.05548996458087367,1,4,0.0007164305424822364,0.0,3,peripheral,0.8,"Признаков роли не выявлено: вход 2 (127 тыс ₸), выход 3 (360 тыс ₸)",27,0.08000000000000002,0.8572064056939501,0.14768683274021352,0.6493549822064058,0.4226
100000002992171100,1,False,1,14627.0,1,0,0.0,0,0.0,False,False,1,1,0.0,1,1,0.0002886393301842066,0.0,1,peripheral,0.9,"Признаков роли не выявлено: вход 1 (15 тыс ₸), выход 0 (0 ₸)",5,0.09000000000000001,0.13033807829181496,0.14768683274021352,0.24699733096085408,0.1058
100000002781227100,1,False,2,191167.62,8,3,212420.0,10,1.1111714421092862,False,False,1,1,0.21534828963189478,1,10,0.0023265921896669563,0.0,0,transit,0.676,"Признаки транзита: пропускает 111% полученного (191 тыс ₸), 22% уходит дальше за ≤2 дня",3,0.4056,0.8269572953736655,0.14768683274021352,0.6878336298932385,0.5623
100000008745643100,1,False,1,20313.0,1,0,0.0,0,0.0,False,False,1,1,0.0,1,1,0.0002898327549813546,0.0,1,peripheral,0.9,"Признаков роли не выявлено: вход 1 (20 тыс ₸), выход 0 (0 ₸)",5,0.09000000000000001,0.21752669039145908,0.14768683274021352,0.2745774021352313,0.1393
100000002836736100,1,False,2,509000.0,2,0,0.0,0,0.0,False,False,1,3,0.0,2,1,0.00045179005468890573,0.0,0,terminal,0.965,"Конечный получатель: 509 тыс ₸ от 2 плательщиков, исходящих нет (колено 1)",9,0.43424999999999997,0.8665480427046264,0.28981316725978645,0.5650578291814947,0.5915
100000004188160100,1,False,2,87862.0,5,5,133846.0,6,1.5233661878855478,False,True,1,7,0.4685301950786461,1,8,0.0002968274021349181,0.0005126241170376478,0,peripheral,0.75,"Признаков роли не выявлено: вход 2 (88 тыс ₸), выход 5 (134 тыс ₸)",2,0.07500000000000001,0.7273131672597865,0.5433718861209964,0.6583629893238434,0.4798
100000004841728100,1,False,1,52208.0,1,0,0.0,0,0.0,False,False,1,1,0.0,1,1,0.00029652714187988316,0.0,1,peripheral,0.9,"Признаков роли не выявлено: вход 1 (52 тыс ₸), выход 0 (0 ₸)",5,0.09000000000000001,0.4443950177935943,0.14768683274021352,0.3566503558718861,0.2288
100000001554432100,1,False,1,53920.0,1,0,0.0,0,0.0,False,False,1,10,0.0,1,1,0.00029636604272574585,0.0,0,peripheral,0.9,"Признаков роли не выявлено: вход 1 (54 тыс ₸), выход 0 (0 ₸)",8,0.09000000000000001,0.45373665480427045,0.9612989323843416,0.3548709964412812,0.4305
100000008768896100,1,False,1,47060.0,1,0,0.0,0,0.0,False,False,1,1,0.0,1,1,0.0002954466369808825,0.0,1,peripheral,0.9,"Признаков роли не выявлено: вход 1 (47 тыс ₸), выход 0 (0 ₸)",5,0.09000000000000001,0.40903024911032027,0.14768683274021352,0.34653024911032027,0.2155
100000008232832100,1,False,1,337000.0,2,1,138000.0,1,0.4094955489614243,False,False,1,10,0.0,1,2,0.0004942271899045276,0.0,0,peripheral,0.9,"Признаков роли не выявлено: вход 1 (337 тыс ₸), выход 1 (138 тыс ₸)",14,0.09000000000000001,0.8534252669039146,0.9612989323843416,0.5781806049822064,0.6076
100000002864256100,1,False,1,135780.0,1,0,0.0,0,0.0,False,False,1,10,0.0,1,1,0.0003127573971935152,0.0,0,peripheral,0.9,"Признаков роли не выявлено: вход 1 (136 тыс ₸), выход 0 (0 ₸)",8,0.09000000000000001,0.6307829181494662,0.9612989323843416,0.43894572953736655,0.5053
100000001929088100,1,False,2,396010.0,2,0,0.0,0,0.0,False,False,2,2,0.0,1,2,0.0003175873990634125,0.0,0,terminal,0.948,"Конечный получатель: 396 тыс ₸ от 2 плательщиков, исходящих нет (колено 1)",16,0.4266,0.8220640569395018,0.28113879003558717,0.4554048042704626,0.5456
100000002794197100,1,False,1,30100.0,1,0,0.0,0,0.0,False,False,1,1,0.0,1,1,0.0002872952956036898,0.0,0,peripheral,0.9,"Признаков роли не выявлено: вход 1 (30 тыс ₸), выход 0 (0 ₸)",15,0.09000000000000001,0.3153914590747331,0.14768683274021352,0.22119661921708186,0.1562
100000005669845100,1,False,1,20000.0,1,0,0.0,0,0.0,False,False,1,1,0.0,1,1,0.0003175358448925586,0.0,3,peripheral,0.9,"Признаков роли не выявлено: вход 1 (20 тыс ₸), выход 0 (0 ₸)",27,0.09000000000000001,0.20462633451957296,0.14768683274021352,0.4546263345195729,0.1794
100000002211413100,1,False,1,37000.0,1,0,0.0,0,0.0,False,False,1,1,0.0,1,1,0.00029333516081849983,0.0,1,peripheral,0.9,"Признаков роли не выявлено: вход 1 (37 тыс ₸), выход 0 (0 ₸)",5,0.09000000000000001,0.3540925266903915,0.14768683274021352,0.32484430604982206,0.1934
100000002784085100,1,False,1,200000.0,1,0,0.0,0,0.0,False,False,1,1,0.0,1,1,0.0003070479617173764,0.0,0,terminal,0.896,"Конечный получатель: 200 тыс ₸ от 1 плательщиков, исходящих нет (колено 1)",16,0.4032,0.7106316725978647,0.14768683274021352,0.4175934163701068,0.4595
100000008782421100,1,False,1,49680.0,1,0,0.0,0,0.0,False,False,1,1,0.0,1,1,0.00029599654429156275,0.0,1,peripheral,0.9,"Признаков роли не выявлено: вход 1 (50 тыс ₸), выход 0 (0 ₸)",5,0.09000000000000001,0.4199288256227758,0.14768683274021352,0.3519795373665481,0.2202
100000003739818100,1,False,1,57293.0,1,0,0.0,0,0.0,False,False,1,10,0.0,1,1,0.00029704144021682556,0.0,0,peripheral,0.9,"Признаков роли не выявлено: вход 1 (57 тыс ₸), выход 0 (0 ₸)",8,0.09000000000000001,0.4657473309608541,0.9612989323843416,0.36109875444839856,0.4357
100000002214570100,1,False,1,26471.0,1,0,0.0,0,0.0,False,False,1,1,0.0,1,1,0.0002911252470497396,0.0,1,peripheral,0.9,"Признаков роли не выявлено: вход 1 (26 тыс ₸), выход 0 (0 ₸)",5,0.09000000000000001,0.28113879003558717,0.14768683274021352,0.29526245551601427,0.1638
100000006443391100,1,False,3,86775.93,7,2,60041.71000000001,6,0.6919166409394865,False,False,1,1,0.12794942099727427,1,8,0.0024195077535015437,0.0,0,peripheral,0.7,"Признаков роли не выявлено: вход 3 (87 тыс ₸), выход 2 (60 тыс ₸)",16,0.06999999999999999,0.6445729537366548,0.14768683274021352,0.6887233096085409,0.3629
100000005473151100,1,False,3,1220000.0,4,4,225000.0,6,0.18442622950819673,False,False,1,9,0.0,2,4,0.0004682674337196517,0.00015106220582623077,0,terminal,0.991,"Конечный получатель: 1,2 млн ₸ от 3 плательщиков, дальше уходит 18% (колено 1)",15,0.44595,0.9501779359430605,0.9094750889679716,0.8600978647686832,0.8461
100000005124479100,1,False,2,137753.0,2,2,22000.0,2,0.15970614070110994,False,False,1,10,0.0,1,4,0.0003032300539809193,3.3837934105075694e-05,0,terminal,0.858,"Конечный получатель: 138 тыс ₸ от 2 плательщиков, дальше уходит 16% (колено 1)",8,0.3861,0.6654804270462633,0.9612989323843416,0.6678158362989324,0.6989
100000005527892100,1,False,3,220001.0,3,8,552419.0,8,2.510984040981632,False,True,1,8,0.45454338843914344,1,8,0.00031243167214621076,0.00030604905887396904,0,peripheral,0.6,"Признаков роли не выявлено: вход 3 (220 тыс ₸), выход 8 (552 тыс ₸)",3,0.06,0.9043594306049823,0.8387455516014235,0.734653024911032,0.6186
100000008028628100,1,False,1,57224.0,1,0,0.0,0,0.0,False,False,1,1,0.0,1,1,0.0002975799415250633,0.0,1,peripheral,0.9,"Признаков роли не выявлено: вход 1 (57 тыс ₸), выход 0 (0 ₸)",5,0.09000000000000001,0.4648576512455516,0.14768683274021352,0.3642126334519573,0.2369
100000001953577100,1,False,1,15600.0,1,0,0.0,0,0.0,False,False,1,1,0.0,1,1,0.00028884355148698975,0.0,1,peripheral,0.9,"Признаков роли не выявлено: вход 1 (16 тыс ₸), выход 0 (0 ₸)",5,0.09000000000000001,0.1512455516014235,0.14768683274021352,0.2536699288256228,0.1139
100000008193577100,1,False,2,154300.0,6,5,480180.0,16,3.1119896305897603,False,True,1,1,0.46856772521062867,1,14,0.0012389478209868792,0.0,7,peripheral,0.75,"Признаков роли не выявлено: вход 2 (154 тыс ₸), выход 5 (480 тыс ₸)",34,0.07500000000000001,0.8910142348754448,0.14768683274021352,0.6749332740213523,0.4371
100000008753193100,1,False,1,35225.0,1,0,0.0,0,0.0,False,False,1,1,0.0,1,1,0.0002929626091099283,0.0,1,peripheral,0.9,"Признаков роли не выявлено: вход 1 (35 тыс ₸), выход 0 (0 ₸)",5,0.09000000000000001,0.3474199288256228,0.14768683274021352,0.31972864768683273,0.1901
100000008746025100,1,False,1,22000.0,1,0,0.0,0,0.0,False,False,1,1,0.0,1,1,0.0002901868365207124,0.0,1,peripheral,0.9,"Признаков роли не выявлено: вход 1 (22 тыс ₸), выход 0 (0 ₸)",5,0.09000000000000001,0.2284252669039146,0.14768683274021352,0.2801379003558719,0.144
100000002934441100,1,False,2,60845.6,2,0,0.0,0,0.0,False,False,1,7,0.0,2,1,0.00030248130107500554,0.0,0,terminal,0.778,"Конечный получатель: 61 тыс ₸ от 2 плательщиков, исходящих нет (колено 1)",4,0.3501,0.4790925266903915,0.5433718861209964,0.39846530249110323,0.4581
100000003701161100,1,False,4,1527103.0,13,3,349000.0,7,0.22853730232996727,False,False,1,7,0.15388614913335905,2,14,0.0016488161626324826,0.00011754229741763136,0,peripheral,0.6,"Признаков роли не выявлено: вход 4 (1,5 млн ₸), выход 3 (349 тыс ₸)",23,0.06,0.9670818505338078,0.5433718861209964,0.9684163701067615,0.6227
100000006707582100,1,False,2,39520.0,2,14,961138.0,15,24.320293522267207,False,True,1,1,0.4433198380566802,1,5,0.000538055648514295,0.0,0,distributor,0.569,"Веерное распределение: 14 получателей, 961 тыс ₸, отдаёт в 24.3× больше видимого входа — есть внешние источники",9,0.4552,0.9279359430604982,0.14768683274021352,0.6050934163701067,0.5942
100000003239379100,1,False,1,92500.0,1,0,0.0,0,0.0,False,False,1,1,0.0,1,1,0.00030092013669320166,0.0,0,peripheral,0.9,"Признаков роли не выявлено: вход 1 (92 тыс ₸), выход 0 (0 ₸)",12,0.09000000000000001,0.5578291814946619,0.14768683274021352,0.3895685053380783,0.2716
100000000979923100,1,False,1,97900.0,1,0,0.0,0,0.0,False,False,1,8,0.0,1,1,0.0003004178044094989,0.0,0,peripheral,0.9,"Признаков роли не выявлено: вход 1 (98 тыс ₸), выход 0 (0 ₸)",13,0.09000000000000001,0.572508896797153,0.8387455516014235,0.3853425266903915,0.4443
100000001111763100,1,False,1,17144.0,1,0,0.0,0,0.0,False,False,1,1,0.0,1,1,0.0002891676190013754,0.0,1,peripheral,0.9,"Признаков роли не выявлено: вход 1 (17 тыс ₸), выход 0 (0 ₸)",5,0.09000000000000001,0.1688167259786477,0.14768683274021352,0.2595640569395018,0.1207
100000003865939100,1,False,1,81465.0,1,0,0.0,0,0.0,False,False,1,1,0.0,1,1,0.0005285862410602082,0.0,15,peripheral,0.9,"Признаков роли не выявлено: вход 1 (81 тыс ₸), выход 0 (0 ₸)",47,0.09000000000000001,0.5251334519572953,0.14768683274021352,0.5877446619217082,0.3101
100000002858835100,1,False,1,24400.0,1,0,0.0,0,0.0,False,False,1,1,0.0,1,1,0.0002906905684083584,0.0,1,peripheral,0.9,"Признаков роли не выявлено: вход 1 (24 тыс ₸), выход 0 (0 ₸)",5,0.09000000000000001,0.2526690391459075,0.14768683274021352,0.2881450177935943,0.1533
100000003404627100,1,False,4,877700.0,5,0,0.0,0,0.0,False,False,1,11,0.0,3,2,0.0013785777125656824,0.0,0,terminal,0.984,"Конечный получатель: 878 тыс ₸ от 4 плательщиков, исходящих нет (колено 1)",14,0.4428,0.9154804270462633,0.9922153024911032,0.6773798932384342,0.8096
100000008691027100,1,False,1,17534.0,1,0,0.0,0,0.0,False,False,1,1,0.0,1,1,0.00028924947543311784,0.0,1,peripheral,0.9,"Признаков роли не выявлено: вход 1 (18 тыс ₸), выход 0 (0 ₸)",5,0.09000000000000001,0.17593416370106763,0.14768683274021352,0.2615658362989324,0.1233
100000004071080100,1,False,9,238600.0,16,2,46500.0,5,0.19488683989941324,False,False,1,7,0.3730092204526404,2,12,0.0013690045738923458,1.7809439002671416e-05,0,consolidator,0.737,"Признаки консолидации: получает от 9 разных плательщиков (из них seed: 1), 239 тыс ₸, отдаёт дальше 19% полученного",1,0.62645,0.7691281138790036,0.5433718861209964,0.9223754448398576,0.7936
100000002864680100,1,False,1,55932.0,1,0,0.0,0,0.0,False,False,1,1,0.0,1,1,0.00029485149228607616,0.0,0,peripheral,0.9,"Признаков роли не выявлено: вход 1 (56 тыс ₸), выход 0 (0 ₸)",12,0.09000000000000001,0.46307829181494664,0.14768683274021352,0.3417482206405694,0.2309
100000001330685100,1,False,3,2435923.0,7,1,100500.0,1,0.04125746175063826,False,False,1,7,0.0,2,6,0.0004382160258847987,1.0685663401602851e-05,0,terminal,0.998,"Конечный получатель: 2,4 млн ₸ от 3 плательщиков, дальше уходит 4% (колено 1)",6,0.4491,0.9786476868327402,0.5433718861209964,0.7761343416370107,0.7459
100000008745725100,1,False,1,47060.0,1,0,0.0,0,0.0,False,False,1,1,0.0,1,1,0.0002954466369808825,0.0,1,peripheral,0.9,"Признаков роли не выявлено: вход 1 (47 тыс ₸), выход 0 (0 ₸)",5,0.09000000000000001,0.40903024911032027,0.14768683274021352,0.34653024911032027,0.2155
100000002621949100,1,False,1,164612.0,1,0,0.0,0,0.0,False,False,1,10,0.0,1,1,0.0003185306140517454,0.0,0,peripheral,0.9,"Признаков роли не выявлено: вход 1 (165 тыс ₸), выход 0 (0 ₸)",8,0.09000000000000001,0.672153024911032,0.9612989323843416,0.45807384341637014,0.5227
100000007908818100,1,False,4,727475.0,4,6,302000.0,13,0.4151345407058662,False,False,2,11,0.0,2,11,0.0004753811920473764,0.00011843276936776492,0,peripheral,0.6,"Признаков роли не выявлено: вход 4 (727 тыс ₸), выход 6 (302 тыс ₸)",8,0.06,0.931049822064057,0.9922153024911032,0.8598754448398576,0.695
100000008691495100,1,False,1,27000.0,1,0,0.0,0,0.0,False,False,1,1,0.0,1,1,0.0002912362779533082,0.0,1,peripheral,0.9,"Признаков роли не выявлено: вход 1 (27 тыс ₸), выход 0 (0 ₸)",5,0.09000000000000001,0.28536476868327404,0.14768683274021352,0.29748665480427045,0.1656
100000003832231100,1,False,1,35000.0,1,0,0.0,0,0.0,False,False,1,10,0.0,1,1,0.00029257756939896605,0.0,0,peripheral,0.9,"Признаков роли не выявлено: вход 1 (35 тыс ₸), выход 0 (0 ₸)",8,0.09000000000000001,0.34363879003558717,0.9612989323843416,0.3155026690391459,0.3872
100000002371751100,1,False,1,200000.0,5,1,250000.0,1,1.25,False,True,1,1,0.85,1,4,0.0005285862410602082,0.0,13,peripheral,0.9,"Признаков роли не выявлено: вход 1 (200 тыс ₸), выход 1 (250 тыс ₸)",44,0.09000000000000001,0.8440836298932385,0.14768683274021352,0.5877446619217082,0.4078
100000002894076100,1,False,4,1122782.0,6,0,0.0,0,0.0,False,False,2,10,0.0,3,3,0.00038267994337591544,0.0,0,terminal,0.99,"Конечный получатель: 1,1 млн ₸ от 4 плательщиков, исходящих нет (колено 1)",15,0.4455,0.9354982206405694,0.9612989323843416,0.5321396797153025,0.7738
100000001362940100,1,False,1,81000.0,1,0,0.0,0,0.0,False,False,1,10,0.0,1,1,0.00030178844535202483,0.0,0,peripheral,0.9,"Признаков роли не выявлено: вход 1 (81 тыс ₸), выход 0 (0 ₸)",8,0.09000000000000001,0.5229092526690391,0.9612989323843416,0.3949065836298933,0.4615
100000008741372100,1,False,1,35975.0,1,0,0.0,0,0.0,False,False,1,1,0.0,1,1,0.00029312002532481767,0.0,1,peripheral,0.9,"Признаков роли не выявлено: вход 1 (36 тыс ₸), выход 0 (0 ₸)",5,0.09000000000000001,0.34919928825622776,0.14768683274021352,0.32150800711743777,0.1911
100000002618492100,1,False,2,296500.0,2,0,0.0,0,0.0,False,False,1,8,0.0,1,2,0.00036902681066638884,0.0,0,terminal,0.928,"Конечный получатель: 296 тыс ₸ от 2 плательщиков, исходящих нет (колено 1)",13,0.4176,0.7749110320284698,0.8387455516014235,0.5236877224199288,0.6806
100000002750332100,1,False,1,11360.0,1,0,0.0,0,0.0,False,False,1,1,0.0,1,1,0.00028678928253129574,0.0,0,peripheral,0.9,"Признаков роли не выявлено: вход 1 (11 тыс ₸), выход 0 (0 ₸)",16,0.09000000000000001,0.10097864768683273,0.14768683274021352,0.2129670818505338,0.0885
100000004948177100,1,False,3,437163.0,8,0,0.0,0,0.0,False,False,1,7,0.0,1,7,0.00042215807154897264,0.0,0,terminal,0.954,"Конечный получатель: 437 тыс ₸ от 3 плательщиков, исходящих нет (колено 1)",2,0.4293,0.8367437722419929,0.5433718861209964,0.5526023131672598,0.6393
100000002511825100,1,False,1,65000.0,1,0,0.0,0,0.0,False,False,1,7,0.0,1,1,0.00029776670172400603,0.0,0,peripheral,0.9,"Признаков роли не выявлено: вход 1 (65 тыс ₸), выход 0 (0 ₸)",1,0.09000000000000001,0.4875444839857651,0.5433718861209964,0.36554715302491103,0.3411
100000008566737100,1,False,2,230000.0,2,0,0.0,0,0.0,False,False,1,10,0.0,2,1,0.0003494638119095339,0.0,0,terminal,0.907,"Конечный получатель: 230 тыс ₸ от 2 плательщиков, исходящих нет (колено 1)",10,0.40815,0.7319839857651246,0.9612989323843416,0.5047820284697508,0.6888
100000008661585100,1,False,1,43141.0,1,0,0.0,0,0.0,False,False,1,1,0.0,1,1,0.00029462408478601393,0.0,1,peripheral,0.9,"Признаков роли не выявлено: вход 1 (43 тыс ₸), выход 0 (0 ₸)",5,0.09000000000000001,0.38434163701067614,0.14768683274021352,0.33907918149466193,0.2061
100000004759121100,1,False,6,710000.0,10,2,312000.0,6,0.4394366197183099,False,False,1,7,0.07746478873239436,1,14,0.0014151796822407352,4.2742653606411403e-05,0,consolidator,0.608,"Признаки консолидации: получает от 6 разных плательщиков (из них seed: 1), 710 тыс ₸, отдаёт дальше 44% полученного",1,0.5167999999999999,0.9301601423487544,0.5433718861209964,0.9485097864768683,0.8023
100000004360785100,1,False,1,94705.0,1,0,0.0,0,0.0,False,False,1,7,0.0,1,1,0.00029575179147653256,0.0,0,peripheral,0.9,"Признаков роли не выявлено: вход 1 (95 тыс ₸), выход 0 (0 ₸)",2,0.09000000000000001,0.5640569395017794,0.5433718861209964,0.34997775800711745,0.3607
100000005092518100,1,False,1,26144.0,1,0,0.0,0,0.0,False,False,1,1,0.0,1,1,0.0002910566135800478,0.0,1,peripheral,0.9,"Признаков роли не выявлено: вход 1 (26 тыс ₸), выход 0 (0 ₸)",5,0.09000000000000001,0.2733540925266904,0.14768683274021352,0.2938167259786477,0.1611
100000008737958100,1,False,2,53373.0,2,0,0.0,0,0.0,False,False,1,1,0.0,1,2,0.00029962614026345346,0.0,1,terminal,0.765,"Конечный получатель: 53 тыс ₸ от 2 плательщиков, исходящих нет (колено 1)",5,0.34425,0.4515124555160142,0.14768683274021352,0.379114768683274,0.3455
100000003044518100,1,False,1,34423.0,1,0,0.0,0,0.0,False,False,1,1,0.0,1,1,0.00028754318610180955,0.0,0,peripheral,0.9,"Признаков роли не выявлено: вход 1 (34 тыс ₸), выход 0 (0 ₸)",15,0.09000000000000001,0.3389679715302491,0.14768683274021352,0.22497775800711745,0.1643
100000004159526100,1,False,4,275037.0,4,4,68000.0,6,0.24723946232688693,False,False,1,8,0.07271748891967263,2,7,0.0008532026216190936,5.342831700801425e-05,0,peripheral,0.6,"Признаков роли не выявлено: вход 4 (275 тыс ₸), выход 4 (68 тыс ₸)",14,0.06,0.797153024911032,0.8387455516014235,0.9349421708185053,0.6348
100000007544358100,1,False,2,322500.0,2,1,350000.0,3,1.0852713178294573,False,False,1,7,0.06976744186046512,1,4,0.0003405716742742659,1.1576135351736421e-05,0,transit,0.686,"Признаки транзита: пропускает 109% полученного (322 тыс ₸), 7% уходит дальше за ≤2 дня",2,0.4116,0.8941281138790036,0.5433718861209964,0.7288701067615658,0.6924
100000005901606100,1,False,1,35660.0,1,0,0.0,0,0.0,False,False,1,1,0.0,1,1,0.0002930539105145642,0.0,1,peripheral,0.9,"Признаков роли не выявлено: вход 1 (36 тыс ₸), выход 0 (0 ₸)",5,0.09000000000000001,0.34830960854092524,0.14768683274021352,0.32106316725978645,0.1907
100000006658598100,1,False,1,9000.0,1,0,0.0,0,0.0,False,False,1,7,0.0,1,1,0.00028653695669903076,0.0,0,peripheral,0.9,"Признаков роли не выявлено: вход 1 (9 тыс ₸), выход 0 (0 ₸)",2,0.09000000000000001,0.06005338078291815,0.5433718861209964,0.21029804270462635,0.1722
100000002793851100,1,False,1,11052.0,1,0,0.0,0,0.0,False,False,1,7,0.0,1,1,0.0002867575837448675,0.0,0,peripheral,0.9,"Признаков роли не выявлено: вход 1 (11 тыс ₸), выход 0 (0 ₸)",2,0.09000000000000001,0.099644128113879,0.5433718861209964,0.21229982206405695,0.1848
100000005612411100,1,False,3,115500.0,4,8,506997.0,8,4.389584415584416,False,True,1,8,1.0,2,7,0.00032720608268876,8.548530721282281e-05,0,peripheral,0.6,"Признаков роли не выявлено: вход 3 (116 тыс ₸), выход 8 (507 тыс ₸)",8,0.06,0.8887900355871886,0.8387455516014235,0.7601201067615659,0.6201
100000007511163100,1,False,2,63666.0,2,3,82052.0,3,1.2887883642760658,False,True,1,7,0.7696415669274024,1,3,0.0003395973251602175,5.342831700801425e-05,0,peripheral,0.8,"Признаков роли не выявлено: вход 2 (64 тыс ₸), выход 3 (82 тыс ₸)",2,0.08000000000000002,0.6436832740213523,0.5433718861209964,0.7690169039145907,0.4835
100000002648315100,1,False,1,132000.0,1,2,76000.0,3,0.5757575757575758,False,False,1,1,0.0,1,4,0.0002931384697323959,0.0,0,peripheral,0.9,"Признаков роли не выявлено: вход 1 (132 тыс ₸), выход 2 (76 тыс ₸)",15,0.09000000000000001,0.7175266903914591,0.14768683274021352,0.3217304270462633,0.3039
100000004739664100,1,False,1,12000.0,1,1,10000.0,1,0.8333333333333334,False,False,1,1,0.0,1,2,0.00028808795365552084,2.6714158504007127e-06,1,peripheral,0.9,"Признаков роли не выявлено: вход 1 (12 тыс ₸), выход 1 (10 тыс ₸)",5,0.09000000000000001,0.2284252669039146,0.14768683274021352,0.4344973309608541,0.1818
100000003713616100,1,False,1,15893.0,1,0,0.0,0,0.0,False,False,1,7,0.0,1,1,0.00028727807864198997,0.0,0,peripheral,0.9,"Признаков роли не выявлено: вход 1 (16 тыс ₸), выход 0 (0 ₸)",2,0.09000000000000001,0.1543594306049822,0.5433718861209964,0.22052935943060498,0.2036
100000003476560100,1,False,1,50000.0,1,0,0.0,0,0.0,False,False,1,10,0.0,1,1,0.00029558111590539824,0.0,0,peripheral,0.9,"Признаков роли не выявлено: вход 1 (50 тыс ₸), выход 0 (0 ₸)",8,0.09000000000000001,0.42838078291814946,0.9612989323843416,0.34819839857651247,0.4211
100000008782800100,1,False,1,43381.0,1,0,0.0,0,0.0,False,False,1,1,0.0,1,1,0.0002946744579747786,0.0,1,peripheral,0.9,"Признаков роли не выявлено: вход 1 (43 тыс ₸), выход 0 (0 ₸)",5,0.09000000000000001,0.38523131672597866,0.14768683274021352,0.3399688612099644,0.2066
100000004218576100,1,False,1,26144.0,1,0,0.0,0,0.0,False,False,1,1,0.0,1,1,0.0002910566135800478,0.0,1,peripheral,0.9,"Признаков роли не выявлено: вход 1 (26 тыс ₸), выход 0 (0 ₸)",5,0.09000000000000001,0.2733540925266904,0.14768683274021352,0.2938167259786477,0.1611
100000003299365100,1,False,1,200000.0,1,1,200000.0,1,1.0,False,False,1,10,1.0,1,1,0.0003256165809697203,0.0,0,transit,1.0,"Признаки транзита: пропускает 100% полученного (200 тыс ₸), 100% уходит дальше за ≤2 дня",8,0.6,0.8256227758007118,0.9612989323843416,0.4734208185053381,0.792
100000008730021100,1,False,1,75555.0,3,0,0.0,0,0.0,False,False,1,2,0.0,1,2,0.00046813825917664206,0.0,0,peripheral,0.9,"Признаков роли не выявлено: вход 1 (76 тыс ₸), выход 0 (0 ₸)",13,0.09000000000000001,0.5133451957295374,0.28113879003558717,0.5688389679715302,0.3346
100000002757797100,1,False,1,100000.0,1,0,0.0,0,0.0,False,False,1,1,0.0,1,1,0.00030216479959665387,0.0,0,peripheral,0.9,"Признаков роли не выявлено: вход 1 (100 тыс ₸), выход 0 (0 ₸)",12,0.09000000000000001,0.5798487544483986,0.14768683274021352,0.396241103202847,0.28
100000002845605100,1,False,1,57567.0,1,0,0.0,0,0.0,False,False,1,7,0.0,1,1,0.00029637188126250733,0.0,0,peripheral,0.9,"Признаков роли не выявлено: вход 1 (58 тыс ₸), выход 0 (0 ₸)",1,0.09000000000000001,0.4666370106761566,0.5433718861209964,0.3553158362989324,0.3322
100000000817146100,1,False,1,70020.0,1,0,0.0,0,0.0,False,False,1,9,0.0,1,1,0.000589468478641026,0.0,0,peripheral,0.9,"Признаков роли не выявлено: вход 1 (70 тыс ₸), выход 0 (0 ₸)",2,0.09000000000000001,0.5026690391459074,0.9094750889679716,0.630894128113879,0.5004
100000002957306100,1,False,2,398490.0,2,0,0.0,0,0.0,False,False,2,11,0.0,1,2,0.0003551868796242705,0.0,0,terminal,0.948,"Конечный получатель: 398 тыс ₸ от 2 плательщиков, исходящих нет (колено 1)",13,0.4266,0.824288256227758,0.9922153024911032,0.509452846975089,0.7337
100000008188026100,1,False,2,86468.0,5,4,337983.17,4,3.9087659018365173,False,True,1,7,0.0,1,6,0.0002993035967853829,4.2742653606411403e-05,0,peripheral,0.8,"Признаков роли не выявлено: вход 2 (86 тыс ₸), выход 4 (338 тыс ₸)",2,0.08000000000000002,0.833185053380783,0.5433718861209964,0.6457962633451957,0.5113
100000004790991100,1,False,1,239413.0,4,0,0.0,0,0.0,False,False,1,7,0.0,1,4,0.0003113105139662674,0.0,0,terminal,0.912,"Конечный получатель: 239 тыс ₸ от 1 плательщиков, исходящих нет (колено 1)",2,0.41040000000000004,0.7424377224199288,0.5433718861209964,0.43316281138790036,0.573
100000002973903100,1,False,3,92880.0,3,0,0.0,0,0.0,False,False,1,8,0.0,1,3,0.00031686903979445306,0.0,0,terminal,0.819,"Конечный получатель: 93 тыс ₸ от 3 плательщиков, исходящих нет (колено 1)",12,0.36855,0.5587188612099644,0.8387455516014235,0.453403024911032,0.5762
100000004325327100,1,False,2,70817.0,3,1,70000.0,1,0.988463222107686,False,False,1,7,0.6703475154270867,1,4,0.00029579231968135573,2.1414155113432564e-05,0,transit,0.917,"Признаки транзита: пропускает 99% полученного (71 тыс ₸), 67% уходит дальше за ≤2 дня",10,0.5502,0.6370106761565836,0.5433718861209964,0.603758896797153,0.6425
100000001477796100,1,False,1,182000.0,1,0,0.0,0,0.0,False,False,1,1,0.0,1,1,0.0003306619019813842,0.0,0,peripheral,0.9,"Признаков роли не выявлено: вход 1 (182 тыс ₸), выход 0 (0 ₸)",8,0.09000000000000001,0.6899466192170819,0.14768683274021352,0.48098309608540923,0.3344
100000007536804100,1,False,1,100000.0,1,2,55000.0,2,0.55,False,False,1,1,0.0,1,3,0.00029130351809237046,0.0,0,peripheral,0.9,"Признаков роли не выявлено: вход 1 (100 тыс ₸), выход 2 (55 тыс ₸)",15,0.09000000000000001,0.6619217081850534,0.14768683274021352,0.2992660142348754,0.2814
100000008665380100,1,False,2,69100.0,2,1,18200.0,1,0.2633863965267728,False,False,1,7,0.0,1,3,0.00029077432850192693,1.0685663401602851e-05,0,peripheral,0.8,"Признаков роли не выявлено: вход 2 (69 тыс ₸), выход 1 (18 тыс ₸)",10,0.08000000000000002,0.5435943060498221,0.5433718861209964,0.5041147686832741,0.3879
100000001870116100,1,False,1,24000.0,1,0,0.0,0,0.0,False,False,1,1,0.0,1,1,0.00029060661309375074,0.0,1,peripheral,0.9,"Признаков роли не выявлено: вход 1 (24 тыс ₸), выход 0 (0 ₸)",5,0.09000000000000001,0.24822064056939502,0.14768683274021352,0.28770017793594305,0.1519
100000001074553100,1,False,2,28971.0,2,0,0.0,0,0.0,False,False,2,2,0.0,1,2,0.0002894987523363481,0.0,0,terminal,0.682,"Конечный получатель: 29 тыс ₸ от 2 плательщиков, исходящих нет (колено 1)",16,0.3069,0.2958185053380783,0.28113879003558717,0.2674599644128114,0.2871
100000000978041100,1,False,1,44445.0,1,0,0.0,0,0.0,False,False,1,1,0.0,1,1,0.00029489777911163493,0.0,1,peripheral,0.9,"Признаков роли не выявлено: вход 1 (44 тыс ₸), выход 0 (0 ₸)",5,0.09000000000000001,0.3887900355871886,0.14768683274021352,0.3421930604982206,0.2083
100000002603769100,1,False,3,1185368.0,3,0,0.0,0,0.0,False,False,1,7,0.0,1,3,0.0005415388680707105,0.0,0,terminal,0.991,"Конечный получатель: 1,2 млн ₸ от 3 плательщиков, исходящих нет (колено 1)",1,0.44595,0.9390569395017794,0.5433718861209964,0.6097642348754448,0.6917
100000005034574100,1,False,1,258816.0,16,0,0.0,0,0.0,False,False,1,1,0.0,1,5,0.0004250866895938891,0.0,12,terminal,0.918,"Конечный получатель: 259 тыс ₸ от 1 плательщиков, исходящих нет (колено 1)",45,0.4131,0.755338078291815,0.14768683274021352,0.5541592526690392,0.5109
100000002958286100,1,False,1,257000.0,1,0,0.0,0,0.0,False,False,1,1,0.0,1,1,0.00031316938195490073,0.0,0,terminal,0.918,"Конечный получатель: 257 тыс ₸ от 1 плательщиков, исходящих нет (колено 1)",16,0.4131,0.7544483985765125,0.14768683274021352,0.4409475088967971,0.4829
100000005634552100,1,False,1,25850.0,1,3,1196000.0,4,46.2669245647969,False,True,1,7,0.0,1,4,0.00028834863590095484,1.4499167524719965e-05,0,peripheral,0.85,"Признаков роли не выявлено: вход 1 (26 тыс ₸), выход 3 (1,2 млн ₸)",1,0.085,0.9403914590747331,0.5433718861209964,0.48309608540925264,0.5064
100000008736760100,1,False,1,54757.0,1,0,0.0,0,0.0,False,False,1,1,0.0,1,1,0.0002970621471222205,0.0,1,peripheral,0.9,"Признаков роли не выявлено: вход 1 (55 тыс ₸), выход 0 (0 ₸)",5,0.09000000000000001,0.45774021352313166,0.14768683274021352,0.3613211743772242,0.2341
100000008701944100,1,False,1,52124.0,1,0,0.0,0,0.0,False,False,1,2,0.0,1,1,0.00041152025351239013,0.0,0,peripheral,0.9,"Признаков роли не выявлено: вход 1 (52 тыс ₸), выход 0 (0 ₸)",13,0.09000000000000001,0.44395017793594305,0.28113879003558717,0.5499332740213523,0.3087
100000008748408100,1,False,1,360000.0,2,21,1499960.0,22,4.166555555555555,False,True,1,1,1.0,1,6,0.00033405459494233067,0.0,0,distributor,0.651,"Веерное распределение: 21 получателей, 1,5 млн ₸, отдаёт в 4.2× больше видимого входа — есть внешние источники",20,0.5208,0.9657473309608541,0.14768683274021352,0.4858763345195729,0.6047
100000008486520100,1,False,1,35720.0,2,1,14000.0,1,0.3919372900335946,False,False,1,7,0.0,1,2,0.00028940983908926294,1.0685663401602851e-05,0,peripheral,0.9,"Признаков роли не выявлено: вход 1 (36 тыс ₸), выход 1 (14 тыс ₸)",2,0.09000000000000001,0.4208185053380783,0.5433718861209964,0.48076067615658363,0.3489
100000003163256100,1,False,1,13485.0,1,1,15000.0,1,1.1123470522803114,False,False,1,7,0.0,1,2,0.00028701917516909777,1.0685663401602851e-05,0,peripheral,0.9,"Признаков роли не выявлено: вход 1 (13 тыс ₸), выход 1 (15 тыс ₸)",2,0.09000000000000001,0.29270462633451955,0.5433718861209964,0.43182829181494664,0.2977
100000003102157100,1,False,1,96746.0,2,0,0.0,0,0.0,False,False,1,7,0.0,1,1,0.0003037239155502857,0.0,0,peripheral,0.9,"Признаков роли не выявлено: вход 1 (97 тыс ₸), выход 0 (0 ₸)",1,0.09000000000000001,0.5698398576512456,0.5433718861209964,0.40558274021352314,0.3761
100000004741837100,1,False,1,25596.0,1,0,0.0,0,0.0,False,False,1,7,0.0,1,1,0.0002883213263153591,0.0,0,peripheral,0.9,"Признаков роли не выявлено: вход 1 (26 тыс ₸), выход 0 (0 ₸)",2,0.09000000000000001,0.27001779359430605,0.5433718861209964,0.2403247330960854,0.2439
100000008443341100,1,False,2,34500.0,2,3,50000.0,4,1.4492753623188406,False,True,1,7,0.7101449275362319,1,4,0.0006689699930486659,2.2174052880519724e-05,0,peripheral,0.8,"Признаков роли не выявлено: вход 2 (34 тыс ₸), выход 3 (50 тыс ₸)",1,0.08000000000000002,0.5351423487544484,0.5433718861209964,0.8990213523131673,0.4821
100000004792397100,1,False,1,73520.0,1,0,0.0,0,0.0,False,False,1,1,0.0,1,1,0.0003010002810421795,0.0,1,peripheral,0.9,"Признаков роли не выявлено: вход 1 (74 тыс ₸), выход 0 (0 ₸)",5,0.09000000000000001,0.5088967971530249,0.14768683274021352,0.3900133451957295,0.2567
100000003809101100,1,False,2,166050.0,3,2,55200.0,4,0.3324299909665763,False,False,1,8,0.12044564890093346,1,5,0.00036194707754243303,6.485604036806173e-05,0,peripheral,0.8,"Признаков роли не выявлено: вход 2 (166 тыс ₸), выход 2 (55 тыс ₸)",16,0.08000000000000002,0.7268683274021353,0.8387455516014235,0.7973754448398577,0.5882
100000002838861100,1,False,5,554523.95,5,1,10000.0,1,0.018033486200190272,False,False,2,8,0.0,2,5,0.002119918647260691,1.0707077556716282e-05,0,consolidator,0.6,"Признаки консолидации: получает от 5 разных плательщиков (из них seed: 2), 555 тыс ₸, отдаёт дальше 2% полученного",9,0.51,0.8781138790035588,0.8387455516014235,0.9147019572953736,0.8475
100000008560717100,1,False,7,529000.0,9,1,25000.0,1,0.04725897920604915,False,False,1,7,0.0,2,8,0.0003308341565552128,1.0685663401602851e-05,0,consolidator,0.657,"Признаки консолидации: получает от 7 разных плательщиков (из них seed: 1), 529 тыс ₸, отдаёт дальше 5% полученного",6,0.55845,0.8758896797153025,0.5433718861209964,0.6958407473309609,0.7417
100000008693069100,1,False,1,20000.0,1,0,0.0,0,0.0,False,False,1,1,0.0,1,1,0.0002897670599476741,0.0,1,peripheral,0.9,"Признаков роли не выявлено: вход 1 (20 тыс ₸), выход 0 (0 ₸)",5,0.09000000000000001,0.20462633451957296,0.14768683274021352,0.27346530249110323,0.135
100000008672162100,1,False,1,15550.0,1,0,0.0,0,0.0,False,False,1,1,0.0,1,1,0.0002888330570726638,0.0,1,peripheral,0.9,"Признаков роли не выявлено: вход 1 (16 тыс ₸), выход 0 (0 ₸)",5,0.09000000000000001,0.15013345195729538,0.14768683274021352,0.2534475088967971,0.1135
100000007311010100,1,False,2,64480.0,2,1,20000.0,1,0.31017369727047145,False,False,1,10,0.0,1,3,0.0003093598362490275,1.6918967052537847e-05,0,peripheral,0.8,"Признаков роли не выявлено: вход 2 (64 тыс ₸), выход 1 (20 тыс ₸)",8,0.08000000000000002,0.5346975088967971,0.9612989323843416,0.6703736654804271,0.5283
100000005505655100,1,False,2,33070.0,2,1,20000.0,1,0.6047777441790142,False,False,1,7,0.3952222558209858,1,2,0.00032150802112552193,0.0001495992876224399,0,peripheral,0.8,"Признаков роли не выявлено: вход 2 (33 тыс ₸), выход 1 (20 тыс ₸)",25,0.08000000000000002,0.45062277580071175,0.5433718861209964,0.7583407473309609,0.4217
100000004707703100,1,False,2,239300.0,3,5,231650.0,6,0.9680317592979524,False,False,1,7,0.5014625992478061,1,6,0.0006355624384346348,5.347284060552093e-05,0,transit,0.852,"Признаки транзита: пропускает 97% полученного (239 тыс ₸), 50% уходит дальше за ≤2 дня",2,0.5112,0.8527580071174378,0.5433718861209964,0.915702846975089,0.7682
100000004005964100,1,False,3,97900.0,9,3,72000.0,5,0.7354443309499489,False,False,1,1,0.40858018386108275,1,9,0.0004045246914881722,0.0,2,peripheral,0.7,"Признаков роли не выявлено: вход 3 (98 тыс ₸), выход 3 (72 тыс ₸)",24,0.06999999999999999,0.6806049822064056,0.14768683274021352,0.5470418149466192,0.3392
100000008244300100,1,False,5,65430.0,6,0,0.0,0,0.0,False,False,1,8,0.0,1,6,0.000479365914728666,0.0,0,consolidator,0.55,"Признаки консолидации: получает от 5 разных плательщиков (из них seed: 1), 65 тыс ₸, отдаёт дальше 0% полученного",4,0.4675,0.48976868327402134,0.8387455516014235,0.5735097864768683,0.6269
100000002692044100,1,False,1,97000.0,1,0,0.0,0,0.0,False,False,1,1,0.0,1,1,0.000301666934435273,0.0,0,peripheral,0.9,"Признаков роли не выявлено: вход 1 (97 тыс ₸), выход 0 (0 ₸)",12,0.09000000000000001,0.5709519572953736,0.14768683274021352,0.39401690391459077,0.2767
100000001103905100,1,False,1,18000.0,1,0,0.0,0,0.0,False,False,1,1,0.0,1,1,0.00028934728337463573,0.0,1,peripheral,0.9,"Признаков роли не выявлено: вход 1 (18 тыс ₸), выход 0 (0 ₸)",5,0.09000000000000001,0.1834964412811388,0.14768683274021352,0.2647909252669039,0.1265
100000008755361100,1,False,1,14627.0,1,0,0.0,0,0.0,False,False,1,1,0.0,1,1,0.0002886393301842066,0.0,1,peripheral,0.9,"Признаков роли не выявлено: вход 1 (15 тыс ₸), выход 0 (0 ₸)",5,0.09000000000000001,0.13033807829181496,0.14768683274021352,0.24699733096085408,0.1058
100000002810870100,1,False,1,33677.0,1,0,0.0,0,0.0,False,False,1,1,0.0,1,1,0.00029263770204239665,0.0,1,peripheral,0.9,"Признаков роли не выявлено: вход 1 (34 тыс ₸), выход 0 (0 ₸)",5,0.09000000000000001,0.3349644128113879,0.14768683274021352,0.3163923487544484,0.1855
100000005897462100,1,False,1,98400.0,1,0,0.0,0,0.0,False,False,1,8,0.0,1,1,0.00030049363949730384,0.0,0,peripheral,0.9,"Признаков роли не выявлено: вход 1 (98 тыс ₸), выход 0 (0 ₸)",13,0.09000000000000001,0.5733985765124555,0.8387455516014235,0.3855649466192171,0.4447
100000000941942100,1,False,1,130000.0,1,0,0.0,0,0.0,False,False,1,10,0.0,1,1,0.00031160003060637,0.0,0,peripheral,0.9,"Признаков роли не выявлено: вход 1 (130 тыс ₸), выход 0 (0 ₸)",8,0.09000000000000001,0.6256672597864769,0.9612989323843416,0.4344973309608541,0.5027
100000008723830100,1,False,2,459785.0,2,1,455000.0,1,0.9895929619278576,False,False,1,7,0.987418032341203,1,3,0.0003402309877065733,1.1599334019775972e-05,0,transit,0.982,"Признаки транзита: пропускает 99% полученного (460 тыс ₸), 99% уходит дальше за ≤2 дня",2,0.5892,0.9208185053380783,0.5433718861209964,0.7312055160142348,0.7773
100000008776576100,1,False,1,14765.0,1,0,0.0,0,0.0,False,False,1,1,0.0,1,1,0.00028866829476774624,0.0,1,peripheral,0.9,"Признаков роли не выявлено: вход 1 (15 тыс ₸), выход 0 (0 ₸)",5,0.09000000000000001,0.13167259786476868,0.14768683274021352,0.24855427046263345,0.1066
100000005432267100,1,False,2,350001.0,2,0,0.0,0,0.0,False,False,1,10,0.0,2,1,0.0003423334858506325,0.0,0,terminal,0.94,"Конечный получатель: 350 тыс ₸ от 2 плательщиков, исходящих нет (колено 1)",8,0.423,0.8020462633451957,0.9612989323843416,0.49721975088967973,0.7147
100000006745291100,1,False,1,82534.0,1,0,0.0,0,0.0,False,False,1,8,0.0,1,1,0.0002980872404910774,0.0,0,peripheral,0.9,"Признаков роли не выявлено: вход 1 (83 тыс ₸), выход 0 (0 ₸)",13,0.09000000000000001,0.5280249110320284,0.8387455516014235,0.3671040925266904,0.4262
100000008670667100,1,False,1,15534.0,1,0,0.0,0,0.0,False,False,1,1,0.0,1,1,0.0002888296988600795,0.0,1,peripheral,0.9,"Признаков роли не выявлено: вход 1 (16 тыс ₸), выход 0 (0 ₸)",5,0.09000000000000001,0.14879893238434164,0.14768683274021352,0.2528914590747331,0.1129
100000002480800100,1,False,2,569251.0,2,0,0.0,0,0.0,False,False,1,10,0.0,2,1,0.0006410781031176427,0.0,0,terminal,0.971,"Конечный получатель: 569 тыс ₸ от 2 плательщиков, исходящих нет (колено 1)",1,0.43695,0.87855871886121,0.9612989323843416,0.6404581850533808,0.7792
100000002182176100,1,False,1,42465.0,1,0,0.0,0,0.0,False,False,1,7,0.0,1,1,0.0002935379543676395,0.0,0,peripheral,0.9,"Признаков роли не выявлено: вход 1 (42 тыс ₸), выход 0 (0 ₸)",1,0.09000000000000001,0.3821174377224199,0.5433718861209964,0.3270685053380783,0.2994
100000008219168100,1,False,1,53200.0,2,0,0.0,0,0.0,False,False,1,1,0.0,1,2,0.0002886199013188332,0.0,0,peripheral,0.9,"Признаков роли не выявлено: вход 1 (53 тыс ₸), выход 0 (0 ₸)",15,0.09000000000000001,0.451067615658363,0.14768683274021352,0.24633007117437722,0.2038
100000004226848100,1,False,1,301866.0,1,0,0.0,0,0.0,False,False,1,10,0.0,1,1,0.0003460138655313352,0.0,0,terminal,0.931,"Конечный получатель: 302 тыс ₸ от 1 плательщиков, исходящих нет (колено 1)",8,0.41895000000000004,0.7824733096085409,0.9612989323843416,0.5016681494661922,0.7081
100000006326645100,1,False,1,25264.0,1,0,0.0,0,0.0,False,False,1,1,0.0,1,1,0.00029087191188791094,0.0,1,peripheral,0.9,"Признаков роли не выявлено: вход 1 (25 тыс ₸), выход 0 (0 ₸)",5,0.09000000000000001,0.26734875444839856,0.14768683274021352,0.29059163701067614,0.1584
100000003589877100,1,False,2,176000.0,2,6,416129.0,6,2.364369318181818,False,True,1,9,1.0,1,4,0.0003069751599714215,6.155387355298308e-05,0,peripheral,0.7,"Признаков роли не выявлено: вход 2 (176 тыс ₸), выход 6 (416 тыс ₸)",14,0.06999999999999999,0.8830071174377224,0.9094750889679716,0.6946174377224199,0.6239
100000003942602100,1,False,1,30000.0,1,1,30000.0,1,1.0,False,False,1,1,1.0,1,1,0.0002918659428128657,0.0,1,peripheral,0.9,"Признаков роли не выявлено: вход 1 (30 тыс ₸), выход 1 (30 тыс ₸)",5,0.09000000000000001,0.474644128113879,0.14768683274021352,0.3053825622775801,0.2255
100000000922570100,1,False,1,47101.0,1,1,50000.0,1,1.0615485870788306,False,False,1,1,0.0,1,2,0.00029338594320602463,0.0,0,peripheral,0.9,"Признаков роли не выявлено: вход 1 (47 тыс ₸), выход 1 (50 тыс ₸)",12,0.09000000000000001,0.5716192170818505,0.14768683274021352,0.3257339857651246,0.2602
100000005079754100,1,False,1,70000.0,1,2,122000.0,2,1.7428571428571429,False,True,1,10,0.0,1,3,0.0002995858445806412,6.767586821015139e-05,0,peripheral,0.9,"Признаков роли не выявлено: вход 1 (70 тыс ₸), выход 2 (122 тыс ₸)",8,0.09000000000000001,0.7004003558718861,0.9612989323843416,0.6589190391459074,0.5805
100000003187359100,1,False,1,19072.0,1,0,0.0,0,0.0,False,False,1,1,0.0,1,1,0.0002895722836177843,0.0,1,peripheral,0.9,"Признаков роли не выявлено: вход 1 (19 тыс ₸), выход 0 (0 ₸)",5,0.09000000000000001,0.19172597864768684,0.14768683274021352,0.2685720640569395,0.1299
100000000998559100,1,False,1,100000.0,1,0,0.0,0,0.0,False,False,1,10,0.0,1,1,0.0003055929375935056,0.0,0,peripheral,0.9,"Признаков роли не выявлено: вход 1 (100 тыс ₸), выход 0 (0 ₸)",8,0.09000000000000001,0.5798487544483986,0.9612989323843416,0.41147686832740216,0.483
100000008690932100,1,False,1,23000.0,1,0,0.0,0,0.0,False,False,1,1,0.0,1,1,0.00029039672480723154,0.0,1,peripheral,0.9,"Признаков роли не выявлено: вход 1 (23 тыс ₸), выход 0 (0 ₸)",5,0.09000000000000001,0.23465302491103202,0.14768683274021352,0.283029359430605,0.1466
100000008773876100,1,False,1,26120.0,1,0,0.0,0,0.0,False,False,1,1,0.0,1,1,0.00029105157626117134,0.0,1,peripheral,0.9,"Признаков роли не выявлено: вход 1 (26 тыс ₸), выход 0 (0 ₸)",5,0.09000000000000001,0.27268683274021355,0.14768683274021352,0.29326067615658363,0.1607
100000006789108100,1,False,1,37500.0,1,0,0.0,0,0.0,False,False,1,8,0.0,1,1,0.0002912569258026617,0.0,0,peripheral,0.9,"Признаков роли не выявлено: вход 1 (38 тыс ₸), выход 0 (0 ₸)",13,0.09000000000000001,0.35765124555160144,0.8387455516014235,0.29837633451957296,0.3572
100000004058740100,1,False,1,30000.0,1,0,0.0,0,0.0,False,False,1,1,0.0,1,1,0.0002918659428128657,0.0,1,peripheral,0.9,"Признаков роли не выявлено: вход 1 (30 тыс ₸), выход 0 (0 ₸)",5,0.09000000000000001,0.3082740213523132,0.14768683274021352,0.3053825622775801,0.1746
100000007641801100,1,False,1,200000.0,1,0,0.0,0,0.0,False,False,1,1,0.0,1,1,0.0002970377419674501,0.0,0,terminal,0.896,"Конечный получатель: 200 тыс ₸ от 1 плательщиков, исходящих нет (колено 1)",15,0.4032,0.7106316725978647,0.14768683274021352,0.36076512455516013,0.4456
100000000555721100,1,False,2,113000.0,3,0,0.0,0,0.0,False,False,1,7,0.0,2,2,0.00030809196179581376,0.0,0,terminal,0.844,"Конечный получатель: 113 тыс ₸ от 2 плательщиков, исходящих нет (колено 1)",1,0.37979999999999997,0.6058718861209964,0.5433718861209964,0.4220418149466192,0.5154
100000008729801100,1,False,1,17534.0,1,0,0.0,0,0.0,False,False,1,1,0.0,1,1,0.00028924947543311784,0.0,1,peripheral,0.9,"Признаков роли не выявлено: вход 1 (18 тыс ₸), выход 0 (0 ₸)",5,0.09000000000000001,0.17593416370106763,0.14768683274021352,0.2615658362989324,0.1233
100000004664905100,1,False,2,329020.0,4,0,0.0,0,0.0,False,False,1,7,0.0,1,4,0.00041184396684263276,0.0,0,terminal,0.935,"Конечный получатель: 329 тыс ₸ от 2 плательщиков, исходящих нет (колено 1)",2,0.42075,0.791814946619217,0.5433718861209964,0.5503781138790036,0.6213
100000003057225100,1,False,1,236000.0,1,0,0.0,0,0.0,False,False,1,7,0.0,1,1,0.000310943554849581,0.0,0,terminal,0.91,"Конечный получатель: 236 тыс ₸ от 1 плательщиков, исходящих нет (колено 1)",2,0.40950000000000003,0.7388790035587188,0.5433718861209964,0.431605871886121,0.5712
100000000703902100,1,False,1,25499.0,1,0,0.0,0,0.0,False,False,1,1,0.0,1,1,0.00029092123563524295,0.0,1,peripheral,0.9,"Признаков роли не выявлено: вход 1 (25 тыс ₸), выход 0 (0 ₸)",5,0.09000000000000001,0.26912811387900354,0.14768683274021352,0.2919261565836299,0.1593
100000008720798100,1,False,1,15534.0,1,0,0.0,0,0.0,False,False,1,1,0.0,1,1,0.0002888296988600795,0.0,1,peripheral,0.9,"Признаков роли не выявлено: вход 1 (16 тыс ₸), выход 0 (0 ₸)",5,0.09000000000000001,0.14879893238434164,0.14768683274021352,0.2528914590747331,0.1129
100000001411870100,1,False,2,900000.0,4,0,0.0,0,0.0,False,False,1,2,0.0,1,2,0.0004780448174649528,0.0,0,terminal,0.985,"Конечный получатель: 900 тыс ₸ от 2 плательщиков, исходящих нет (колено 1)",9,0.44325,0.9188167259786477,0.28113879003558717,0.5728425266903915,0.6111
100000008556318100,1,False,2,180132.0,2,0,0.0,0,0.0,False,False,1,10,0.0,1,2,0.0005605041030696609,0.0,0,terminal,0.884,"Конечный получатель: 180 тыс ₸ от 2 плательщиков, исходящих нет (колено 1)",8,0.3978,0.6895017793594306,0.9612989323843416,0.6233318505338078,0.7004
100000002720627100,1,False,1,199300.0,1,0,0.0,0,0.0,False,False,1,8,0.0,1,1,0.0003157971602163415,0.0,0,peripheral,0.9,"Признаков роли не выявлено: вход 1 (199 тыс ₸), выход 0 (0 ₸)",13,0.09000000000000001,0.7064056939501779,0.8387455516014235,0.4507339857651246,0.5013
100000003022835100,1,False,1,125000.0,1,0,0.0,0,0.0,False,False,1,10,0.0,1,1,0.0003105988484375593,0.0,0,peripheral,0.9,"Признаков роли не выявлено: вход 1 (125 тыс ₸), выход 0 (0 ₸)",8,0.09000000000000001,0.6207740213523132,0.9612989323843416,0.4308274021352313,0.5003
100000008304115100,1,False,1,51000.0,1,0,0.0,0,0.0,False,False,1,1,0.0,1,1,0.00029403300196076604,0.0,0,peripheral,0.9,"Признаков роли не выявлено: вход 1 (51 тыс ₸), выход 0 (0 ₸)",12,0.09000000000000001,0.4388345195729537,0.14768683274021352,0.33307384341637014,0.2213
100000003886323100,1,False,2,78168.0,6,1,7650.0,1,0.09786613447958244,False,False,1,7,0.0,1,6,0.0018048414724057063,1.0707077556716282e-05,0,terminal,0.802,"Конечный получатель: 78 тыс ₸ от 2 плательщиков, дальше уходит 10% (колено 1)",2,0.36090000000000005,0.5404804270462633,0.5433718861209964,0.90980871886121,0.6067
100000000607731100,1,False,1,20000.0,1,1,66666.0,1,3.3333,False,True,1,1,0.0,1,2,0.0003175358448925586,8.904719501335708e-07,3,peripheral,0.9,"Признаков роли не выявлено: вход 1 (20 тыс ₸), выход 1 (67 тыс ₸)",27,0.09000000000000001,0.5427046263345195,0.14768683274021352,0.6481316725978647,0.3303
100000005961971100,1,False,1,47353.0,1,0,0.0,0,0.0,False,False,1,1,0.0,1,1,0.00029550813424883264,0.0,1,peripheral,0.9,"Признаков роли не выявлено: вход 1 (47 тыс ₸), выход 0 (0 ₸)",5,0.09000000000000001,0.4110320284697509,0.14768683274021352,0.34730871886120995,0.2163
100000000440392100,1,False,1,105705.0,4,0,0.0,0,0.0,False,False,1,7,0.0,1,4,0.0002969344900653258,0.0,0,peripheral,0.9,"Признаков роли не выявлено: вход 1 (106 тыс ₸), выход 0 (0 ₸)",2,0.09000000000000001,0.5929715302491103,0.5433718861209964,0.3593193950177936,0.3719
100000004105288100,1,False,2,215000.0,2,0,0.0,0,0.0,False,False,1,11,0.0,1,2,0.0004630401380988289,0.0,0,terminal,0.902,"Конечный получатель: 215 тыс ₸ от 2 плательщиков, исходящих нет (колено 1)",13,0.40590000000000004,0.7210854092526691,0.9922153024911032,0.5670596085409253,0.7073
100000008169544100,1,False,1,137104.0,2,4,42800.0,7,0.31217178200490137,False,False,1,7,0.0,1,7,0.0003003104494280091,4.705936336274329e-05,0,peripheral,0.8,"Признаков роли не выявлено: вход 1 (137 тыс ₸), выход 4 (43 тыс ₸)",2,0.08000000000000002,0.6877224199288257,0.5433718861209964,0.6576957295373665,0.4697
100000004186824100,1,False,2,451700.0,7,1,7000.0,1,0.015497011290679655,False,False,1,7,0.0,1,7,0.0003819271547747407,0.0,0,terminal,0.957,"Конечный получатель: 452 тыс ₸ от 2 плательщиков, дальше уходит 2% (колено 1)",2,0.43065,0.847864768683274,0.5433718861209964,0.5314724199288257,0.6381
100000008672200100,1,False,1,8511.0,1,0,0.0,0,0.0,False,False,1,1,0.0,1,1,0.00028735565342385543,0.0,1,peripheral,0.9,"Признаков роли не выявлено: вход 1 (9 тыс ₸), выход 0 (0 ₸)",5,0.09000000000000001,0.05738434163701068,0.14768683274021352,0.22186387900355872,0.0773
100000002188829100,1,False,1,400000.0,1,0,0.0,0,0.0,False,False,1,10,0.0,1,1,0.00036566386772214973,0.0,0,terminal,0.949,"Конечный получатель: 400 тыс ₸ от 1 плательщиков, исходящих нет (колено 1)",8,0.42705,0.8256227758007118,0.9612989323843416,0.5207962633451957,0.7295
100000008717341100,1,False,1,14627.0,1,0,0.0,0,0.0,False,False,1,1,0.0,1,1,0.0002886393301842066,0.0,1,peripheral,0.9,"Признаков роли не выявлено: вход 1 (15 тыс ₸), выход 0 (0 ₸)",5,0.09000000000000001,0.13033807829181496,0.14768683274021352,0.24699733096085408,0.1058
100000002214301100,1,False,1,21438.0,1,1,8000.0,1,0.373169138912212,False,False,1,7,0.0,1,2,0.00028959218686542876,5.342831700801425e-05,0,peripheral,0.9,"Признаков роли не выявлено: вход 1 (21 тыс ₸), выход 1 (8 тыс ₸)",1,0.09000000000000001,0.2998220640569395,0.5433718861209964,0.5439279359430604,0.3273
100000002565277100,1,False,1,483319.0,1,0,0.0,0,0.0,False,False,1,10,0.0,1,1,0.0003823473671467781,0.0,0,terminal,0.96,"Конечный получатель: 483 тыс ₸ от 1 плательщиков, исходящих нет (колено 1)",8,0.432,0.8554270462633452,0.9612989323843416,0.5316948398576512,0.7434
100000005546031100,1,False,3,66800.0,6,1,8000.0,1,0.11976047904191617,False,False,1,1,0.3188622754491018,2,4,0.0007125289535173747,0.0,6,terminal,0.786,"Конечный получатель: 67 тыс ₸ от 3 плательщиков, дальше уходит 12% (колено 1)",37,0.3537,0.5106761565836299,0.14768683274021352,0.6489101423487544,0.4337
100000003449074100,1,False,1,10000.0,1,0,0.0,0,0.0,False,False,1,7,0.0,1,1,0.0002874458184490932,0.0,0,peripheral,0.9,"Признаков роли не выявлено: вход 1 (10 тыс ₸), выход 0 (0 ₸)",1,0.09000000000000001,0.07873665480427046,0.5433718861209964,0.2227535587188612,0.181
100000008748914100,1,False,2,180000.0,9,13,4471847.0,21,24.843594444444445,False,True,1,1,1.0,1,9,0.0007908267344260672,0.0014390026714158504,0,distributor,0.554,"Веерное распределение: 13 получателей, 4,5 млн ₸, отдаёт в 24.8× больше видимого входа — есть внешние источники",8,0.44320000000000004,0.9924377224199288,0.14768683274021352,0.9604092526690391,0.6959
100000004744306100,1,False,1,69000.0,1,2,92000.0,3,1.3333333333333333,False,True,1,8,0.0,1,4,0.0004607769966825421,2.1414155113432564e-05,0,peripheral,0.9,"Признаков роли не выявлено: вход 1 (69 тыс ₸), выход 2 (92 тыс ₸)",16,0.09000000000000001,0.6685943060498221,0.8387455516014235,0.8199510676156583,0.5802
100000003158727100,1,False,3,367940.0,3,0,0.0,0,0.0,False,False,1,9,0.0,2,2,0.00031412912735274626,0.0,0,terminal,0.943,"Конечный получатель: 368 тыс ₸ от 3 плательщиков, исходящих нет (колено 1)",15,0.42435,0.8096085409252669,0.9094750889679716,0.44517348754448394,0.6922
100000001389255100,1,False,1,16136.0,1,0,0.0,0,0.0,False,False,1,1,0.0,1,1,0.00028895605160856404,0.0,1,peripheral,0.9,"Признаков роли не выявлено: вход 1 (16 тыс ₸), выход 0 (0 ₸)",5,0.09000000000000001,0.1601423487544484,0.14768683274021352,0.25678380782918153,0.1173
100000008695495100,1,False,1,21000.0,1,0,0.0,0,0.0,False,False,1,1,0.0,1,1,0.00028997694823419326,0.0,1,peripheral,0.9,"Признаков роли не выявлено: вход 1 (21 тыс ₸), выход 0 (0 ₸)",5,0.09000000000000001,0.22197508896797152,0.14768683274021352,0.2764679715302491,0.1411
100000004015047100,1,False,9,919104.0,18,1,69195.0,7,0.07528527783580531,False,False,3,11,0.04896072696887403,2,14,0.0022785971106508724,5.3428317008014254e-06,0,consolidator,0.837,"Признаки консолидации: получает от 9 разных плательщиков (из них seed: 3), 919 тыс ₸, отдаёт дальше 8% полученного",9,0.7114499999999999,0.9248220640569395,0.9922153024911032,0.8906806049822065,0.9799
100000005183943100,1,False,1,680900.0,9,0,0.0,0,0.0,False,False,1,1,0.0,1,9,0.0006108393603081353,0.0,4,terminal,0.976,"Конечный получатель: 681 тыс ₸ от 1 плательщиков, исходящих нет (колено 1)",35,0.4392,0.8954626334519573,0.14768683274021352,0.6353425266903915,0.5848
100000003004487100,1,False,4,183702.8,9,2,265015.0,3,1.4426290726107605,False,True,1,7,0.05045105463825266,2,9,0.0003508724817163427,0.00010774710596616207,0,peripheral,0.6,"Признаков роли не выявлено: вход 4 (184 тыс ₸), выход 2 (265 тыс ₸)",28,0.06,0.8416370106761566,0.5433718861209964,0.7931494661921709,0.5414
100000003042994100,1,False,1,286086.0,3,0,0.0,0,0.0,False,False,1,7,0.0,1,3,0.0003163287040785169,0.0,0,terminal,0.926,"Конечный получатель: 286 тыс ₸ от 1 плательщиков, исходящих нет (колено 1)",2,0.4167,0.770017793594306,0.5433718861209964,0.4520685053380783,0.5888
100000001899164100,1,False,4,291675.0,5,3,76500.0,3,0.2622782206222679,False,False,1,8,0.0,2,6,0.0011765620095510495,6.589492430988424e-05,0,peripheral,0.6,"Признаков роли не выявлено: вход 4 (292 тыс ₸), выход 3 (76 тыс ₸)",12,0.06,0.8100533807829181,0.8387455516014235,0.9526245551601423,0.6431
100000003946524100,1,False,2,133757.0,2,2,144750.0,2,1.0821863528637754,False,False,1,10,0.0,1,4,0.0003260605758889203,8.744113337984964e-05,0,transit,0.677,Признаки транзита: пропускает 108% полученного (134 тыс ₸),8,0.4062,0.7642348754448398,0.9612989323843416,0.7593416370106761,0.7602
100000008717340100,1,False,1,41500.0,1,0,0.0,0,0.0,False,False,1,1,0.0,1,1,0.000294279658107836,0.0,1,peripheral,0.9,"Признаков роли не выявлено: вход 1 (42 тыс ₸), выход 0 (0 ₸)",5,0.09000000000000001,0.37833629893238435,0.14768683274021352,0.3352980427046264,0.2034
100000003831324100,1,False,2,300000.0,2,0,0.0,0,0.0,False,False,1,9,0.0,1,2,0.00031519260326985687,0.0,0,terminal,0.93,"Конечный получатель: 300 тыс ₸ от 2 плательщиков, исходящих нет (колено 1)",15,0.41850000000000004,0.7784697508896797,0.9094750889679716,0.4496218861209964,0.6812
100000008129393100,1,False,1,10000.0,1,0,0.0,0,0.0,False,False,1,1,0.0,1,1,0.00031169818202604903,0.0,8,peripheral,0.9,"Признаков роли не выявлено: вход 1 (10 тыс ₸), выход 0 (0 ₸)",41,0.09000000000000001,0.07873665480427046,0.14768683274021352,0.43494217081850534,0.1361
100000004388209100,1,False,1,11800.0,1,0,0.0,0,0.0,False,False,1,1,0.0,1,1,0.000288045975998217,0.0,1,peripheral,0.9,"Признаков роли не выявлено: вход 1 (12 тыс ₸), выход 0 (0 ₸)",5,0.09000000000000001,0.10231316725978648,0.14768683274021352,0.2325400355871886,0.0937
100000000706545100,1,False,3,1070300.0,8,1,75800.0,3,0.07082126506586939,False,False,1,7,0.0,1,9,0.0032266260404967403,1.1576135351736421e-05,0,terminal,0.988,"Конечный получатель: 1,1 млн ₸ от 3 плательщиков, дальше уходит 7% (колено 1)",2,0.4446,0.9368327402135231,0.5433718861209964,0.9252669039145907,0.7677
100000004497606100,1,False,1,15534.0,1,0,0.0,0,0.0,False,False,1,1,0.0,1,1,0.0002888296988600795,0.0,1,peripheral,0.9,"Признаков роли не выявлено: вход 1 (16 тыс ₸), выход 0 (0 ₸)",5,0.09000000000000001,0.14879893238434164,0.14768683274021352,0.2528914590747331,0.1129
100000008470470100,1,False,1,33547.0,1,0,0.0,0,0.0,False,False,1,1,0.0,1,1,0.00029261041656514913,0.0,1,peripheral,0.9,"Признаков роли не выявлено: вход 1 (34 тыс ₸), выход 0 (0 ₸)",5,0.09000000000000001,0.33407473309608543,0.14768683274021352,0.3159475088967971,0.1851
100000004318918100,1,False,1,75600.0,1,0,0.0,0,0.0,False,False,1,8,0.0,1,1,0.0002970355594933984,0.0,0,peripheral,0.9,"Признаков роли не выявлено: вход 1 (76 тыс ₸), выход 0 (0 ₸)",13,0.09000000000000001,0.5137900355871886,0.8387455516014235,0.3604314946619217,0.4202
100000005228059100,1,False,1,26000.0,1,0,0.0,0,0.0,False,False,1,1,0.0,1,1,0.00029102638966678907,0.0,1,peripheral,0.9,"Признаков роли не выявлено: вход 1 (26 тыс ₸), выход 0 (0 ₸)",5,0.09000000000000001,0.2713523131672598,0.14768683274021352,0.29303825622775803,0.1603
100000001609499100,1,False,3,263113.0,3,2,21000.0,2,0.07981361620292422,False,False,1,7,0.0,1,5,0.00032091395654925293,0.00016827726793094323,0,terminal,0.919,"Конечный получатель: 263 тыс ₸ от 3 плательщиков, дальше уходит 8% (колено 1)",1,0.41355000000000003,0.7686832740213523,0.5433718861209964,0.7580071174377224,0.662
100000002824176100,1,False,1,144000.0,1,0,0.0,0,0.0,False,False,1,2,0.0,1,1,0.0003385981575005863,0.0,0,peripheral,0.9,"Признаков роли не выявлено: вход 1 (144 тыс ₸), выход 0 (0 ₸)",9,0.09000000000000001,0.6405693950177936,0.28113879003558717,0.4921040925266904,0.3547
100000001363952100,1,False,2,196655.0,2,1,91000.0,2,0.4627393150441128,False,False,1,7,0.0,1,3,0.00030709529312419024,1.0685663401602851e-05,0,peripheral,0.8,"Признаков роли не выявлено: вход 2 (197 тыс ₸), выход 1 (91 тыс ₸)",17,0.08000000000000002,0.771797153024911,0.5433718861209964,0.6326734875444839,0.4893
100000001049200100,1,False,2,76624.0,2,4,36000.0,5,0.46982668615577367,False,False,1,7,0.0,1,6,0.0002982913003271399,0.00041758161050922725,0,peripheral,0.8,"Признаков роли не выявлено: вход 2 (77 тыс ₸), выход 4 (36 тыс ₸)",2,0.08000000000000002,0.6040925266903915,0.5433718861209964,0.6663701067615658,0.4462
100000002662768100,1,False,1,84300.0,1,0,0.0,0,0.0,False,False,1,1,0.0,1,1,0.00030645559550582425,0.0,0,peripheral,0.9,"Признаков роли не выявлено: вход 1 (84 тыс ₸), выход 0 (0 ₸)",8,0.09000000000000001,0.5338078291814946,0.14768683274021352,0.41536921708185054,0.2706
100000004737477100,1,False,2,49598.0,3,1,40500.0,3,0.8165651840800032,False,False,1,7,0.6074236864389693,1,5,0.00029231930484893123,1.0685663401602851e-05,0,peripheral,0.8,"Признаков роли не выявлено: вход 2 (50 тыс ₸), выход 1 (40 тыс ₸)",10,0.08000000000000002,0.5533807829181495,0.5433718861209964,0.5272464412811388,0.3966
100000008680451100,1,False,1,23534.0,1,0,0.0,0,0.0,False,False,1,1,0.0,1,1,0.0002905088051522328,0.0,1,peripheral,0.9,"Признаков роли не выявлено: вход 1 (24 тыс ₸), выход 0 (0 ₸)",5,0.09000000000000001,0.23999110320284697,0.14768683274021352,0.28558718861209964,0.1488
100000001952325100,1,False,1,77888.0,2,0,0.0,0,0.0,False,False,1,1,0.0,1,2,0.0003019170730776952,0.0,1,peripheral,0.9,"Признаков роли не выявлено: вход 1 (78 тыс ₸), выход 0 (0 ₸)",5,0.09000000000000001,0.5177935943060499,0.14768683274021352,0.3953514234875445,0.2608
100000008751429100,1,False,3,386200.0,6,1,72600.0,2,0.1879854997410668,False,False,1,1,0.3935784567581564,2,5,0.0015043129924041138,0.0,7,terminal,0.946,"Конечный получатель: 386 тыс ₸ от 3 плательщиков, дальше уходит 19% (колено 1)",34,0.42569999999999997,0.8483096085409253,0.14768683274021352,0.6791592526690392,0.5754
100000001960517100,1,False,1,200000.0,1,0,0.0,0,0.0,False,False,1,2,0.0,1,1,0.00035922049322186785,0.0,0,terminal,0.896,"Конечный получатель: 200 тыс ₸ от 1 плательщиков, исходящих нет (колено 1)",9,0.4032,0.7106316725978647,0.28113879003558717,0.5145685053380783,0.5159
100000008686234100,1,False,1,39778.0,1,0,0.0,0,0.0,False,False,1,7,0.0,1,1,0.0002930337323065542,0.0,0,peripheral,0.9,"Признаков роли не выявлено: вход 1 (40 тыс ₸), выход 0 (0 ₸)",1,0.09000000000000001,0.3669928825622776,0.5433718861209964,0.32061832740213525,0.2932
100000004213658100,1,False,1,25347.0,1,0,0.0,0,0.0,False,False,1,1,0.0,1,1,0.00029088933261569206,0.0,1,peripheral,0.9,"Признаков роли не выявлено: вход 1 (25 тыс ₸), выход 0 (0 ₸)",5,0.09000000000000001,0.2682384341637011,0.14768683274021352,0.291258896797153,0.1589
100000001194266100,1,False,1,50000.0,1,0,0.0,0,0.0,False,False,1,10,0.0,1,1,0.00029558111590539824,0.0,0,peripheral,0.9,"Признаков роли не выявлено: вход 1 (50 тыс ₸), выход 0 (0 ₸)",8,0.09000000000000001,0.42838078291814946,0.9612989323843416,0.34819839857651247,0.4211
100000002243354100,1,False,1,20879.0,1,0,0.0,0,0.0,False,False,1,1,0.0,1,1,0.0002899515517515244,0.0,1,peripheral,0.9,"Признаков роли не выявлено: вход 1 (21 тыс ₸), выход 0 (0 ₸)",5,0.09000000000000001,0.2197508896797153,0.14768683274021352,0.27591192170818507,0.1403
100000006069103100,1,False,3,228818.0,3,3,270000.0,4,1.1799770997036947,False,False,1,7,0.1272539747747118,1,5,0.0011516310982681742,3.212123267014885e-05,0,transit,0.555,"Признаки транзита: пропускает 118% полученного (229 тыс ₸), 13% уходит дальше за ≤2 дня",2,0.333,0.8620996441281139,0.5433718861209964,0.9358318505338079,0.6996
100000002760175100,1,False,1,187410.0,1,0,0.0,0,0.0,False,False,1,8,0.0,1,1,0.00031399380182834,0.0,0,peripheral,0.9,"Признаков роли не выявлено: вход 1 (187 тыс ₸), выход 0 (0 ₸)",13,0.09000000000000001,0.6943950177935944,0.8387455516014235,0.4440613879003559,0.496
100000003567087100,1,False,1,62115.0,1,0,0.0,0,0.0,False,False,1,1,0.0,1,1,0.0002986065051344285,0.0,1,peripheral,0.9,"Признаков роли не выявлено: вход 1 (62 тыс ₸), выход 0 (0 ₸)",5,0.09000000000000001,0.4817615658362989,0.14768683274021352,0.36977313167259784,0.2435
100000008229700100,1,False,1,23500.0,1,1,7200.0,1,0.30638297872340425,False,False,1,1,0.0,1,2,0.0002894692379814412,0.0,0,peripheral,0.9,"Признаков роли не выявлено: вход 1 (24 тыс ₸), выход 1 (7 тыс ₸)",12,0.09000000000000001,0.31761565836298933,0.14768683274021352,0.26690391459074736,0.168
100000004076740100,1,False,3,93250.0,5,6,125000.0,10,1.3404825737265416,False,True,1,7,0.4289544235924933,1,12,0.0007414546780411359,0.00025203324428613833,0,peripheral,0.7,"Признаков роли не выявлено: вход 3 (93 тыс ₸), выход 6 (125 тыс ₸)",22,0.06999999999999999,0.724644128113879,0.5433718861209964,0.947508896797153,0.5477
100000003284932100,1,False,1,69925.0,1,0,0.0,0,0.0,False,False,1,10,0.0,1,1,0.000299570826848109,0.0,0,peripheral,0.9,"Признаков роли не выявлено: вход 1 (70 тыс ₸), выход 0 (0 ₸)",8,0.09000000000000001,0.49777580071174377,0.9612989323843416,0.3782250889679715,0.4497
100000008071620100,1,False,1,46968.0,1,0,0.0,0,0.0,False,False,1,7,0.0,1,1,0.0002943829532292201,0.0,0,peripheral,0.9,"Признаков роли не выявлено: вход 1 (47 тыс ₸), выход 0 (0 ₸)",1,0.09000000000000001,0.40480427046263345,0.5433718861209964,0.33641014234875444,0.3087
100000003235780100,1,False,2,65000.0,2,0,0.0,0,0.0,False,False,1,7,0.0,1,2,0.00029120007891764556,0.0,0,terminal,0.783,"Конечный получатель: 65 тыс ₸ от 2 плательщиков, исходящих нет (колено 1)",10,0.35235,0.4875444839857651,0.5433718861209964,0.296596975088968,0.4367
100000005363908100,1,False,1,19500.0,1,1,19500.0,1,1.0,False,False,1,1,1.0,1,1,0.00033851712062440693,0.0,6,peripheral,0.9,"Признаков роли не выявлено: вход 1 (20 тыс ₸), выход 1 (20 тыс ₸)",37,0.09000000000000001,0.3638790035587189,0.14768683274021352,0.49188167259786475,0.2373
100000001851289100,1,False,1,109510.0,3,0,0.0,0,0.0,False,False,1,7,0.0,1,1,0.00029734359625899464,0.0,0,peripheral,0.9,"Признаков роли не выявлено: вход 1 (110 тыс ₸), выход 0 (0 ₸)",2,0.09000000000000001,0.597864768683274,0.5433718861209964,0.36265569395017794,0.3742
100000002870937100,1,False,1,83700.0,1,0,0.0,0,0.0,False,False,1,1,0.0,1,1,0.0002903688396007325,0.0,0,peripheral,0.9,"Признаков роли не выявлено: вход 1 (84 тыс ₸), выход 0 (0 ₸)",15,0.09000000000000001,0.5324733096085409,0.14768683274021352,0.2821396797153025,0.2375
100000002152857100,1,False,1,105000.0,1,5,1230000.0,6,11.714285714285714,False,True,1,1,1.0,1,5,0.0002997108402620942,0.0,0,peripheral,0.75,"Признаков роли не выявлено: вход 1 (105 тыс ₸), выход 5 (1,2 млн ₸)",9,0.07500000000000001,0.9443950177935944,0.14768683274021352,0.38022686832740216,0.3812
100000002600345100,1,False,2,52400.0,2,0,0.0,0,0.0,False,False,1,7,0.0,1,2,0.0002957205308431163,0.0,0,terminal,0.762,"Конечный получатель: 52 тыс ₸ от 2 плательщиков, исходящих нет (колено 1)",2,0.34290000000000004,0.4461743772241993,0.5433718861209964,0.349088078291815,0.4328
100000002580377100,1,False,1,37750.0,2,1,5000.0,1,0.13245033112582782,False,False,1,7,0.0,1,3,0.000289628100737922,1.0685663401602851e-05,0,peripheral,0.9,"Признаков роли не выявлено: вход 1 (38 тыс ₸), выход 1 (5 тыс ₸)",2,0.09000000000000001,0.3827846975088968,0.5433718861209964,0.484096975088968,0.3381
100000004094958100,1,False,1,39000.0,1,1,40000.0,1,1.0256410256410255,False,False,1,1,1.0,1,1,0.00039146494703152303,0.0,6,peripheral,0.9,"Признаков роли не выявлено: вход 1 (39 тыс ₸), выход 1 (40 тыс ₸)",37,0.09000000000000001,0.5191281138790036,0.14768683274021352,0.5388122775800712,0.2963
100000002609774100,1,False,1,7700.0,1,1,27500.0,1,3.5714285714285716,False,True,1,7,0.0,1,2,0.00028639718322944613,0.00013824577025823686,0,peripheral,0.9,"Признаков роли не выявлено: вход 1 (8 тыс ₸), выход 1 (28 тыс ₸)",9,0.09000000000000001,0.3469750889679715,0.5433718861209964,0.49688612099644125,0.3303
100000002596035100,1,False,1,231570.0,1,0,0.0,0,0.0,False,False,1,8,0.0,1,1,0.0003206915567832726,0.0,0,terminal,0.908,"Конечный получатель: 232 тыс ₸ от 1 плательщиков, исходящих нет (колено 1)",13,0.4086,0.7344306049822064,0.8387455516014235,0.46474644128113884,0.6499
100000004664515100,1,False,1,37691.0,1,0,0.0,0,0.0,False,False,1,7,0.0,1,1,0.0002926421016993771,0.0,0,peripheral,0.9,"Признаков роли не выявлено: вход 1 (38 тыс ₸), выход 0 (0 ₸)",1,0.09000000000000001,0.35898576512455516,0.5433718861209964,0.31661476868327404,0.2898
100000000661912100,1,False,5,393036.0,9,2,430700.0,8,1.0958283719557496,False,False,1,7,0.720127418353535,2,10,0.0017491597591117625,0.0008236976010819569,0,consolidator,0.55,"Признаки консолидации: получает от 5 разных плательщиков (из них seed: 1), 393 тыс ₸, отдаёт дальше 110% полученного",1,0.4675,0.9114768683274022,0.5433718861209964,0.9842081850533808,0.7842
100000004144536100,1,False,4,168000.0,6,0,0.0,0,0.0,False,False,1,1,0.0,2,5,0.0009685966718954048,0.0,2,terminal,0.878,"Конечный получатель: 168 тыс ₸ от 4 плательщиков, исходящих нет (колено 1)",24,0.3951,0.6777135231316725,0.14768683274021352,0.6664813167259787,0.5069
100000006177176100,1,False,1,8911.0,1,0,0.0,0,0.0,False,False,1,7,0.0,1,1,0.0002865273875922669,0.0,0,peripheral,0.9,"Признаков роли не выявлено: вход 1 (9 тыс ₸), выход 0 (0 ₸)",2,0.09000000000000001,0.05827402135231317,0.5433718861209964,0.21007562277580072,0.1716
100000002158488100,1,False,1,31723.0,1,0,0.0,0,0.0,False,False,1,1,0.0,1,1,0.00029222758033053823,0.0,1,peripheral,0.9,"Признаков роли не выявлено: вход 1 (32 тыс ₸), выход 0 (0 ₸)",5,0.09000000000000001,0.32562277580071175,0.14768683274021352,0.3114991103202847,0.1814
100000000041368100,1,False,1,160000.0,1,0,0.0,0,0.0,False,False,1,10,0.0,1,1,0.0003176071236192344,0.0,0,peripheral,0.9,"Признаков роли не выявлено: вход 1 (160 тыс ₸), выход 0 (0 ₸)",8,0.09000000000000001,0.6672597864768683,0.9612989323843416,0.45562722419928825,0.5206
100000008722328100,1,False,1,23677.0,1,0,0.0,0,0.0,False,False,1,1,0.0,1,1,0.00029053881917720503,0.0,1,peripheral,0.9,"Признаков роли не выявлено: вход 1 (24 тыс ₸), выход 0 (0 ₸)",5,0.09000000000000001,0.24332740213523132,0.14768683274021352,0.28669928825622776,0.1501
100000008735384100,1,False,1,39220.0,1,0,0.0,0,0.0,False,False,1,1,0.0,1,1,0.00029380111281457236,0.0,1,peripheral,0.9,"Признаков роли не выявлено: вход 1 (39 тыс ₸), выход 0 (0 ₸)",5,0.09000000000000001,0.36476868327402134,0.14768683274021352,0.3312944839857651,0.1982
100000004480280100,1,False,1,146694.0,1,2,295850.0,7,2.0167832358515003,False,True,1,10,0.0,1,7,0.0003149427776315953,2.7938557435440786e-05,0,peripheral,0.9,"Признаков роли не выявлено: вход 1 (147 тыс ₸), выход 2 (296 тыс ₸)",17,0.09000000000000001,0.8385231316725978,0.9612989323843416,0.709297153024911,0.6351
100000004286573100,1,False,1,16590.0,1,0,0.0,0,0.0,False,False,1,1,0.0,1,1,0.0002883224885597272,0.0,0,peripheral,0.9,"Признаков роли не выявлено: вход 1 (17 тыс ₸), выход 0 (0 ₸)",12,0.09000000000000001,0.1650355871886121,0.14768683274021352,0.24054715302491103,0.1149
100000001746925100,1,False,1,65250.0,1,1,5000.0,1,0.07662835249042145,False,False,1,10,0.0,1,2,0.000298634721520271,8.459483526268922e-05,0,peripheral,0.9,"Признаков роли не выявлено: вход 1 (65 тыс ₸), выход 1 (5 тыс ₸)",8,0.09000000000000001,0.5040035587188612,0.9612989323843416,0.6540258007117438,0.5192
100000001660397100,1,False,2,48600.0,2,3,49000.0,4,1.008230452674897,False,False,1,7,1.0,1,4,0.0002951523346277189,0.00037553752984383483,0,peripheral,0.8,"Признаков роли не выявлено: вход 2 (49 тыс ₸), выход 3 (49 тыс ₸)",1,0.08000000000000002,0.5720640569395018,0.5433718861209964,0.642126334519573,0.4304
100000002591469100,1,False,1,235670.0,1,0,0.0,0,0.0,False,False,1,1,0.0,1,1,0.000299083139623691,0.0,0,terminal,0.91,"Конечный получатель: 236 тыс ₸ от 1 плательщиков, исходящих нет (колено 1)",15,0.40950000000000003,0.7384341637010676,0.14768683274021352,0.37310943060498225,0.4598
100000002731501100,1,False,3,570370.0,7,7,833960.0,20,1.4621386117783193,False,True,1,1,0.3863632378982064,3,17,0.0004855839777590129,2.6714158504007127e-06,2,peripheral,0.65,"Признаков роли не выявлено: вход 3 (570 тыс ₸), выход 7 (834 тыс ₸)",24,0.065,0.9488434163701067,0.14768683274021352,0.7761343416370107,0.4753
100000000089154100,1,False,1,10000.0,1,15,425500.0,21,42.55,False,True,1,7,1.0,1,10,0.0002874458184490932,6.313489354012414e-05,0,distributor,0.583,"Веерное распределение: 15 получателей, 426 тыс ₸, отдаёт в 42.5× больше видимого входа — есть внешние источники",1,0.4664,0.8362989323843416,0.5433718861209964,0.5011120996441281,0.6424
100000008732098100,1,False,1,15677.0,1,0,0.0,0,0.0,False,False,1,1,0.0,1,1,0.00028885971288505175,0.0,1,peripheral,0.9,"Признаков роли не выявлено: вход 1 (16 тыс ₸), выход 0 (0 ₸)",5,0.09000000000000001,0.1523576512455516,0.14768683274021352,0.25489323843416367,0.1145
100000005456919100,1,False,2,479950.0,10,1,5000.0,1,0.010417751849150954,False,False,1,1,0.0,2,7,0.0013700274780428618,0.0,7,terminal,0.96,"Конечный получатель: 480 тыс ₸ от 2 плательщиков, дальше уходит 1% (колено 1)",34,0.432,0.8558718861209964,0.14768683274021352,0.676935053380783,0.5798
100000000507799100,1,False,1,5132.0,1,1,8000.0,1,1.558846453624318,False,True,1,7,0.0,1,2,0.0002861210768679897,6.42424653402977e-05,0,peripheral,0.9,"Признаков роли не выявлено: вход 1 (5 тыс ₸), выход 1 (8 тыс ₸)",2,0.09000000000000001,0.11788256227758007,0.5433718861209964,0.4825400355871886,0.2566
100000008716439100,1,False,1,12267.0,1,0,0.0,0,0.0,False,False,1,1,0.0,1,1,0.00028814399382802143,0.0,1,peripheral,0.9,"Признаков роли не выявлено: вход 1 (12 тыс ₸), выход 0 (0 ₸)",5,0.09000000000000001,0.10765124555160142,0.14768683274021352,0.23498665480427047,0.0959
100000002981527100,1,False,1,168000.0,1,0,0.0,0,0.0,False,False,1,1,0.0,1,1,0.0003036113749173627,0.0,0,peripheral,0.9,"Признаков роли не выявлено: вход 1 (168 тыс ₸), выход 0 (0 ₸)",16,0.09000000000000001,0.6777135231316725,0.14768683274021352,0.4049154804270463,0.3121
100000002844652100,1,False,1,61360.0,1,0,0.0,0,0.0,False,False,1,1,0.0,1,1,0.0002890878139870397,0.0,0,peripheral,0.9,"Признаков роли не выявлено: вход 1 (61 тыс ₸), выход 0 (0 ₸)",15,0.09000000000000001,0.4795373665480427,0.14768683274021352,0.2578959074733096,0.2154
100000002605548100,1,False,2,116695.0,2,0,0.0,0,0.0,False,False,1,10,0.0,1,2,0.00031432137112675444,0.0,0,terminal,0.845,"Конечный получатель: 117 тыс ₸ от 2 плательщиков, исходящих нет (колено 1)",13,0.38025,0.6103202846975089,0.9612989323843416,0.44606316725978645,0.6252
100000002750956100,1,False,1,47416.0,1,0,0.0,0,0.0,False,False,1,7,0.0,1,1,0.00029446702151480483,0.0,0,peripheral,0.9,"Признаков роли не выявлено: вход 1 (47 тыс ₸), выход 0 (0 ₸)",1,0.09000000000000001,0.41192170818505336,0.5433718861209964,0.33729982206405695,0.3111
100000002982252100,1,False,1,20320.0,1,0,0.0,0,0.0,False,False,1,1,0.0,1,1,0.0002898342241993602,0.0,1,peripheral,0.9,"Признаков роли не выявлено: вход 1 (20 тыс ₸), выход 0 (0 ₸)",5,0.09000000000000001,0.2179715302491103,0.14768683274021352,0.27479982206405695,0.1395
100000000961900100,1,False,2,36000.0,3,0,0.0,0,0.0,False,False,1,7,0.0,1,3,0.0002943204405632645,0.0,0,terminal,0.711,"Конечный получатель: 36 тыс ₸ от 2 плательщиков, исходящих нет (колено 1)",1,0.31995,0.3503113879003559,0.5433718861209964,0.33618772241992884,0.3905
100000007175718100,1,False,1,20000.0,1,0,0.0,0,0.0,False,False,1,1,0.0,1,1,0.00030318655842831487,0.0,5,peripheral,0.9,"Признаков роли не выявлено: вход 1 (20 тыс ₸), выход 0 (0 ₸)",36,0.09000000000000001,0.20462633451957296,0.14768683274021352,0.402135231316726,0.1666
100000002306369100,1,False,1,73166.0,1,6,260900.0,9,3.5658639258672062,False,True,1,7,0.0,1,5,0.00029929907141169583,2.939294306913387e-05,0,peripheral,0.7,"Признаков роли не выявлено: вход 1 (73 тыс ₸), выход 6 (261 тыс ₸)",8,0.06999999999999999,0.7940391459074733,0.5433718861209964,0.6354537366548043,0.4925
100000000667713100,1,False,2,119495.0,10,6,79236.0,7,0.663090505878907,False,False,1,7,0.4514414829072346,1,11,0.0003201059721320319,7.168556189037043e-05,0,peripheral,0.7,"Признаков роли не выявлено: вход 2 (119 тыс ₸), выход 6 (79 тыс ₸)",2,0.06999999999999999,0.7059608540925267,0.5433718861209964,0.7448843416370107,0.4923
100000001072022100,1,False,3,1684000.0,6,0,0.0,0,0.0,False,False,1,10,0.0,2,3,0.0005021346766292359,0.0,0,terminal,0.994,"Конечный получатель: 1,7 млн ₸ от 3 плательщиков, исходящих нет (колено 1)",8,0.44730000000000003,0.9590747330960854,0.9612989323843416,0.5806272241992882,0.7937
100000008116374100,1,False,1,31284.0,1,0,0.0,0,0.0,False,False,1,7,0.0,1,1,0.00028893288900381874,0.0,0,peripheral,0.9,"Признаков роли не выявлено: вход 1 (31 тыс ₸), выход 0 (0 ₸)",2,0.09000000000000001,0.32295373665480426,0.5433718861209964,0.2563389679715302,0.264
100000000703894100,1,False,1,120000.0,1,1,35000.0,1,0.2916666666666667,False,False,1,1,0.0,1,2,0.00047736859826889746,8.904719501335708e-07,3,peripheral,0.9,"Признаков роли не выявлено: вход 1 (120 тыс ₸), выход 1 (35 тыс ₸)",27,0.09000000000000001,0.6619217081850534,0.14768683274021352,0.765903024911032,0.3957
100000008066326100,1,False,1,19320.0,1,0,0.0,0,0.0,False,False,1,7,0.0,1,1,0.00028919473903313297,0.0,0,peripheral,0.9,"Признаков роли не выявлено: вход 1 (19 тыс ₸), выход 0 (0 ₸)",1,0.09000000000000001,0.19261565836298933,0.5433718861209964,0.2607873665480427,0.2252
100000004662806100,1,False,2,106585.0,2,2,59900.0,3,0.5619927757189098,False,False,1,8,1.0,1,4,0.00030544976624820286,2.1414155113432564e-05,0,peripheral,0.8,"Признаков роли не выявлено: вход 2 (107 тыс ₸), выход 2 (60 тыс ₸)",12,0.08000000000000002,0.6761565836298933,0.8387455516014235,0.6642571174377224,0.5401
100000005778283100,1,False,3,615760.0,3,0,0.0,0,0.0,False,False,2,9,0.0,1,3,0.0004375840554275676,0.0,0,terminal,0.975,"Конечный получатель: 616 тыс ₸ от 3 плательщиков, исходящих нет (колено 1)",18,0.43875,0.8874555160142349,0.9094750889679716,0.5608318505338078,0.7505
100000004408683100,1,False,2,112919.68,3,0,0.0,0,0.0,False,False,1,7,0.0,1,3,0.00038531432958819066,0.0,0,terminal,0.843,"Конечный получатель: 113 тыс ₸ от 2 плательщиков, исходящих нет (колено 1)",2,0.37935,0.604982206405694,0.5433718861209964,0.5339190391459074,0.5423
100000002704875100,1,False,3,244891.0,4,0,0.0,0,0.0,False,False,1,7,0.0,1,4,0.00031507379549976304,0.0,0,terminal,0.913,"Конечный получатель: 245 тыс ₸ от 3 плательщиков, исходящих нет (колено 1)",1,0.41085000000000005,0.74644128113879,0.5433718861209964,0.44939946619217086,0.5784
100000008349675100,1,False,1,46520.0,1,1,36650.0,2,0.7878331900257953,False,False,1,1,0.0,1,2,0.0002882368551639779,0.0,0,peripheral,0.9,"Признаков роли не выявлено: вход 1 (47 тыс ₸), выход 1 (37 тыс ₸)",15,0.09000000000000001,0.5315836298932385,0.14768683274021352,0.23632117437722422,0.226
100000006889963100,1,False,4,1431000.0,6,1,443475.8,3,0.30990621942697416,False,False,2,11,1.0,4,3,0.0004272604441628671,1.6918967052537847e-05,0,peripheral,0.6,"Признаков роли не выявлено: вход 4 (1,4 млн ₸), выход 1 (443 тыс ₸)",13,0.06,0.9666370106761566,0.9922153024911032,0.7993772241992882,0.6911
100000008771819100,1,False,1,38900.0,1,0,0.0,0,0.0,False,False,1,1,0.0,1,1,0.00029373394856288624,0.0,1,peripheral,0.9,"Признаков роли не выявлено: вход 1 (39 тыс ₸), выход 0 (0 ₸)",5,0.09000000000000001,0.36298932384341637,0.14768683274021352,0.3308496441281139,0.1976
100000008586731100,1,False,1,12000.0,1,0,0.0,0,0.0,False,False,1,1,0.0,1,1,0.00028756075486281447,0.0,0,peripheral,0.9,"Признаков роли не выявлено: вход 1 (12 тыс ₸), выход 0 (0 ₸)",12,0.09000000000000001,0.1045373665480427,0.14768683274021352,0.22542259786476868,0.0926
100000005844459100,1,False,2,243400.0,2,0,0.0,0,0.0,False,False,1,7,0.0,1,2,0.00033808255774742736,0.0,0,terminal,0.913,"Конечный получатель: 243 тыс ₸ от 2 плательщиков, исходящих нет (колено 1)",1,0.41085000000000005,0.7455516014234875,0.5433718861209964,0.4912144128113879,0.5884
100000008172352100,1,False,3,90265.0,3,7,289510.0,8,3.207333961114496,False,True,1,8,1.0,2,6,0.00037526567278554397,9.617097061442565e-05,0,peripheral,0.65,"Признаков роли не выявлено: вход 3 (90 тыс ₸), выход 7 (290 тыс ₸)",9,0.065,0.8162811387900356,0.8387455516014235,0.8141681494661921,0.6133
100000001162560100,1,False,1,331300.0,2,12,2904398.0,14,8.76667069121642,False,True,1,1,0.5191669182010262,1,9,0.00032114870693118253,0.0,0,distributor,0.537,"Веерное распределение: 12 получателей, 2,9 млн ₸, отдаёт в 8.8× больше видимого входа — есть внешние источники",16,0.42960000000000004,0.9848754448398577,0.14768683274021352,0.4671930604982206,0.5669
100000008779584100,1,False,1,31400.0,1,0,0.0,0,0.0,False,False,1,1,0.0,1,1,0.00029215978641399247,0.0,1,peripheral,0.9,"Признаков роли не выявлено: вход 1 (31 тыс ₸), выход 0 (0 ₸)",5,0.09000000000000001,0.3233985765124555,0.14768683274021352,0.3106094306049822,0.1805
100000007631637100,1,False,1,15341.0,1,0,0.0,0,0.0,False,False,1,1,0.0,1,1,0.0002887891904207813,0.0,1,peripheral,0.9,"Признаков роли не выявлено: вход 1 (15 тыс ₸), выход 0 (0 ₸)",5,0.09000000000000001,0.14635231316725977,0.14768683274021352,0.25122330960854095,0.1118
100000007347733100,1,False,1,23007.0,1,0,0.0,0,0.0,False,False,1,1,0.0,1,1,0.0003456840263989008,0.0,8,peripheral,0.9,"Признаков роли не выявлено: вход 1 (23 тыс ₸), выход 0 (0 ₸)",41,0.09000000000000001,0.2362099644128114,0.14768683274021352,0.5010008896797153,0.2004
100000001463701100,1,False,2,621000.0,2,0,0.0,0,0.0,False,False,1,8,0.0,2,1,0.0005722109368497137,0.0,0,terminal,0.976,"Конечный получатель: 621 тыс ₸ от 2 плательщиков, исходящих нет (колено 1)",13,0.4392,0.8879003558718861,0.8387455516014235,0.6266681494661922,0.7497
100000008664469100,1,False,1,25000.0,1,0,0.0,0,0.0,False,False,1,10,0.0,1,1,0.0002905752050613446,0.0,0,peripheral,0.9,"Признаков роли не выявлено: вход 1 (25 тыс ₸), выход 0 (0 ₸)",8,0.09000000000000001,0.26045373665480426,0.9612989323843416,0.28725533807829184,0.3548
100000003923946100,1,False,1,282000.0,3,4,675000.0,4,2.393617021276596,False,True,1,2,1.0,1,3,0.00038941748481374446,8.014247551202137e-06,0,peripheral,0.8,"Признаков роли не выявлено: вход 1 (282 тыс ₸), выход 4 (675 тыс ₸)",9,0.08000000000000002,0.923932384341637,0.28113879003558717,0.7411032028469751,0.4982
100000006562026100,1,False,2,75000.0,6,0,0.0,0,0.0,False,False,2,2,0.0,1,6,0.0006853595679127574,0.0,8,terminal,0.797,"Конечный получатель: 75 тыс ₸ от 2 плательщиков, исходящих нет (колено 1)",41,0.35865,0.5115658362989324,0.28113879003558717,0.646241103202847,0.4681
100000008776298100,1,False,1,42800.0,1,0,0.0,0,0.0,False,False,1,1,0.0,1,1,0.00029455251288031093,0.0,1,peripheral,0.9,"Признаков роли не выявлено: вход 1 (43 тыс ₸), выход 0 (0 ₸)",5,0.09000000000000001,0.3834519572953737,0.14768683274021352,0.338411921708185,0.2057
100000006446271100,1,False,2,80000.0,2,0,0.0,0,0.0,False,False,1,10,0.0,2,1,0.0003139136962099016,0.0,0,terminal,0.803,"Конечный получатель: 80 тыс ₸ от 2 плательщиков, исходящих нет (колено 1)",8,0.36135,0.520685053380783,0.9612989323843416,0.4438389679715302,0.5891
100000004588479100,1,False,1,177633.0,2,0,0.0,0,0.0,False,False,1,7,0.0,1,2,0.0003046680486193908,0.0,0,peripheral,0.9,"Признаков роли не выявлено: вход 1 (178 тыс ₸), выход 0 (0 ₸)",2,0.09000000000000001,0.6868327402135231,0.5433718861209964,0.4078069395017794,0.4125
100000002324543100,1,False,1,30202.0,1,0,0.0,0,0.0,False,False,1,1,0.0,1,1,0.0002888127877964788,0.0,0,peripheral,0.9,"Признаков роли не выявлено: вход 1 (30 тыс ₸), выход 0 (0 ₸)",16,0.09000000000000001,0.31583629893238435,0.14768683274021352,0.2521129893238434,0.1639
100000007129492100,1,False,2,50990.0,2,1,37000.0,1,0.725632476956266,False,False,2,11,0.5097077858403608,1,2,0.0002945171129254455,1.6918967052537847e-05,0,peripheral,0.8,"Признаков роли не выявлено: вход 2 (51 тыс ₸), выход 1 (37 тыс ₸)",13,0.08000000000000002,0.5449288256227758,0.9922153024911032,0.582517793594306,0.5175
100000003877908100,1,False,1,40000.0,1,0,0.0,0,0.0,False,False,1,10,0.0,1,1,0.0002935787515677768,0.0,0,peripheral,0.9,"Признаков роли не выявлено: вход 1 (40 тыс ₸), выход 0 (0 ₸)",8,0.09000000000000001,0.37055160142348753,0.9612989323843416,0.3274021352313167,0.3983
100000002748180100,1,False,1,9900.0,1,8,679743.0,9,68.66090909090909,False,True,1,1,1.0,1,6,0.0002872122492498478,0.0,0,peripheral,0.6,"Признаков роли не выявлено: вход 1 (10 тыс ₸), выход 8 (680 тыс ₸)",9,0.06,0.8963523131672598,0.14768683274021352,0.21897241992882563,0.3206
100000000945428100,1,False,1,89629.0,1,0,0.0,0,0.0,False,False,1,7,0.0,1,1,0.00030238839325451197,0.0,0,peripheral,0.9,"Признаков роли не выявлено: вход 1 (90 тыс ₸), выход 0 (0 ₸)",1,0.09000000000000001,0.548932384341637,0.5433718861209964,0.39713078291814946,0.3677
100000003115284100,1,False,8,2160500.0,15,2,517000.0,4,0.23929645915297384,False,False,2,11,0.9905114556815552,7,6,0.0015286375827955761,8.459483526268922e-05,0,consolidator,0.75,"Признаки консолидации: получает от 8 разных плательщиков (из них seed: 2), 2,2 млн ₸, отдаёт дальше 24% полученного",13,0.6375,0.9813167259786477,0.9922153024911032,0.9634119217081851,0.9833
100000005394708100,1,False,1,26000.0,1,1,65000.0,1,2.5,False,True,1,1,1.0,1,2,0.00034517722457498757,0.0,0,peripheral,0.9,"Признаков роли не выявлено: вход 1 (26 тыс ₸), выход 1 (65 тыс ₸)",16,0.09000000000000001,0.5564946619217082,0.14768683274021352,0.49988879003558717,0.2982
100000008747113100,1,False,2,197801.0,2,0,0.0,0,0.0,False,False,1,10,0.0,2,1,0.00030751915506009613,0.0,0,terminal,0.893,"Конечный получатель: 198 тыс ₸ от 2 плательщиков, исходящих нет (колено 1)",6,0.40185000000000004,0.7037366548042705,0.9612989323843416,0.4195951957295374,0.6566
100000004491881100,1,False,1,17144.0,1,0,0.0,0,0.0,False,False,1,1,0.0,1,1,0.0002891676190013754,0.0,1,peripheral,0.9,"Признаков роли не выявлено: вход 1 (17 тыс ₸), выход 0 (0 ₸)",5,0.09000000000000001,0.1688167259786477,0.14768683274021352,0.2595640569395018,0.1207
100000006008169100,1,False,1,70000.0,1,0,0.0,0,0.0,False,False,1,1,0.0,1,1,0.000297186147982845,0.0,0,peripheral,0.9,"Признаков роли не выявлено: вход 1 (70 тыс ₸), выход 0 (0 ₸)",12,0.09000000000000001,0.5002224199288257,0.14768683274021352,0.3617660142348754,0.2472
100000002681449100,1,False,2,94638.0,2,2,133000.0,2,1.4053551427544961,False,True,1,7,0.1257423022464549,1,3,0.0002951397503203067,1.076751891939703e-05,0,peripheral,0.8,"Признаков роли не выявлено: вход 2 (95 тыс ₸), выход 2 (133 тыс ₸)",14,0.08000000000000002,0.729982206405694,0.5433718861209964,0.5749555160142349,0.4623
100000002645609100,1,False,4,546820.6799999999,5,0,0.0,0,0.0,False,False,1,7,0.0,1,5,0.00035535788312599583,0.0,0,terminal,0.969,"Конечный получатель: 547 тыс ₸ от 4 плательщиков, исходящих нет (колено 1)",10,0.43605,0.875,0.5433718861209964,0.5098976868327402,0.6434
100000006369769100,1,False,1,40000.0,1,0,0.0,0,0.0,False,False,1,1,0.0,1,1,0.00029396482567805725,0.0,1,peripheral,0.9,"Признаков роли не выявлено: вход 1 (40 тыс ₸), выход 0 (0 ₸)",5,0.09000000000000001,0.37055160142348753,0.14768683274021352,0.3326290035587188,0.2003
100000002173161100,1,False,3,1427500.0,5,0,0.0,0,0.0,False,False,1,9,0.0,2,3,0.0004354146921033433,0.0,0,terminal,0.993,"Конечный получатель: 1,4 млн ₸ от 3 плательщиков, исходящих нет (колено 1)",2,0.44685,0.949288256227758,0.9094750889679716,0.5603870106761566,0.7728
100000008686313100,1,False,6,1912716.0,16,7,333800.0,13,0.17451623764322566,False,False,1,7,0.08752893790818919,2,20,0.0004676329022286972,0.002589718533070562,0,consolidator,0.608,"Признаки консолидации: получает от 6 разных плательщиков (из них seed: 1), 1,9 млн ₸, отдаёт дальше 17% полученного",1,0.5167999999999999,0.9750889679715302,0.5433718861209964,0.8752224199288257,0.7981
100000004692798100,1,False,2,240305.0,4,1,15000.0,2,0.06242067372713843,False,False,1,1,0.020806891242379475,1,4,0.0019106511787003878,0.0,0,terminal,0.912,"Конечный получатель: 240 тыс ₸ от 2 плательщиков, дальше уходит 6% (колено 1)",12,0.41040000000000004,0.75355871886121,0.14768683274021352,0.6842749110320284,0.541
100000002939838100,1,False,3,571233.0,3,0,0.0,0,0.0,False,False,1,10,0.0,1,3,0.0004000333621032979,0.0,0,terminal,0.971,"Конечный получатель: 571 тыс ₸ от 3 плательщиков, исходящих нет (колено 1)",19,0.43695,0.8794483985765125,0.9612989323843416,0.5450400355871886,0.7561
100000003119550100,1,False,1,21000.0,1,0,0.0,0,0.0,False,False,1,1,0.0,1,1,0.00028997694823419326,0.0,1,peripheral,0.9,"Признаков роли не выявлено: вход 1 (21 тыс ₸), выход 0 (0 ₸)",5,0.09000000000000001,0.22197508896797152,0.14768683274021352,0.2764679715302491,0.1411
100000004315838100,1,False,2,50000.0,2,1,18000.0,1,0.36,False,False,1,10,0.0,1,3,0.0002913854344131966,1.6918967052537847e-05,0,peripheral,0.8,"Признаков роли не выявлено: вход 2 (50 тыс ₸), выход 1 (18 тыс ₸)",6,0.08000000000000002,0.4959964412811388,0.9612989323843416,0.5451512455516014,0.4858
100000002671806100,1,False,1,12440.0,1,0,0.0,0,0.0,False,False,1,1,0.0,1,1,0.00028763377508648363,0.0,0,peripheral,0.9,"Признаков роли не выявлено: вход 1 (12 тыс ₸), выход 0 (0 ₸)",12,0.09000000000000001,0.1103202846975089,0.14768683274021352,0.22697953736654805,0.0948
100000008716222100,1,False,1,18000.0,1,0,0.0,0,0.0,False,False,1,1,0.0,1,1,0.00028934728337463573,0.0,1,peripheral,0.9,"Признаков роли не выявлено: вход 1 (18 тыс ₸), выход 0 (0 ₸)",5,0.09000000000000001,0.1834964412811388,0.14768683274021352,0.2647909252669039,0.1265
100000005496254100,1,False,1,12700.0,1,0,0.0,0,0.0,False,False,1,7,0.0,1,1,0.0002879524799916799,0.0,0,peripheral,0.9,"Признаков роли не выявлено: вход 1 (13 тыс ₸), выход 0 (0 ₸)",1,0.09000000000000001,0.11254448398576512,0.5433718861209964,0.23031583629893237,0.1932
100000004622227100,1,False,1,24931.0,1,3,19000.0,3,0.762103405398901,False,False,1,7,0.0,1,3,0.0002902476567795973,2.713998242901106e-05,0,peripheral,0.85,"Признаков роли не выявлено: вход 1 (25 тыс ₸), выход 3 (19 тыс ₸)",4,0.085,0.3861209964412811,0.5433718861209964,0.5409252669039146,0.3509
100000000274067100,1,False,2,517704.0,9,3,2969000.0,9,5.734937338710924,False,True,1,1,0.4301763169687698,1,13,0.0004137036512851875,0.0,0,peripheral,0.8,"Признаков роли не выявлено: вход 2 (518 тыс ₸), выход 3 (3,0 млн ₸)",15,0.08000000000000002,0.9866548042704626,0.14768683274021352,0.5510453736654805,0.4382
100000008782056100,1,False,1,29082.0,1,0,0.0,0,0.0,False,False,1,1,0.0,1,1,0.0002916732653658411,0.0,1,peripheral,0.9,"Признаков роли не выявлено: вход 1 (29 тыс ₸), выход 0 (0 ₸)",5,0.09000000000000001,0.2984875444839858,0.14768683274021352,0.3037144128113879,0.1712
100000006788200100,1,False,4,272155.8,4,3,64500.0,4,0.23699660268125833,False,False,1,7,0.0,1,8,0.00033716343435244255,5.342831700801425e-05,0,peripheral,0.6,"Признаков роли не выявлено: вход 4 (272 тыс ₸), выход 3 (64 тыс ₸)",10,0.06,0.7944839857651246,0.5433718861209964,0.7647909252669038,0.52
100000001164648100,1,False,2,13660.0,2,0,0.0,0,0.0,False,False,1,7,0.0,1,2,0.00029014259597535177,0.0,0,terminal,0.582,"Конечный получатель: 14 тыс ₸ от 2 плательщиков, исходящих нет (колено 1)",11,0.26189999999999997,0.12055160142348754,0.5433718861209964,0.279470640569395,0.2814
100000005133757100,1,False,2,65000.0,2,0,0.0,0,0.0,False,False,1,10,0.0,1,2,0.00029941072919293055,0.0,0,terminal,0.783,"Конечный получатель: 65 тыс ₸ от 2 плательщиков, исходящих нет (колено 1)",17,0.35235,0.4875444839857651,0.9612989323843416,0.3768905693950178,0.5587
100000006445501100,1,False,1,91000.0,1,0,0.0,0,0.0,False,False,1,8,0.0,1,1,0.0002993712801977907,0.0,0,peripheral,0.9,"Признаков роли не выявлено: вход 1 (91 тыс ₸), выход 0 (0 ₸)",13,0.09000000000000001,0.5564946619217082,0.8387455516014235,0.37600088967971534,0.4371
100000004390333100,1,False,2,64558.0,2,9,506500.0,14,7.845658167849066,False,True,1,7,1.0,1,9,0.00029521378985057596,8.132875059060366e-05,0,peripheral,0.55,"Признаков роли не выявлено: вход 2 (65 тыс ₸), выход 9 (506 тыс ₸)",1,0.05500000000000001,0.8790035587188612,0.5433718861209964,0.6283362989323844,0.5103
100000001641789100,1,False,1,17826.0,1,0,0.0,0,0.0,False,False,1,11,0.0,1,1,0.0004895828148678133,0.0,0,peripheral,0.9,"Признаков роли не выявлено: вход 1 (18 тыс ₸), выход 0 (0 ₸)",9,0.09000000000000001,0.1797153024911032,0.9922153024911032,0.5766236654804271,0.4085
100000000968253100,1,False,1,15000.0,1,0,0.0,0,0.0,False,False,1,1,0.0,1,1,0.00028871761851507826,0.0,1,peripheral,0.9,"Признаков роли не выявлено: вход 1 (15 тыс ₸), выход 0 (0 ₸)",5,0.09000000000000001,0.13856761565836298,0.14768683274021352,0.24966637010676157,0.109
100000001527186100,1,False,1,678000.0,2,0,0.0,0,0.0,False,False,1,10,0.0,1,1,0.00042132959630802663,0.0,0,terminal,0.976,"Конечный получатель: 678 тыс ₸ от 1 плательщиков, исходящих нет (колено 1)",8,0.4392,0.895017793594306,0.9612989323843416,0.5521574733096085,0.7636
100000005852946100,1,False,1,23746.0,1,0,0.0,0,0.0,False,False,1,10,0.0,1,1,0.00029032410857340684,0.0,0,peripheral,0.9,"Признаков роли не выявлено: вход 1 (24 тыс ₸), выход 0 (0 ₸)",8,0.09000000000000001,0.24555160142348753,0.9612989323843416,0.28191725978647686,0.3489
100000001530983100,1,False,4,564158.0,4,11,1829538.0,17,3.24295321523403,False,True,2,7,0.8156544797733968,1,12,0.00035609030999176293,0.00018477292965271596,0,distributor,0.519,"Веерное распределение: 11 получателей, 1,8 млн ₸, отдаёт в 3.2× больше видимого входа — есть внешние источники",19,0.4152,0.9759786476868327,0.5433718861209964,0.8027135231316727,0.7371
100000008221543100,1,False,2,542000.0,2,0,0.0,0,0.0,False,False,1,7,0.0,1,2,0.00037148464522539736,0.0,0,terminal,0.969,"Конечный получатель: 542 тыс ₸ от 2 плательщиков, исходящих нет (колено 1)",4,0.43605,0.8745551601423488,0.5433718861209964,0.5254670818505338,0.6471
100000001937767100,1,False,1,53000.0,1,4,1933000.0,6,36.471698113207545,False,True,1,11,1.0,1,4,0.0008921392815659775,3.466982237427942e-05,0,peripheral,0.8,"Признаков роли не выявлено: вход 1 (53 тыс ₸), выход 4 (1,9 млн ₸)",9,0.08000000000000002,0.9697508896797153,0.9922153024911032,0.9297153024911032,0.7326
100000002462183100,1,False,1,107500.0,3,0,0.0,0,0.0,False,False,1,1,0.0,1,3,0.0003802620893515447,0.0,5,peripheral,0.9,"Признаков роли не выявлено: вход 1 (108 тыс ₸), выход 0 (0 ₸)",36,0.09000000000000001,0.5951957295373665,0.14768683274021352,0.5310275800711743,0.3177
100000001805543100,1,False,1,59000.0,1,0,0.0,0,0.0,False,False,1,7,0.0,1,1,0.0002919128593753634,0.0,0,peripheral,0.9,"Признаков роли не выявлено: вход 1 (59 тыс ₸), выход 0 (0 ₸)",2,0.09000000000000001,0.47019572953736655,0.5433718861209964,0.3057161921708185,0.3212
100000002606567100,1,False,1,14095.0,1,1,53000.0,1,3.7601986520042567,False,True,1,7,0.0,1,2,0.00028821425512201625,1.0685663401602851e-05,0,peripheral,0.9,"Признаков роли не выявлено: вход 1 (14 тыс ₸), выход 1 (53 тыс ₸)",1,0.09000000000000001,0.4951067615658363,0.5433718861209964,0.4502891459074733,0.3642
100000007281639100,1,False,2,216770.0,4,0,0.0,0,0.0,False,False,1,7,0.0,1,4,0.0003235711404553908,0.0,0,terminal,0.903,"Конечный получатель: 217 тыс ₸ от 2 плательщиков, исходящих нет (колено 1)",2,0.40635000000000004,0.7233096085409253,0.5433718861209964,0.47052935943060503,0.5746
100000002991079100,1,False,2,148900.0,3,1,11000.0,1,0.07387508394895903,False,False,1,7,0.0,1,2,0.00039517397427267476,1.0685663401602851e-05,0,terminal,0.865,"Конечный получатель: 149 тыс ₸ от 2 плательщиков, дальше уходит 7% (колено 1)",2,0.38925,0.6661476868327402,0.5433718861209964,0.7567838078291815,0.6199
100000002847207100,1,False,1,46243.0,1,0,0.0,0,0.0,False,False,1,10,0.0,1,1,0.0002948288276237539,0.0,0,peripheral,0.9,"Признаков роли не выявлено: вход 1 (46 тыс ₸), выход 0 (0 ₸)",8,0.09000000000000001,0.4012455516014235,0.9612989323843416,0.34130338078291816,0.4111
100000000011452100,1,False,3,110000.0,7,1,16685.0,2,0.1516818181818182,False,False,1,7,0.045454545454545456,1,7,0.0004768640252326482,0.0,0,terminal,0.841,"Конечный получатель: 110 тыс ₸ от 3 плательщиков, дальше уходит 15% (колено 1)",1,0.37845,0.6227758007117438,0.5433718861209964,0.571952846975089,0.5567
100000003148220100,1,False,1,5650.0,1,2,43400.0,4,7.68141592920354,False,True,1,1,1.0,1,5,0.0009182428014100987,1.7845129261193803e-06,10,peripheral,0.9,"Признаков роли не выявлено: вход 1 (6 тыс ₸), выход 2 (43 тыс ₸)",43,0.09000000000000001,0.41837188612099646,0.14768683274021352,0.8646574733096086,0.3453
100000002479804100,1,False,1,46000.0,1,2,35300.0,2,0.7673913043478261,False,False,1,1,1.0,1,3,0.00029696632694887494,0.0,0,peripheral,0.9,"Признаков роли не выявлено: вход 1 (46 тыс ₸), выход 2 (35 тыс ₸)",8,0.09000000000000001,0.5237989323843416,0.14768683274021352,0.35976423487544484,0.2539
100000008745489100,1,False,1,55539.0,1,0,0.0,0,0.0,False,False,1,1,0.0,1,1,0.00029722627976227855,0.0,1,peripheral,0.9,"Признаков роли не выявлено: вход 1 (56 тыс ₸), выход 0 (0 ₸)",5,0.09000000000000001,0.46174377224199287,0.14768683274021352,0.3624332740213523,0.2355
100000002289937100,1,False,1,20000.0,1,0,0.0,0,0.0,False,False,1,1,0.0,1,1,0.0002897670599476741,0.0,1,peripheral,0.9,"Признаков роли не выявлено: вход 1 (20 тыс ₸), выход 0 (0 ₸)",5,0.09000000000000001,0.20462633451957296,0.14768683274021352,0.27346530249110323,0.135
100000004679953100,1,False,3,343538.0,3,3,34100.0,3,0.09926121709970949,False,False,1,7,0.11644417793664748,2,5,0.0003342675529915223,0.0002316167012961314,0,terminal,0.938,"Конечный получатель: 344 тыс ₸ от 3 плательщиков, дальше уходит 10% (колено 1)",1,0.4221,0.8153914590747331,0.5433718861209964,0.7815836298932385,0.6857
100000003066385100,1,False,2,20000.0,2,0,0.0,0,0.0,False,False,1,7,0.0,1,2,0.00029153974169365685,0.0,0,terminal,0.63,"Конечный получатель: 20 тыс ₸ от 2 плательщиков, исходящих нет (колено 1)",4,0.28350000000000003,0.20462633451957296,0.5433718861209964,0.3026023131672598,0.322
100000008744849100,1,False,1,44445.0,1,0,0.0,0,0.0,False,False,1,1,0.0,1,1,0.00029489777911163493,0.0,1,peripheral,0.9,"Признаков роли не выявлено: вход 1 (44 тыс ₸), выход 0 (0 ₸)",5,0.09000000000000001,0.3887900355871886,0.14768683274021352,0.3421930604982206,0.2083
100000005093521100,1,False,1,15200.0,1,0,0.0,0,0.0,False,False,1,10,0.0,1,1,0.00028861288801047553,0.0,0,peripheral,0.9,"Признаков роли не выявлено: вход 1 (15 тыс ₸), выход 0 (0 ₸)",8,0.09000000000000001,0.14479537366548043,0.9612989323843416,0.24610765124555162,0.3093
100000006518161100,1,False,3,594200.0,13,2,595899.0,13,1.002859306630764,False,False,1,7,0.8591383372601817,2,16,0.0008108053328700469,3.205699020480855e-05,0,transit,0.968,"Признаки транзита: пропускает 100% полученного (594 тыс ₸), 86% уходит дальше за ≤2 дня",2,0.5808,0.9399466192170819,0.5433718861209964,0.9193727758007118,0.8256
100000001126374100,1,False,4,182500.0,7,2,29200.0,4,0.16,False,False,1,7,0.1232876712328767,1,9,0.0003135004104490038,2.1371326803205702e-05,0,terminal,0.885,"Конечный получатель: 182 тыс ₸ от 4 плательщиков, дальше уходит 16% (колено 1)",10,0.39825,0.7188612099644128,0.5433718861209964,0.6919483985765125,0.624
100000004509286100,1,False,1,40000.0,1,0,0.0,0,0.0,False,False,1,10,0.0,1,1,0.0002935787515677768,0.0,0,peripheral,0.9,"Признаков роли не выявлено: вход 1 (40 тыс ₸), выход 0 (0 ₸)",8,0.09000000000000001,0.37055160142348753,0.9612989323843416,0.3274021352313167,0.3983
100000005056870100,1,False,1,20000.0,1,0,0.0,0,0.0,False,False,1,1,0.0,1,1,0.00030318655842831487,0.0,5,peripheral,0.9,"Признаков роли не выявлено: вход 1 (20 тыс ₸), выход 0 (0 ₸)",36,0.09000000000000001,0.20462633451957296,0.14768683274021352,0.402135231316726,0.1666
100000008708368100,1,False,1,23677.0,1,0,0.0,0,0.0,False,False,1,1,0.0,1,1,0.00029053881917720503,0.0,1,peripheral,0.9,"Признаков роли не выявлено: вход 1 (24 тыс ₸), выход 0 (0 ₸)",5,0.09000000000000001,0.24332740213523132,0.14768683274021352,0.28669928825622776,0.1501
100000005895525100,1,False,1,120000.0,3,0,0.0,0,0.0,False,False,1,1,0.0,1,3,0.00039127287948343466,0.0,5,peripheral,0.9,"Признаков роли не выявлено: вход 1 (120 тыс ₸), выход 0 (0 ₸)",36,0.09000000000000001,0.6158807829181495,0.14768683274021352,0.5383674377224199,0.3258
100000008716773100,1,False,1,15677.0,1,0,0.0,0,0.0,False,False,1,1,0.0,1,1,0.00028885971288505175,0.0,1,peripheral,0.9,"Признаков роли не выявлено: вход 1 (16 тыс ₸), выход 0 (0 ₸)",5,0.09000000000000001,0.1523576512455516,0.14768683274021352,0.25489323843416367,0.1145
100000002778085100,1,False,1,66208.0,1,0,0.0,0,0.0,False,False,1,7,0.0,1,1,0.0002926878495051835,0.0,0,peripheral,0.9,"Признаков роли не выявлено: вход 1 (66 тыс ₸), выход 0 (0 ₸)",2,0.09000000000000001,0.4915480427046263,0.5433718861209964,0.31772686832740216,0.3306
100000007055802100,1,False,6,2024999.0,34,1,605000.0,7,0.29876557963732325,False,False,1,7,0.7580245718639861,4,10,0.001181924366122314,2.6714158504007127e-06,0,consolidator,0.608,"Признаки консолидации: получает от 6 разных плательщиков (из них seed: 1), 2,0 млн ₸, отдаёт дальше 30% полученного",1,0.5167999999999999,0.9808718861209964,0.5433718861209964,0.8739991103202847,0.7996
100000003071930100,1,False,3,477610.0,4,1,5000.0,1,0.010468792529469651,False,False,1,8,0.0,1,5,0.0003483674806474176,2.6767693891790706e-05,0,terminal,0.96,"Конечный получатель: 478 тыс ₸ от 3 плательщиков, дальше уходит 1% (колено 1)",16,0.432,0.854982206405694,0.8387455516014235,0.7632339857651246,0.7699
100000002941114100,1,False,2,128510.0,15,1,15000.0,1,0.11672243405182477,False,False,1,8,0.2490078593105595,2,12,0.0018146321453408293,1.0685663401602851e-05,0,terminal,0.852,"Конечный получатель: 129 тыс ₸ от 2 плательщиков, дальше уходит 12% (колено 1)",13,0.3834,0.6387900355871886,0.8387455516014235,0.8973532028469751,0.7158
100000003888271100,1,False,1,12177.0,2,2,25590.0,3,2.10150283321015,False,True,1,1,0.5420054200542005,1,5,0.0002913863210858299,8.922564630596902e-07,4,peripheral,0.9,"Признаков роли не выявлено: вход 1 (12 тыс ₸), выход 2 (26 тыс ₸)",35,0.09000000000000001,0.3594306049822064,0.14768683274021352,0.4963300711743772,0.237
100000007507343100,1,False,1,370000.0,1,0,0.0,0,0.0,False,False,1,1,0.0,1,1,0.0006416178761806935,0.0,9,terminal,0.943,"Конечный получатель: 370 тыс ₸ от 1 плательщиков, исходящих нет (колено 1)",39,0.42435,0.8118327402135231,0.14768683274021352,0.6406806049822064,0.5542
100000008002020100,1,False,1,73860.0,1,1,17000.0,1,0.23016517736257786,False,False,1,1,0.0,1,2,0.0002978267344904884,0.0,0,peripheral,0.9,"Признаков роли не выявлено: вход 1 (74 тыс ₸), выход 1 (17 тыс ₸)",12,0.09000000000000001,0.5556049822064056,0.14768683274021352,0.3657695729537367,0.2651
100000001872484100,1,False,1,871400.0,13,3,514580.0,9,0.5905210006885472,False,False,1,1,0.09341289878356668,1,18,0.0022739787649245797,0.0,11,peripheral,0.85,"Признаков роли не выявлено: вход 1 (871 тыс ₸), выход 3 (515 тыс ₸)",42,0.085,0.947508896797153,0.14768683274021352,0.6873887900355872,0.4617
100000008769636100,1,False,1,23118.0,1,0,0.0,0,0.0,False,False,1,1,0.0,1,1,0.0002904214916250408,0.0,1,peripheral,0.9,"Признаков роли не выявлено: вход 1 (23 тыс ₸), выход 0 (0 ₸)",5,0.09000000000000001,0.23665480427046262,0.14768683274021352,0.2832517793594306,0.1472
100000004135268100,1,False,2,1239000.0,3,3,1000200.0,4,0.8072639225181598,False,False,1,1,1.0,1,4,0.001740527342257778,0.0,9,transit,0.711,"Признаки транзита: пропускает 81% полученного (1,2 млн ₸), 100% уходит дальше за ≤2 дня",39,0.4266,0.974644128113879,0.14768683274021352,0.681605871886121,0.615
100000005316708100,1,False,1,90000.0,1,2,257500.0,4,2.861111111111111,False,True,1,1,0.0,1,4,0.0002976906193985509,0.0,0,peripheral,0.9,"Признаков роли не выявлено: вход 1 (90 тыс ₸), выход 2 (258 тыс ₸)",9,0.09000000000000001,0.7998220640569395,0.14768683274021352,0.36487989323843417,0.3397
100000008671929100,1,False,1,75000.0,2,0,0.0,0,0.0,False,False,1,10,0.0,1,2,0.00030058702674945194,0.0,0,peripheral,0.9,"Признаков роли не выявлено: вход 1 (75 тыс ₸), выход 0 (0 ₸)",8,0.09000000000000001,0.5115658362989324,0.9612989323843416,0.38645462633451955,0.456
100000005287097100,1,False,2,127173.0,5,9,697300.0,42,5.483082100760382,False,True,1,7,0.6304246970662012,1,18,0.00030270743388181913,0.00027277750582410177,0,peripheral,0.55,"Признаков роли не выявлено: вход 2 (127 тыс ₸), выход 9 (697 тыс ₸)",2,0.05500000000000001,0.9123665480427047,0.5433718861209964,0.6952846975088968,0.5369
100000007283257100,1,False,1,192000.0,7,0,0.0,0,0.0,False,False,1,1,0.0,1,2,0.00038906884568361,0.0,12,peripheral,0.9,"Признаков роли не выявлено: вход 1 (192 тыс ₸), выход 0 (0 ₸)",45,0.09000000000000001,0.7004003558718861,0.14768683274021352,0.5359208185053381,0.3511
100000004847758100,1,False,4,115171.0,4,15,488800.0,23,4.244123954815014,False,True,1,7,0.5913294145227531,1,20,0.00030474224834678437,0.00041510372449833936,0,distributor,0.583,"Веерное распределение: 15 получателей, 489 тыс ₸, отдаёт в 4.2× больше видимого входа — есть внешние источники",1,0.4664,0.8861209964412812,0.5433718861209964,0.7064056939501779,0.708
100000008737422100,1,False,1,76903.0,1,0,0.0,0,0.0,False,False,1,1,0.0,1,1,0.00030171033311547385,0.0,1,peripheral,0.9,"Признаков роли не выявлено: вход 1 (77 тыс ₸), выход 0 (0 ₸)",5,0.09000000000000001,0.5160142348754448,0.14768683274021352,0.39423932384341637,0.26
100000008555918100,1,False,1,139211.0,1,2,43300.0,2,0.3110386391879952,False,False,1,10,0.0,1,3,0.00031344440839775313,3.3837934105075694e-05,0,peripheral,0.9,"Признаков роли не выявлено: вход 1 (139 тыс ₸), выход 2 (43 тыс ₸)",8,0.09000000000000001,0.6903914590747331,0.9612989323843416,0.706961743772242,0.5892
100000008094734100,1,False,4,236249.0,4,0,0.0,0,0.0,False,False,2,8,0.0,1,4,0.0003441360031889836,0.0,0,terminal,0.91,"Конечный получатель: 236 тыс ₸ от 4 плательщиков, исходящих нет (колено 1)",1,0.40950000000000003,0.7393238434163701,0.8387455516014235,0.49810943060498225,0.66
100000006952718100,1,False,1,71489.0,1,0,0.0,0,0.0,False,False,1,7,0.0,1,1,0.00029325565234585775,0.0,0,peripheral,0.9,"Признаков роли не выявлено: вход 1 (71 тыс ₸), выход 0 (0 ₸)",2,0.09000000000000001,0.505338078291815,0.5433718861209964,0.32350978647686834,0.3363
100000005339662100,1,False,4,202939.0,9,4,295160.0,15,1.4544271924075707,False,True,1,7,1.0,2,12,0.0016567441326948078,5.067609907324956e-05,0,peripheral,0.6,"Признаков роли не выявлено: вход 4 (203 тыс ₸), выход 4 (295 тыс ₸)",2,0.06,0.8616548042704626,0.5433718861209964,0.9546263345195729,0.5871
100000001716579100,1,False,1,13916.0,1,0,0.0,0,0.0,False,False,1,1,0.0,1,1,0.0002884900996124915,0.0,1,peripheral,0.9,"Признаков роли не выявлено: вход 1 (14 тыс ₸), выход 0 (0 ₸)",5,0.09000000000000001,0.12188612099644128,0.14768683274021352,0.24388345195729538,0.1025
100000002774456100,1,False,1,50363.0,1,0,0.0,0,0.0,False,False,1,8,0.0,1,1,0.00029320785927153167,0.0,0,peripheral,0.9,"Признаков роли не выявлено: вход 1 (50 тыс ₸), выход 0 (0 ₸)",13,0.09000000000000001,0.4363879003558719,0.8387455516014235,0.3232873665480427,0.3875
100000004394765100,1,False,3,603844.0,10,2,82500.0,2,0.13662469114539516,False,False,1,7,0.0663449500202039,2,7,0.0003802754591116205,3.428317008014248e-05,0,terminal,0.974,"Конечный получатель: 604 тыс ₸ от 3 плательщиков, дальше уходит 14% (колено 1)",2,0.4383,0.8959074733096085,0.5433718861209964,0.7969306049822065,0.7211
100000004004621100,1,False,3,75389.0,3,0,0.0,0,0.0,False,False,1,10,0.0,2,2,0.00030077440313347714,0.0,0,terminal,0.798,"Конечный получатель: 75 тыс ₸ от 3 плательщиков, исходящих нет (колено 1)",4,0.35910000000000003,0.5129003558718861,0.9612989323843416,0.3884564056939502,0.5722
100000000907277100,1,False,1,17534.0,1,0,0.0,0,0.0,False,False,1,1,0.0,1,1,0.00028924947543311784,0.0,1,peripheral,0.9,"Признаков роли не выявлено: вход 1 (18 тыс ₸), выход 0 (0 ₸)",5,0.09000000000000001,0.17593416370106763,0.14768683274021352,0.2615658362989324,0.1233
100000003835149100,1,False,1,248500.0,1,2,4600440.0,13,18.512837022132796,False,True,1,1,0.0,1,12,0.0004889016554646476,0.0,0,peripheral,0.9,"Признаков роли не выявлено: вход 1 (248 тыс ₸), выход 2 (4,6 млн ₸)",12,0.09000000000000001,0.9942170818505338,0.14768683274021352,0.5761788256227758,0.4509
100000004254434100,1,False,1,44445.0,2,0,0.0,0,0.0,False,False,1,1,0.0,1,1,0.00029489777911163493,0.0,1,peripheral,0.9,"Признаков роли не выявлено: вход 1 (44 тыс ₸), выход 0 (0 ₸)",5,0.09000000000000001,0.3887900355871886,0.14768683274021352,0.3421930604982206,0.2083
100000003635170100,1,False,3,268500.0,13,4,253500.0,10,0.9441340782122905,False,False,1,8,0.5810055865921788,2,14,0.0011481911115018492,9.617097061442565e-05,0,transit,0.832,"Признаки транзита: пропускает 94% полученного (268 тыс ₸), 58% уходит дальше за ≤2 дня",13,0.4992,0.8705516014234875,0.8387455516014235,0.9578514234875445,0.8512
100000006687202100,1,False,1,50000.0,1,0,0.0,0,0.0,False,False,1,7,0.0,1,1,0.0002949519153763026,0.0,0,peripheral,0.9,"Признаков роли не выявлено: вход 1 (50 тыс ₸), выход 0 (0 ₸)",1,0.09000000000000001,0.42838078291814946,0.5433718861209964,0.3429715302491103,0.3175
100000006030946100,1,False,1,73289.0,1,0,0.0,0,0.0,False,False,1,1,0.0,1,1,0.0003009517968479936,0.0,1,peripheral,0.9,"Признаков роли не выявлено: вход 1 (73 тыс ₸), выход 0 (0 ₸)",5,0.09000000000000001,0.5080071174377224,0.14768683274021352,0.38979092526690395,0.2564
100000002615479100,1,False,1,220000.0,1,0,0.0,0,0.0,False,False,1,1,0.0,1,1,0.00030919582846738493,0.0,0,terminal,0.904,"Конечный получатель: 220 тыс ₸ от 1 плательщиков, исходящих нет (колено 1)",16,0.4068,0.7262010676156584,0.14768683274021352,0.4247108540925267,0.4675
100000002952631100,1,False,1,48050.0,1,0,0.0,0,0.0,False,False,1,7,0.0,1,1,0.00029073553668924657,0.0,0,peripheral,0.9,"Признаков роли не выявлено: вход 1 (48 тыс ₸), выход 0 (0 ₸)",2,0.09000000000000001,0.4141459074733096,0.5433718861209964,0.28881227758007116,0.2999
100000002890167100,1,False,1,118150.0,1,0,0.0,0,0.0,False,False,1,7,0.0,1,1,0.00029827255224146494,0.0,0,peripheral,0.9,"Признаков роли не выявлено: вход 1 (118 тыс ₸), выход 0 (0 ₸)",2,0.09000000000000001,0.6129893238434164,0.5433718861209964,0.3675489323843416,0.38
100000008687671100,1,False,1,37500.0,1,0,0.0,0,0.0,False,False,1,1,0.0,1,1,0.0002934401049617594,0.0,1,peripheral,0.9,"Признаков роли не выявлено: вход 1 (38 тыс ₸), выход 0 (0 ₸)",5,0.09000000000000001,0.35765124555160144,0.14768683274021352,0.3259564056939502,0.1947
100000000810551100,1,False,1,100000.0,1,1,7100.0,1,0.071,False,False,1,10,0.0,1,2,0.0003055929375935056,5.832591273374889e-05,0,peripheral,0.9,"Признаков роли не выявлено: вход 1 (100 тыс ₸), выход 1 (7 тыс ₸)",8,0.09000000000000001,0.5947508896797153,0.9612989323843416,0.6882784697508897,0.5553
100000008724279100,1,False,1,11750.0,1,0,0.0,0,0.0,False,False,1,7,0.0,1,1,0.00028683263134622903,0.0,0,peripheral,0.9,"Признаков роли не выявлено: вход 1 (12 тыс ₸), выход 0 (0 ₸)",2,0.09000000000000001,0.10186832740213524,0.5433718861209964,0.2138567615658363,0.1859
100000002592567100,1,False,1,5297.0,1,2,48600.0,2,9.175004719652634,False,True,1,7,0.0,1,3,0.0002861388173468216,0.00030156144031267385,0,peripheral,0.9,"Признаков роли не выявлено: вход 1 (5 тыс ₸), выход 2 (49 тыс ₸)",2,0.09000000000000001,0.45329181494661924,0.5433718861209964,0.5002224199288257,0.3636
100000002670860100,1,False,2,450000.0,2,0,0.0,0,0.0,False,False,1,3,0.0,1,2,0.00030894570400308074,0.0,0,terminal,0.956,"Конечный получатель: 450 тыс ₸ от 2 плательщиков, исходящих нет (колено 1)",11,0.43019999999999997,0.8440836298932385,0.28981316725978645,0.4242660142348754,0.5484
100000002844897100,1,False,1,10800.0,1,0,0.0,0,0.0,False,False,1,1,0.0,1,1,0.00028672914226229553,0.0,0,peripheral,0.9,"Признаков роли не выявлено: вход 1 (11 тыс ₸), выход 0 (0 ₸)",16,0.09000000000000001,0.09608540925266904,0.14768683274021352,0.2118549822064057,0.0867
100000007938486100,1,False,1,39500.0,1,0,0.0,0,0.0,False,False,1,1,0.0,1,1,0.00029385988153479773,0.0,1,peripheral,0.9,"Признаков роли не выявлено: вход 1 (40 тыс ₸), выход 0 (0 ₸)",5,0.09000000000000001,0.3665480427046263,0.14768683274021352,0.33173932384341637,0.1989
100000008438656100,1,False,2,80000.0,2,1,5000.0,1,0.0625,False,False,1,10,0.0,1,2,0.00029739252742606105,1.6918967052537847e-05,0,terminal,0.803,"Конечный получатель: 80 тыс ₸ от 2 плательщиков, дальше уходит 6% (колено 1)",8,0.36135,0.5375889679715302,0.9612989323843416,0.6076512455516014,0.6344
100000008304139100,1,False,4,189329.75,4,24,1692997.0,43,8.942054801213228,False,True,1,7,1.0,1,24,0.0003136180059586537,0.0008735834475722485,0,distributor,0.679,"Веерное распределение: 24 получателей, 1,7 млн ₸, отдаёт в 8.9× больше видимого входа — есть внешние источники",4,0.5432,0.9675266903914591,0.5433718861209964,0.7457740213523132,0.7754
100000002597003100,1,False,1,17700.0,1,1,11000.0,1,0.6214689265536724,False,False,1,7,0.0,1,2,0.00028889074210758104,1.0685663401602851e-05,0,peripheral,0.9,"Признаков роли не выявлено: вход 1 (18 тыс ₸), выход 1 (11 тыс ₸)",1,0.09000000000000001,0.2949288256227758,0.5433718861209964,0.4698620996441281,0.3077
100000002830055100,1,False,1,14000.0,1,0,0.0,0,0.0,False,False,1,1,0.0,1,1,0.0002885077302285591,0.0,1,peripheral,0.9,"Признаков роли не выявлено: вход 1 (14 тыс ₸), выход 0 (0 ₸)",5,0.09000000000000001,0.12433274021352313,0.14768683274021352,0.2442170818505338,0.1033
100000004299488100,1,False,6,1749000.0,22,2,344999.0,14,0.19725500285877645,False,False,1,7,0.6312178387650086,3,12,0.0014621185934412485,1.0685663401602851e-05,0,consolidator,0.608,"Признаки консолидации: получает от 6 разных плательщиков (из них seed: 1), 1,7 млн ₸, отдаёт дальше 20% полученного",1,0.5167999999999999,0.9733096085409253,0.5433718861209964,0.8935720640569396,0.8021
100000002809568100,1,False,1,10000.0,1,0,0.0,0,0.0,False,False,1,7,0.0,1,1,0.0002874458184490932,0.0,0,peripheral,0.9,"Признаков роли не выявлено: вход 1 (10 тыс ₸), выход 0 (0 ₸)",1,0.09000000000000001,0.07873665480427046,0.5433718861209964,0.2227535587188612,0.181
100000004784224100,1,False,1,23500.0,2,1,100000.0,1,4.25531914893617,False,True,1,1,0.0,1,3,0.0003047979078563769,0.0,0,peripheral,0.9,"Признаков роли не выявлено: вход 1 (24 тыс ₸), выход 1 (100 тыс ₸)",12,0.09000000000000001,0.6187722419928826,0.14768683274021352,0.40847419928825623,0.2949
100000003123296100,1,False,1,86200.0,2,0,0.0,0,0.0,False,False,1,1,0.0,1,1,0.00029987461985430183,0.0,0,peripheral,0.9,"Признаков роли не выявлено: вход 1 (86 тыс ₸), выход 0 (0 ₸)",12,0.09000000000000001,0.541814946619217,0.14768683274021352,0.3811165480427046,0.2646
100000004130144100,1,False,1,200000.0,1,0,0.0,0,0.0,False,False,1,1,0.0,1,1,0.0002970377419674501,0.0,0,terminal,0.896,"Конечный получатель: 200 тыс ₸ от 1 плательщиков, исходящих нет (колено 1)",15,0.4032,0.7106316725978647,0.14768683274021352,0.36076512455516013,0.4456
100000001253557100,1,False,5,210200.0,5,0,0.0,0,0.0,False,False,1,10,0.0,1,5,0.00035106592298765355,0.0,0,consolidator,0.55,"Признаки консолидации: получает от 5 разных плательщиков (из них seed: 1), 210 тыс ₸, отдаёт дальше 0% полученного",14,0.4675,0.7184163701067615,0.9612989323843416,0.5063389679715302,0.7104
100000008767925100,1,False,1,17144.0,1,0,0.0,0,0.0,False,False,1,1,0.0,1,1,0.0002891676190013754,0.0,1,peripheral,0.9,"Признаков роли не выявлено: вход 1 (17 тыс ₸), выход 0 (0 ₸)",5,0.09000000000000001,0.1688167259786477,0.14768683274021352,0.2595640569395018,0.1207
100000007181706100,1,False,2,176272.0,2,0,0.0,0,0.0,False,False,1,10,0.0,2,1,0.00031906641503554804,0.0,0,terminal,0.881,"Конечный получатель: 176 тыс ₸ от 2 плательщиков, исходящих нет (колено 1)",8,0.39645,0.6859430604982206,0.9612989323843416,0.4600756227758007,0.6587
100000003366154100,1,False,1,125000.0,1,3,289170.0,3,2.31336,False,True,1,10,1.0,1,1,0.0003105988484375593,4.779170790430952e-05,0,peripheral,0.85,"Признаков роли не выявлено: вход 1 (125 тыс ₸), выход 3 (289 тыс ₸)",13,0.085,0.8314056939501779,0.9612989323843416,0.7042927046263345,0.6296
100000007641183100,1,False,1,28000.0,1,0,0.0,0,0.0,False,False,1,7,0.0,1,1,0.00028857979971603717,0.0,0,peripheral,0.9,"Признаков роли не выявлено: вход 1 (28 тыс ₸), выход 0 (0 ₸)",2,0.09000000000000001,0.28981316725978645,0.5433718861209964,0.24566281138790036,0.2512
100000008663007100,1,False,1,14000.0,1,0,0.0,0,0.0,False,False,1,1,0.0,1,1,0.0002885077302285591,0.0,1,peripheral,0.9,"Признаков роли не выявлено: вход 1 (14 тыс ₸), выход 0 (0 ₸)",5,0.09000000000000001,0.12433274021352313,0.14768683274021352,0.2442170818505338,0.1033
100000007334196100,1,False,1,150002.0,1,0,0.0,0,0.0,False,False,1,8,0.0,1,1,0.0003083201238991253,0.0,0,peripheral,0.9,"Признаков роли не выявлено: вход 1 (150 тыс ₸), выход 0 (0 ₸)",13,0.09000000000000001,0.6534697508896797,0.8387455516014235,0.4227090747330961,0.4783
100000003873332100,1,False,1,23468.0,1,4,286000.0,8,12.186807567751833,False,True,1,7,0.0,1,9,0.0002899731212844846,0.0006099315278987608,0,peripheral,0.8,"Признаков роли не выявлено: вход 1 (23 тыс ₸), выход 4 (286 тыс ₸)",18,0.08000000000000002,0.7855871886120996,0.5433718861209964,0.5767348754448398,0.4798
100000001550388100,1,False,1,50000.0,1,0,0.0,0,0.0,False,False,1,7,0.0,1,1,0.0002949519153763026,0.0,0,peripheral,0.9,"Признаков роли не выявлено: вход 1 (50 тыс ₸), выход 0 (0 ₸)",1,0.09000000000000001,0.42838078291814946,0.5433718861209964,0.3429715302491103,0.3175
100000008718089100,1,False,1,15534.0,1,0,0.0,0,0.0,False,False,1,1,0.0,1,1,0.0002888296988600795,0.0,1,peripheral,0.9,"Признаков роли не выявлено: вход 1 (16 тыс ₸), выход 0 (0 ₸)",5,0.09000000000000001,0.14879893238434164,0.14768683274021352,0.2528914590747331,0.1129
100000008728457100,1,False,1,45000.0,1,0,0.0,0,0.0,False,False,1,8,0.0,1,1,0.0002923944521197359,0.0,0,peripheral,0.9,"Признаков роли не выявлено: вход 1 (45 тыс ₸), выход 0 (0 ₸)",13,0.09000000000000001,0.39524021352313166,0.8387455516014235,0.3135008896797153,0.3725
100000004206046100,1,False,1,11075.0,1,0,0.0,0,0.0,False,False,1,7,0.0,1,1,0.00028676005666009854,0.0,0,peripheral,0.9,"Признаков роли не выявлено: вход 1 (11 тыс ₸), выход 0 (0 ₸)",2,0.09000000000000001,0.10008896797153025,0.5433718861209964,0.21252224199288255,0.185
100000006579678100,1,False,2,192930.0,2,6,1668800.0,15,8.649769346395066,False,True,1,7,0.2225159384232623,1,6,0.0006256438748763364,7.553676004137644e-05,0,peripheral,0.7,"Признаков роли не выявлено: вход 2 (193 тыс ₸), выход 6 (1,7 млн ₸)",2,0.06999999999999999,0.9661921708185054,0.5433718861209964,0.9203736654804271,0.615
100000002988894100,1,False,1,306121.0,1,3,77500.0,3,0.25316786499456095,False,False,1,10,0.0,1,3,0.0003468658715569931,5.075690115761354e-05,0,peripheral,0.85,"Признаков роли не выявлено: вход 1 (306 тыс ₸), выход 3 (78 тыс ₸)",8,0.085,0.8180604982206405,0.9612989323843416,0.7766903914590748,0.6432
100000008749406100,1,False,1,17144.0,1,0,0.0,0,0.0,False,False,1,1,0.0,1,1,0.0002891676190013754,0.0,1,peripheral,0.9,"Признаков роли не выявлено: вход 1 (17 тыс ₸), выход 0 (0 ₸)",5,0.09000000000000001,0.1688167259786477,0.14768683274021352,0.2595640569395018,0.1207
100000005584222100,1,False,2,192717.0,6,2,108587.0,3,0.5634531463233653,False,False,1,7,0.9143822288640857,1,6,0.0008759174247919279,2.1371326803205702e-05,0,peripheral,0.8,"Признаков роли не выявлено: вход 2 (193 тыс ₸), выход 2 (109 тыс ₸)",1,0.08000000000000002,0.7815836298932385,0.5433718861209964,0.9112544483985765,0.5605
100000003239859100,1,False,1,18600.0,1,0,0.0,0,0.0,False,False,1,1,0.0,1,1,0.0002886560582178524,0.0,0,peripheral,0.9,"Признаков роли не выявлено: вход 1 (19 тыс ₸), выход 0 (0 ₸)",12,0.09000000000000001,0.1883896797153025,0.14768683274021352,0.24822064056939502,0.1239
100000003980083100,1,False,1,30000.0,1,0,0.0,0,0.0,False,False,1,1,0.0,1,1,0.0005285862410602082,0.0,14,peripheral,0.9,"Признаков роли не выявлено: вход 1 (30 тыс ₸), выход 0 (0 ₸)",46,0.09000000000000001,0.3082740213523132,0.14768683274021352,0.5877446619217082,0.2437
100000004351795100,1,False,3,118333.0,3,14,1715161.0,37,14.494359139039828,False,True,1,7,1.0,1,19,0.0003135156057452154,0.0010492689549308541,0,distributor,0.569,"Веерное распределение: 14 получателей, 1,7 млн ₸, отдаёт в 14.5× больше видимого входа — есть внешние источники",4,0.4552,0.9635231316725978,0.5433718861209964,0.74644128113879,0.7367
100000002666248100,1,False,1,70032.0,1,0,0.0,0,0.0,False,False,1,10,0.0,1,1,0.0002995922521465216,0.0,0,peripheral,0.9,"Признаков роли не выявлено: вход 1 (70 тыс ₸), выход 0 (0 ₸)",8,0.09000000000000001,0.5031138790035588,0.9612989323843416,0.37889234875444844,0.4515
100000005877725100,1,False,1,70000.0,1,0,0.0,0,0.0,False,False,1,1,0.0,1,1,0.0003002614742736321,0.0,1,peripheral,0.9,"Признаков роли не выявлено: вход 1 (70 тыс ₸), выход 0 (0 ₸)",5,0.09000000000000001,0.5002224199288257,0.14768683274021352,0.38400800711743777,0.2526
100000001697501100,1,False,3,123700.0,3,38,1482606.0,55,11.98549717057397,False,True,1,1,1.0,1,24,0.0005916045492534869,0.0002730304776962652,1,distributor,0.772,"Веерное распределение: 38 получателей, 1,5 млн ₸, отдаёт в 12.0× больше видимого входа — есть внешние источники",5,0.6176,0.9572953736654805,0.14768683274021352,0.927491103202847,0.7518
100000006972210100,1,False,3,488775.0,4,0,0.0,0,0.0,False,False,3,8,0.0,1,4,0.000346296000353762,0.0,0,terminal,0.961,"Конечный получатель: 489 тыс ₸ от 3 плательщиков, исходящих нет (колено 1)",16,0.43245,0.8580960854092526,0.8387455516014235,0.5018905693950177,0.7071
100000008749618100,1,False,1,47280.0,1,0,0.0,0,0.0,False,False,1,1,0.0,1,1,0.00029549281240391677,0.0,1,peripheral,0.9,"Признаков роли не выявлено: вход 1 (47 тыс ₸), выход 0 (0 ₸)",5,0.09000000000000001,0.41058718861209964,0.14768683274021352,0.34686387900355875,0.2161
100000008671026100,1,False,1,23534.0,1,0,0.0,0,0.0,False,False,1,1,0.0,1,1,0.0002905088051522328,0.0,1,peripheral,0.9,"Признаков роли не выявлено: вход 1 (24 тыс ₸), выход 0 (0 ₸)",5,0.09000000000000001,0.23999110320284697,0.14768683274021352,0.28558718861209964,0.1488
100000001696818100,1,False,1,53550.0,1,0,0.0,0,0.0,False,False,1,1,0.0,1,1,0.00029883692688634147,0.0,0,peripheral,0.9,"Признаков роли не выявлено: вход 1 (54 тыс ₸), выход 0 (0 ₸)",8,0.09000000000000001,0.45195729537366547,0.14768683274021352,0.3713300711743772,0.2347
100000008679986100,1,False,1,19000.0,1,0,0.0,0,0.0,False,False,1,1,0.0,1,1,0.00028955717166115493,0.0,1,peripheral,0.9,"Признаков роли не выявлено: вход 1 (19 тыс ₸), выход 0 (0 ₸)",5,0.09000000000000001,0.19061387900355872,0.14768683274021352,0.2680160142348754,0.1294
100000003616818100,1,False,3,78000.0,4,3,240100.0,8,3.0782051282051284,False,True,1,1,0.0,1,9,0.0005130034108689025,8.904719501335708e-07,2,peripheral,0.7,"Признаков роли не выявлено: вход 3 (78 тыс ₸), выход 3 (240 тыс ₸)",24,0.06999999999999999,0.7882562277580071,0.14768683274021352,0.7772464412811388,0.4285
100000004156082100,1,False,5,377366.11,7,26,2319556.0,29,6.146699288921308,False,True,1,7,1.0,2,7,0.0008669668928480434,0.0005960800879539869,0,coordinator,0.597,"Признаки координации: получает от 5 плательщиков (377 тыс ₸), рассылает 26 получателям (2,3 млн ₸)",2,0.597,0.9817615658362989,0.5433718861209964,0.9615213523131673,0.8557
100000008667058100,1,False,1,17534.0,1,0,0.0,0,0.0,False,False,1,1,0.0,1,1,0.00028924947543311784,0.0,1,peripheral,0.9,"Признаков роли не выявлено: вход 1 (18 тыс ₸), выход 0 (0 ₸)",5,0.09000000000000001,0.17593416370106763,0.14768683274021352,0.2615658362989324,0.1233
100000008628231100,1,False,1,50000.0,1,2,627870.0,19,12.5574,False,True,1,10,0.0,1,7,0.00029558111590539824,3.3837934105075694e-05,0,peripheral,0.9,"Признаков роли не выявлено: вход 1 (50 тыс ₸), выход 2 (628 тыс ₸)",8,0.09000000000000001,0.8945729537366548,0.9612989323843416,0.6131005338078291,0.6287
100000008749063100,1,False,1,19000.0,1,0,0.0,0,0.0,False,False,1,1,0.0,1,1,0.00028955717166115493,0.0,1,peripheral,0.9,"Признаков роли не выявлено: вход 1 (19 тыс ₸), выход 0 (0 ₸)",5,0.09000000000000001,0.19061387900355872,0.14768683274021352,0.2680160142348754,0.1294
100000004494983100,1,False,1,35000.0,1,0,0.0,0,0.0,False,False,1,1,0.0,1,1,0.0002929153842454615,0.0,1,peripheral,0.9,"Признаков роли не выявлено: вход 1 (35 тыс ₸), выход 0 (0 ₸)",5,0.09000000000000001,0.34363879003558717,0.14768683274021352,0.3190613879003559,0.1888
100000007648946100,1,False,1,19550.0,1,1,25000.0,1,1.278772378516624,False,True,1,7,0.0,1,2,0.0002892378990904645,1.1941864902684138e-06,0,peripheral,0.9,"Признаков роли не выявлено: вход 1 (20 тыс ₸), выход 1 (25 тыс ₸)",1,0.09000000000000001,0.39101423487544484,0.5433718861209964,0.4572953736654804,0.334
100000003037660100,1,False,1,53000.0,1,0,0.0,0,0.0,False,False,1,10,0.0,1,1,0.0002961818252066847,0.0,0,peripheral,0.9,"Признаков роли не выявлено: вход 1 (53 тыс ₸), выход 0 (0 ₸)",8,0.09000000000000001,0.4486209964412811,0.9612989323843416,0.353758896797153,0.4287
100000002679516100,1,False,3,102335.0,3,0,0.0,0,0.0,False,False,1,10,0.0,1,3,0.00032682549707084964,0.0,0,terminal,0.835,"Конечный получатель: 102 тыс ₸ от 3 плательщиков, исходящих нет (колено 1)",12,0.37575,0.5885231316725978,0.9612989323843416,0.4749777580071174,0.6237
100000005588444100,1,False,1,12300.0,1,0,0.0,0,0.0,False,False,1,1,0.0,1,1,0.00028627460375392564,0.0,0,peripheral,0.9,"Признаков роли не выявлено: вход 1 (12 тыс ₸), выход 0 (0 ₸)",15,0.09000000000000001,0.10898576512455516,0.14768683274021352,0.20584964412811388,0.0892
100000001307612100,1,False,1,38483.0,1,0,0.0,0,0.0,False,False,1,1,0.0,1,1,0.00029364642514740773,0.0,1,peripheral,0.9,"Признаков роли не выявлено: вход 1 (38 тыс ₸), выход 0 (0 ₸)",5,0.09000000000000001,0.3620996441281139,0.14768683274021352,0.3288478647686833,0.1968
100000003001564100,1,False,1,23520.0,1,1,180000.0,1,7.653061224489796,False,True,1,7,0.0,1,2,0.00028809811883623776,1.0685663401602851e-05,0,peripheral,0.9,"Признаков роли не выявлено: вход 1 (24 тыс ₸), выход 1 (180 тыс ₸)",2,0.09000000000000001,0.7161921708185054,0.5433718861209964,0.44850978647686834,0.4314
100000002762076100,1,False,2,140350.0,2,1,30000.0,1,0.21375133594584966,False,False,2,2,0.0,1,3,0.00029914566971164536,0.0,0,peripheral,0.8,"Признаков роли не выявлено: вход 2 (140 тыс ₸), выход 1 (30 тыс ₸)",15,0.08000000000000002,0.6828291814946619,0.28113879003558717,0.3742215302491103,0.3345
100000005514161100,1,False,4,401500.0,7,1,50000.0,1,0.12453300124533001,False,False,1,9,0.0,2,5,0.0008061423847001054,2.3198668039551944e-05,0,terminal,0.95,"Конечный получатель: 402 тыс ₸ от 4 плательщиков, дальше уходит 12% (колено 1)",9,0.4275,0.8456405693950177,0.9094750889679716,0.9137010676156584,0.8193
100000008746673100,1,False,1,53048.0,1,0,0.0,0,0.0,False,False,1,1,0.0,1,1,0.0002967034480405593,0.0,1,peripheral,0.9,"Признаков роли не выявлено: вход 1 (53 тыс ₸), выход 0 (0 ₸)",5,0.09000000000000001,0.4501779359430605,0.14768683274021352,0.3584297153024911,0.231
100000003265158100,1,False,3,146100.4,3,2,154200.0,4,1.055438588806054,False,False,2,9,0.8726875491100641,1,3,0.0003846709844220265,9.636369801044653e-05,0,transit,0.891,"Признаки транзита: пропускает 106% полученного (146 тыс ₸), 87% уходит дальше за ≤2 дня",12,0.5346,0.7811387900355872,0.9094750889679716,0.8196174377224199,0.8224
100000001567366100,1,False,1,824070.0,4,0,0.0,0,0.0,False,False,1,7,0.0,1,4,0.00037417169658699974,0.0,0,terminal,0.984,"Конечный получатель: 824 тыс ₸ от 1 плательщиков, исходящих нет (колено 1)",2,0.4428,0.9119217081850534,0.5433718861209964,0.5265791814946619,0.6617
100000008777088100,1,False,1,18000.0,1,0,0.0,0,0.0,False,False,1,1,0.0,1,1,0.00028934728337463573,0.0,1,peripheral,0.9,"Признаков роли не выявлено: вход 1 (18 тыс ₸), выход 0 (0 ₸)",5,0.09000000000000001,0.1834964412811388,0.14768683274021352,0.2647909252669039,0.1265
100000002589019100,1,False,1,34710.0,1,0,0.0,0,0.0,False,False,1,1,0.0,1,1,0.0002913295941344678,0.0,0,peripheral,0.9,"Признаков роли не выявлено: вход 1 (35 тыс ₸), выход 0 (0 ₸)",12,0.09000000000000001,0.3407473309608541,0.14768683274021352,0.2994884341637011,0.1831
100000008666075100,1,False,1,26217.0,1,0,0.0,0,0.0,False,False,1,1,0.0,1,1,0.0002910719354249637,0.0,1,peripheral,0.9,"Признаков роли не выявлено: вход 1 (26 тыс ₸), выход 0 (0 ₸)",5,0.09000000000000001,0.28069395017793597,0.14768683274021352,0.29437277580071175,0.1635
100000008137435100,1,False,2,93906.0,2,6,1419700.0,7,15.118309799160864,False,True,1,7,1.0,2,5,0.0003142779777322604,0.00014543780347872948,0,peripheral,0.7,"Признаков роли не выявлено: вход 2 (94 тыс ₸), выход 6 (1,4 млн ₸)",23,0.06999999999999999,0.9532918149466192,0.5433718861209964,0.7359875444839858,0.5659
100000004403675100,1,False,4,182980.0,8,5,264699.0,6,1.4466007213903158,False,True,2,7,0.47924909826210516,1,8,0.0007400733271266653,0.00042480783405632924,0,peripheral,0.6,"Признаков роли не выявлено: вход 4 (183 тыс ₸), выход 5 (265 тыс ₸)",16,0.06,0.8407473309608541,0.5433718861209964,0.9506227758007118,0.5797
100000004677680100,1,False,2,63000.0,2,1,168000.0,3,2.6666666666666665,False,True,1,8,0.2857142857142857,1,4,0.0010928341745650807,2.1414155113432564e-05,0,peripheral,0.8,"Признаков роли не выявлено: вход 2 (63 тыс ₸), выход 1 (168 тыс ₸)",13,0.08000000000000002,0.7339857651245552,0.8387455516014235,0.9238211743772242,0.6214
100000005958064100,1,False,1,5746.0,1,2,163986.84,3,28.539303863557258,False,True,1,7,0.0,1,2,0.000286187092952855,1.332192904344566e-05,0,peripheral,0.9,"Признаков роли не выявлено: вход 1 (6 тыс ₸), выход 2 (164 тыс ₸)",14,0.09000000000000001,0.6801601423487544,0.5433718861209964,0.44261565836298933,0.419
100000002881669100,1,False,1,18600.0,1,0,0.0,0,0.0,False,False,1,1,0.0,1,1,0.0002886560582178524,0.0,0,peripheral,0.9,"Признаков роли не выявлено: вход 1 (19 тыс ₸), выход 0 (0 ₸)",12,0.09000000000000001,0.1883896797153025,0.14768683274021352,0.24822064056939502,0.1239
100000002938501100,1,False,1,8395.0,1,1,5000.0,1,0.5955926146515783,False,False,1,7,0.0,1,2,0.00028647190827664715,1.0634378523035812e-05,0,peripheral,0.9,"Признаков роли не выявлено: вход 1 (8 тыс ₸), выход 1 (5 тыс ₸)",2,0.09000000000000001,0.11921708185053381,0.5433718861209964,0.41370106761565834,0.2402
100000006734554100,1,False,1,16500.0,1,1,25000.0,1,1.5151515151515151,False,True,1,1,0.0,1,2,0.0003119416985243868,8.904719501335708e-07,3,peripheral,0.9,"Признаков роли не выявлено: вход 1 (16 тыс ₸), выход 1 (25 тыс ₸)",27,0.09000000000000001,0.37833629893238435,0.14768683274021352,0.6293371886120996,0.2754
100000008003034100,1,False,1,12201.0,1,4,135000.0,4,11.064666830587656,False,True,1,7,1.0,1,4,0.00028688112198836955,0.000667169714913678,0,peripheral,0.8,"Признаков роли не выявлено: вход 1 (12 тыс ₸), выход 4 (135 тыс ₸)",2,0.08000000000000002,0.6459074733096085,0.5433718861209964,0.5155693950177936,0.4221
100000003970394100,1,False,1,85000.0,1,0,0.0,0,0.0,False,False,1,1,0.0,1,1,0.00029967547378974946,0.0,0,peripheral,0.9,"Признаков роли не выявлено: вход 1 (85 тыс ₸), выход 0 (0 ₸)",12,0.09000000000000001,0.5375889679715302,0.14768683274021352,0.3795596085409253,0.263
100000003205210100,1,False,1,137563.0,1,0,0.0,0,0.0,False,False,1,10,0.0,1,1,0.0003131144187549131,0.0,0,peripheral,0.9,"Признаков роли не выявлено: вход 1 (138 тыс ₸), выход 0 (0 ₸)",8,0.09000000000000001,0.6321174377224199,0.9612989323843416,0.4407250889679715,0.5062
100000004559194100,1,False,1,282145.0,6,0,0.0,0,0.0,False,False,1,7,0.0,1,5,0.0003159049754295683,0.0,0,terminal,0.925,"Конечный получатель: 282 тыс ₸ от 1 плательщиков, исходящих нет (колено 1)",2,0.41625,0.7677935943060499,0.5433718861209964,0.45095640569395024,0.5877
100000008173359100,1,False,1,6110.0,1,0,0.0,0,0.0,False,False,1,7,0.0,1,1,0.00028622622952433876,0.0,0,peripheral,0.9,"Признаков роли не выявлено: вход 1 (6 тыс ₸), выход 0 (0 ₸)",2,0.09000000000000001,0.03870106761565836,0.5433718861209964,0.20473754448398576,0.1643
100000007953156100,2,False,1,18000.0,1,1,10000.0,1,0.5555555555555556,False,False,0,8,0.0,1,2,0.0004778416683076007,1.0685663401602851e-05,0,peripheral,0.9,"Признаков роли не выявлено: вход 1 (18 тыс ₸), выход 1 (10 тыс ₸)",14,0.09000000000000001,0.28981316725978645,0.8387455516014235,0.7872553380782918,0.4562
100000002224132100,2,False,5,3951020.0,10,4,12115000.0,25,3.0662968043695047,False,True,0,2,0.3862281132467059,2,15,0.005995733195474431,5.3428317008014254e-06,0,consolidator,0.5,"Признаки консолидации: получает от 5 разных плательщиков, 4,0 млн ₸, отдаёт в 3.1× больше видимого входа — есть внешние источники",12,0.425,0.9995551601423488,0.28113879003558717,0.8951290035587189,0.7069
100000008547844100,2,False,3,177600.0,3,19,2042199.0,21,11.498868243243244,False,True,0,8,1.0,1,11,0.0003443380521779434,0.0013035718140571215,0,distributor,0.631,"Веерное распределение: 19 получателей, 2,0 млн ₸, отдаёт в 11.5× больше видимого входа — есть внешние источники",3,0.5048,0.9737544483985765,0.8387455516014235,0.8038256227758007,0.8474
100000002635780100,2,False,1,163000.02,1,0,0.0,0,0.0,False,False,0,9,0.0,1,1,0.0005553850086577911,0.0,0,peripheral,0.9,"Признаков роли не выявлено: вход 1 (163 тыс ₸), выход 0 (0 ₸)",15,0.09000000000000001,0.6699288256227758,0.9094750889679716,0.6199955516014235,0.5489
100000001279875100,2,False,1,49235.0,1,0,0.0,0,0.0,False,False,0,1,0.0,1,1,0.0003032727428264067,0.0,0,peripheral,0.9,"Признаков роли не выявлено: вход 1 (49 тыс ₸), выход 0 (0 ₸)",9,0.09000000000000001,0.4194839857651246,0.14768683274021352,0.4033585409252669,0.2326
100000001961048100,2,False,1,150000.0,1,0,0.0,0,0.0,False,False,0,7,0.0,1,1,0.00030430933928482544,0.0,0,peripheral,0.9,"Признаков роли не выявлено: вход 1 (150 тыс ₸), выход 0 (0 ₸)",11,0.09000000000000001,0.650355871886121,0.5433718861209964,0.40691725978647686,0.4011
100000000993112100,2,False,1,141000.0,1,0,0.0,0,0.0,False,False,0,8,0.0,1,1,0.00044111482764995627,0.0,0,peripheral,0.9,"Признаков роли не выявлено: вход 1 (141 тыс ₸), выход 0 (0 ₸)",9,0.09000000000000001,0.6376779359430605,0.8387455516014235,0.5626112099644128,0.5077
100000005547096100,2,False,1,8000.0,1,2,226300.0,3,28.2875,False,True,0,1,0.0,1,3,0.0008920567423173903,0.0,6,peripheral,0.9,"Признаков роли не выявлено: вход 1 (8 тыс ₸), выход 2 (226 тыс ₸)",37,0.09000000000000001,0.7366548042704626,0.14768683274021352,0.6635898576512456,0.3935
100000000331309100,2,False,5,984635.0,8,99,23001375.0,126,23.360306103276848,False,True,0,7,1.0,3,29,0.000875689903807376,0.003216575543641069,0,coordinator,0.734,"Признаки координации: получает от 5 плательщиков (985 тыс ₸), рассылает 99 получателям (23,0 млн ₸)",6,0.734,1.0,0.5433718861209964,0.9688612099644128,0.9218
100000006684930100,2,False,1,10000.0,1,0,0.0,0,0.0,False,False,0,10,0.0,1,1,0.0002987343713958286,0.0,0,peripheral,0.9,"Признаков роли не выявлено: вход 1 (10 тыс ₸), выход 0 (0 ₸)",30,0.09000000000000001,0.07873665480427046,0.9612989323843416,0.370885231316726,0.3196
100000004479404100,2,False,2,1492000.0,8,1,300000.0,2,0.20107238605898123,False,False,0,7,0.0,1,8,0.0008667096306509939,5.342831700801425e-05,0,peripheral,0.8,"Признаков роли не выявлено: вход 2 (1,5 млн ₸), выход 1 (300 тыс ₸)",1,0.08000000000000002,0.9621886120996441,0.5433718861209964,0.9360542704626335,0.6219
100000004134060100,2,False,1,88179.0,1,0,0.0,0,0.0,False,False,0,8,0.0,1,1,0.0003280105841798639,0.0,0,peripheral,0.9,"Признаков роли не выявлено: вход 1 (88 тыс ₸), выход 0 (0 ₸)",3,0.09000000000000001,0.5462633451957295,0.8387455516014235,0.4769795373665481,0.4587
100000001083990100,2,False,1,49900.0,2,0,0.0,0,0.0,False,False,0,8,0.0,1,1,0.0005021137973799181,0.0,0,peripheral,0.9,"Признаков роли не выявлено: вход 1 (50 тыс ₸), выход 0 (0 ₸)",12,0.09000000000000001,0.422153024911032,0.8387455516014235,0.5804048042704626,0.4461
100000004573782100,2,False,1,15000.0,1,0,0.0,0,0.0,False,False,0,1,0.0,1,1,0.0003098970169286297,0.0,0,peripheral,0.9,"Признаков роли не выявлено: вход 1 (15 тыс ₸), выход 0 (0 ₸)",15,0.09000000000000001,0.13856761565836298,0.14768683274021352,0.4282695729537367,0.1527
100000005660203100,2,False,1,572899.0,12,2,41000.0,5,0.07156584319400104,False,False,0,7,0.01745508370585391,1,13,0.0009492504038791965,1.0685663401602851e-05,0,terminal,0.972,"Конечный получатель: 573 тыс ₸ от 1 плательщиков, дальше уходит 7% (колено 2)",2,0.4374,0.8865658362989324,0.5433718861209964,0.8806717081850535,0.7383
100000008771627100,2,False,1,16500.0,1,0,0.0,0,0.0,False,False,0,1,0.0,1,1,0.0002911733098421886,0.0,1,peripheral,0.9,"Признаков роли не выявлено: вход 1 (16 тыс ₸), выход 0 (0 ₸)",5,0.09000000000000001,0.16347864768683273,0.14768683274021352,0.29570729537366547,0.1279
100000000031787100,2,False,1,90000.0,2,2,90000.0,4,1.0,False,False,0,1,0.6666666666666666,1,6,0.0004315356304853241,0.0,0,transit,0.933,"Признаки транзита: пропускает 100% полученного (90 тыс ₸), 67% уходит дальше за ≤2 дня",15,0.5598,0.6886120996441281,0.14768683274021352,0.5579403914590747,0.5542
100000001346560100,2,False,2,10000.0,2,1,22200.0,1,2.22,False,True,0,11,0.5,1,3,0.0005866163489075493,1.6952872798134113e-05,0,peripheral,0.8,"Признаков роли не выявлено: вход 2 (10 тыс ₸), выход 1 (22 тыс ₸)",8,0.08000000000000002,0.32962633451957296,0.9922153024911032,0.8757784697508897,0.5234
100000001703168100,2,False,1,45000.0,1,1,90000.0,1,2.0,False,True,0,7,1.0,1,2,0.00029266343176030765,1.0707077556716282e-05,0,peripheral,0.9,"Признаков роли не выявлено: вход 1 (45 тыс ₸), выход 1 (90 тыс ₸)",4,0.09000000000000001,0.6301156583629893,0.5433718861209964,0.5445951957295374,0.4286
100000004904960100,2,False,2,32000.0,2,0,0.0,0,0.0,False,False,0,10,0.0,1,2,0.0007779174826823424,0.0,0,terminal,0.699,"Конечный получатель: 32 тыс ₸ от 2 плательщиков, исходящих нет (колено 2)",8,0.31455,0.327846975088968,0.9612989323843416,0.6540258007117438,0.5615
100000004467157100,2,False,1,20000.0,3,1,7000.0,1,0.35,False,False,0,7,0.0,1,4,0.0003865607584834249,0.0,0,peripheral,0.9,"Признаков роли не выявлено: вход 1 (20 тыс ₸), выход 1 (7 тыс ₸)",22,0.09000000000000001,0.28536476868327404,0.5433718861209964,0.5345862989323843,0.3206
100000008346837100,2,False,9,254359.0,12,25,1258643.0,26,4.948293553599441,False,True,0,7,1.0,4,15,0.0005474079827287936,0.0022361117772764253,0,coordinator,0.687,"Признаки координации: получает от 9 плательщиков (254 тыс ₸), рассылает 25 получателям (1,3 млн ₸)",4,0.687,0.952846975088968,0.5433718861209964,0.9197064056939501,0.8752
100000006385877100,2,False,1,53706.62,5,1,36602.93,5,0.6815347903107661,False,False,0,1,0.3917323413761656,1,5,0.002094297553958926,0.0,0,peripheral,0.9,"Признаков роли не выявлено: вход 1 (54 тыс ₸), выход 1 (37 тыс ₸)",16,0.09000000000000001,0.5538256227758007,0.14768683274021352,0.6864991103202847,0.3431
100000002459093100,2,False,1,500000.0,2,1,55000.0,3,0.11,False,False,0,1,0.0,1,4,0.00038924998698062655,0.0,0,terminal,0.964,"Конечный получатель: 500 тыс ₸ от 1 плательщиков, дальше уходит 11% (колено 2)",9,0.4338,0.8765569395017794,0.14768683274021352,0.5361432384341637,0.5524
100000005053653100,2,False,2,63073.0,2,1,25000.0,1,0.3963661154535221,False,False,0,7,0.0,1,3,0.0003136008584320485,1.0707077556716282e-05,0,peripheral,0.8,"Признаков роли не выявлено: вход 2 (63 тыс ₸), выход 1 (25 тыс ₸)",4,0.08000000000000002,0.5458185053380783,0.5433718861209964,0.6704848754448398,0.4294
100000001557930100,2,False,1,34610.0,1,0,0.0,0,0.0,False,False,0,1,0.0,1,1,0.0002921289541275454,0.0,0,peripheral,0.9,"Признаков роли не выявлено: вход 1 (35 тыс ₸), выход 0 (0 ₸)",20,0.09000000000000001,0.3403024911032028,0.14768683274021352,0.30994217081850534,0.1855
100000002820010100,2,False,1,30000.0,1,0,0.0,0,0.0,False,False,0,1,0.0,1,1,0.00029125521728309953,0.0,0,peripheral,0.9,"Признаков роли не выявлено: вход 1 (30 тыс ₸), выход 0 (0 ₸)",20,0.09000000000000001,0.3082740213523132,0.14768683274021352,0.2979314946619217,0.1728
100000000769919100,2,False,1,250000.0,1,0,0.0,0,0.0,False,False,0,1,0.0,1,1,0.0007354469638244255,0.0,13,terminal,0.916,"Конечный получатель: 250 тыс ₸ от 1 плательщиков, исходящих нет (колено 2)",44,0.4122,0.7504448398576512,0.14768683274021352,0.6513567615658363,0.5328
100000003188607100,2,False,1,18000.0,1,1,5000.0,1,0.2777777777777778,False,False,0,1,0.0,1,2,0.0003147625614708975,0.0,0,peripheral,0.9,"Признаков роли не выявлено: вход 1 (18 тыс ₸), выход 1 (5 тыс ₸)",15,0.09000000000000001,0.23465302491103202,0.14768683274021352,0.44806494661921703,0.187
100000002836052100,2,False,1,15000.0,1,0,0.0,0,0.0,False,False,0,11,0.0,1,1,0.0003056660501463524,0.0,0,peripheral,0.9,"Признаков роли не выявлено: вход 1 (15 тыс ₸), выход 0 (0 ₸)",8,0.09000000000000001,0.13856761565836298,0.9922153024911032,0.4120329181494662,0.3556
100000001102676100,2,False,1,50000.0,1,1,50000.0,1,1.0,False,False,0,8,1.0,1,1,0.0003130309543986752,0.0,0,transit,1.0,"Признаки транзита: пропускает 100% полученного (50 тыс ₸), 100% уходит дальше за ≤2 дня",8,0.6,0.5798487544483986,0.8387455516014235,0.44028024911032027,0.6786
100000003390036100,2,False,2,231300.0,4,2,62000.0,2,0.2680501513186338,False,False,0,11,0.043233895373973194,1,5,0.0013242239371446286,5.353538778358141e-05,0,peripheral,0.8,"Признаков роли не выявлено: вход 2 (231 тыс ₸), выход 2 (62 тыс ₸)",13,0.08000000000000002,0.7740213523131673,0.9922153024911032,0.9522909252669038,0.6782
100000008335401100,2,False,1,150000.0,3,0,0.0,0,0.0,False,False,0,9,0.0,1,1,0.0005512278448300623,0.0,0,peripheral,0.9,"Признаков роли не выявлено: вход 1 (150 тыс ₸), выход 0 (0 ₸)",15,0.09000000000000001,0.650355871886121,0.9094750889679716,0.6162144128113879,0.542
100000006994985100,2,False,1,48500.0,2,1,10200.0,2,0.21030927835051547,False,False,0,7,0.0,1,4,0.0005013304862324077,1.0685663401602851e-05,0,peripheral,0.9,"Признаков роли не выявлено: вход 1 (48 тыс ₸), выход 1 (10 тыс ₸)",10,0.09000000000000001,0.46908362989323843,0.5433718861209964,0.7945951957295374,0.4406
100000008356606100,2,False,2,168500.0,2,0,0.0,0,0.0,False,False,0,7,0.0,1,2,0.0006267853006401152,0.0,0,terminal,0.879,"Конечный получатель: 168 тыс ₸ от 2 плательщиков, исходящих нет (колено 2)",2,0.39555,0.6792704626334519,0.5433718861209964,0.6382339857651246,0.5976
100000007930878100,2,False,1,5000.0,1,0,0.0,0,0.0,False,False,0,1,0.0,1,1,0.00048363772579278913,0.0,4,peripheral,0.9,"Признаков роли не выявлено: вход 1 (5 тыс ₸), выход 0 (0 ₸)",35,0.09000000000000001,0.01601423487544484,0.14768683274021352,0.5743994661921709,0.151
100000008389800100,2,False,3,189000.0,3,7,401620.0,8,2.124973544973545,False,True,0,7,1.0,1,7,0.0005050963840560336,7.479964381121995e-05,0,peripheral,0.65,"Признаков роли не выявлено: вход 3 (189 тыс ₸), выход 7 (402 тыс ₸)",2,0.065,0.8825622775800712,0.5433718861209964,0.8636565836298933,0.5733
100000005474472100,2,False,1,100000.0,1,0,0.0,0,0.0,False,False,0,1,0.0,1,1,0.0005449540086863332,0.0,0,peripheral,0.9,"Признаков роли не выявлено: вход 1 (100 тыс ₸), выход 0 (0 ₸)",12,0.09000000000000001,0.5798487544483986,0.14768683274021352,0.6108763345195729,0.3326
100000004486525100,2,False,8,360924.0,21,2,271045.0,3,0.7509752745730403,False,False,0,7,0.5476637740909444,5,5,0.0008057988481996705,1.1576135351736421e-05,0,consolidator,0.65,"Признаки консолидации: получает от 8 разных плательщиков, 361 тыс ₸, отдаёт дальше 75% полученного",4,0.5525,0.8901245551601423,0.5433718861209964,0.8896797153024911,0.791
100000003031890100,2,False,1,215000.0,10,0,0.0,0,0.0,False,False,0,1,0.0,1,10,0.00039212223001592824,0.0,2,terminal,0.902,"Конечный получатель: 215 тыс ₸ от 1 плательщиков, исходящих нет (колено 2)",24,0.40590000000000004,0.7210854092526691,0.14768683274021352,0.5392571174377224,0.4937
100000008624978100,2,False,1,109000.0,1,0,0.0,0,0.0,False,False,0,8,0.0,1,1,0.00033803190556376176,0.0,0,peripheral,0.9,"Признаков роли не выявлено: вход 1 (109 тыс ₸), выход 0 (0 ₸)",3,0.09000000000000001,0.5971975088967971,0.8387455516014235,0.49099199288256223,0.4778
100000000790311100,2,False,1,46300.0,1,0,0.0,0,0.0,False,False,0,7,0.0,1,1,0.000300299219066313,0.0,0,peripheral,0.9,"Признаков роли не выявлено: вход 1 (46 тыс ₸), выход 0 (0 ₸)",2,0.09000000000000001,0.40169039145907476,0.5433718861209964,0.38445284697508897,0.3195
100000008546855100,2,False,6,71790.0,8,2,10000.0,2,0.1392951664577239,False,False,0,7,1.0,5,3,0.0014269758891576917,3.472840605520926e-05,0,consolidator,0.558,"Признаки консолидации: получает от 6 разных плательщиков, 72 тыс ₸, отдаёт дальше 14% полученного",1,0.47430000000000005,0.5262455516014235,0.5433718861209964,0.9449510676156583,0.6596
100000002863356100,2,False,1,45000.0,1,1,20000.0,1,0.4444444444444444,False,False,0,1,0.0,1,2,0.0003008529731942847,2.6714158504007127e-06,1,peripheral,0.9,"Признаков роли не выявлено: вход 1 (45 тыс ₸), выход 1 (20 тыс ₸)",5,0.09000000000000001,0.4875444839857651,0.14768683274021352,0.5899688612099644,0.2992
100000000332284100,2,False,10,107426.0,12,3,289500.0,3,2.69487833485376,False,True,0,7,0.5652821477109824,3,10,0.0007170946224349073,5.8895467844710954e-05,0,consolidator,0.721,"Признаки консолидации: получает от 10 разных плательщиков, 107 тыс ₸, отдаёт в 2.7× больше видимого входа — есть внешние источники",4,0.61285,0.822508896797153,0.5433718861209964,0.9266014234875445,0.8052
100000002605308100,2,False,3,2569521.84,7,0,0.0,0,0.0,False,False,0,11,0.0,1,3,0.0008849814697633089,0.0,0,terminal,0.998,"Конечный получатель: 2,6 млн ₸ от 3 плательщиков, исходящих нет (колено 2)",14,0.4491,0.979982206405694,0.9922153024911032,0.662700177935943,0.8285
100000005931985100,2,False,1,76000.0,1,0,0.0,0,0.0,False,False,0,1,0.0,1,1,0.00031289664456344305,0.0,0,peripheral,0.9,"Признаков роли не выявлено: вход 1 (76 тыс ₸), выход 0 (0 ₸)",9,0.09000000000000001,0.5146797153024911,0.14768683274021352,0.4396129893238434,0.2707
100000001166289100,2,False,2,721039.0,10,1,25000.0,1,0.0346721883282319,False,False,0,1,0.0,1,11,0.0020021280906723886,0.0,1,terminal,0.979,"Конечный получатель: 721 тыс ₸ от 2 плательщиков, дальше уходит 3% (колено 2)",5,0.44055,0.900355871886121,0.14768683274021352,0.6853870106761566,0.5992
100000008477350100,2,False,11,610100.0,14,39,3374866.0,44,5.531660383543682,False,True,0,7,0.6361252253728897,2,17,0.0010342350786611242,0.0010244484234667216,0,coordinator,0.764,"Признаки координации: получает от 11 плательщиков (610 тыс ₸), рассылает 39 получателям (3,4 млн ₸)",1,0.764,0.9884341637010676,0.5433718861209964,0.9717526690391459,0.9318
100000003824464100,2,False,1,200000.0,1,0,0.0,0,0.0,False,False,0,7,0.0,1,1,0.000323247651083571,0.0,0,terminal,0.896,"Конечный получатель: 200 тыс ₸ от 1 плательщиков, исходящих нет (колено 2)",23,0.4032,0.7106316725978647,0.5433718861209964,0.46975088967971534,0.5692
100000002738256100,2,False,1,150200.0,1,1,175000.0,1,1.1651131824234353,False,False,0,1,1.0,1,2,0.0005073102992973039,0.0,9,transit,0.752,"Признаки транзита: пропускает 117% полученного (150 тыс ₸), 100% уходит дальше за ≤2 дня",39,0.4512,0.7904804270462633,0.14768683274021352,0.5826290035587188,0.5449
100000001857829100,2,False,6,888535.0,9,16,2390993.0,16,2.690938454872346,False,True,0,7,0.9898709673788877,3,9,0.0006204790252521136,0.002611407101850992,0,coordinator,0.577,"Признаки координации: получает от 6 плательщиков (889 тыс ₸), рассылает 16 получателям (2,4 млн ₸)",17,0.577,0.9853202846975089,0.5433718861209964,0.9441725978647686,0.844
100000008672762100,2,False,1,13000.0,1,0,0.0,0,0.0,False,False,0,1,0.0,1,1,0.0002899845792550891,0.0,1,peripheral,0.9,"Признаков роли не выявлено: вход 1 (13 тыс ₸), выход 0 (0 ₸)",5,0.09000000000000001,0.11543594306049822,0.14768683274021352,0.27691281138790036,0.1086
100000001737722100,2,False,1,60460.0,1,0,0.0,0,0.0,False,False,0,8,0.0,1,1,0.0003187759337086208,0.0,0,peripheral,0.9,"Признаков роли не выявлено: вход 1 (60 тыс ₸), выход 0 (0 ₸)",8,0.09000000000000001,0.4786476868327402,0.8387455516014235,0.45896352313167255,0.4336
100000005572303100,2,False,1,75000.0,1,1,20000.0,1,0.26666666666666666,False,False,0,7,0.0,1,2,0.0003132762393993454,2.1414155113432564e-05,0,peripheral,0.9,"Признаков роли не выявлено: вход 1 (75 тыс ₸), выход 1 (20 тыс ₸)",2,0.09000000000000001,0.5665035587188612,0.5433718861209964,0.6947286476868327,0.4459
100000008733049100,2,False,1,10000.0,1,0,0.0,0,0.0,False,False,0,7,0.0,1,1,0.0002887507034719393,0.0,0,peripheral,0.9,"Признаков роли не выявлено: вход 1 (10 тыс ₸), выход 0 (0 ₸)",2,0.09000000000000001,0.07873665480427046,0.5433718861209964,0.25044483985765126,0.1878
100000000850297100,2,False,1,17520.0,1,1,17520.0,1,1.0,False,False,0,1,1.0,1,1,0.0002939168313087527,0.0,0,peripheral,0.9,"Признаков роли не выявлено: вход 1 (18 тыс ₸), выход 1 (18 тыс ₸)",9,0.09000000000000001,0.34608540925266906,0.14768683274021352,0.33229537366548045,0.1928
100000005140601100,2,False,3,52685.0,4,2,195300.0,5,3.706937458479643,False,True,0,7,0.6393660434658821,2,6,0.0027057314547033317,1.0685663401602851e-05,0,peripheral,0.7,"Признаков роли не выявлено: вход 3 (53 тыс ₸), выход 2 (195 тыс ₸)",1,0.06999999999999999,0.7491103202846975,0.5433718861209964,0.9042482206405694,0.5446
100000004410489100,2,False,1,54000.0,1,0,0.0,0,0.0,False,False,0,7,0.0,1,1,0.0003142199106141309,0.0,0,peripheral,0.9,"Признаков роли не выявлено: вход 1 (54 тыс ₸), выход 0 (0 ₸)",1,0.09000000000000001,0.4550711743772242,0.5433718861209964,0.44561832740213525,0.3508
100000006852430100,2,False,1,37000.0,1,0,0.0,0,0.0,False,False,0,11,0.0,1,1,0.0005362020040442948,0.0,0,peripheral,0.9,"Признаков роли не выявлено: вход 1 (37 тыс ₸), выход 0 (0 ₸)",13,0.09000000000000001,0.3540925266903915,0.9922153024911032,0.6030916370106761,0.4684
100000003166755100,2,False,1,24010.0,1,0,0.0,0,0.0,False,False,0,7,0.0,1,1,0.0002893544107152427,0.0,0,peripheral,0.9,"Признаков роли не выявлено: вход 1 (24 тыс ₸), выход 0 (0 ₸)",4,0.09000000000000001,0.25044483985765126,0.5433718861209964,0.2654581850533808,0.244
100000008258083100,2,False,2,3149500.0,13,2,2045650.0,6,0.6495157961581204,False,False,0,7,0.037307509128433086,1,12,0.0010500443938968613,4.282831022686513e-05,0,peripheral,0.8,"Признаков роли не выявлено: вход 2 (3,1 млн ₸), выход 2 (2,0 млн ₸)",11,0.08000000000000002,0.9951067615658363,0.5433718861209964,0.9402802491103204,0.633
100000003054328100,2,False,1,140000.0,1,2,193720.0,2,1.3837142857142857,False,True,0,1,1.0,1,2,0.00033590915011809754,0.0,0,peripheral,0.9,"Признаков роли не выявлено: вход 1 (140 тыс ₸), выход 2 (194 тыс ₸)",9,0.09000000000000001,0.7935943060498221,0.14768683274021352,0.4883229537366548,0.368
100000008473207100,2,False,1,202000.0,4,0,0.0,0,0.0,False,False,0,11,0.0,1,4,0.0005562056073953194,0.0,0,terminal,0.899,"Конечный получатель: 202 тыс ₸ от 1 плательщиков, исходящих нет (колено 2)",8,0.40455,0.7153024911032029,0.9922153024911032,0.6204403914590747,0.718
100000008104567100,2,False,3,53550.0,3,3,40000.0,4,0.7469654528478058,False,False,0,7,0.38375350140056025,1,5,0.0005380423675699459,0.0002510388839418225,0,peripheral,0.7,"Признаков роли не выявлено: вход 3 (54 тыс ₸), выход 3 (40 тыс ₸)",9,0.06999999999999999,0.5604982206405694,0.5433718861209964,0.900355871886121,0.4859
100000002721825100,2,False,1,11000.0,1,0,0.0,0,0.0,False,False,0,7,0.0,1,1,0.0005314143750831583,0.0,0,peripheral,0.9,"Признаков роли не выявлено: вход 1 (11 тыс ₸), выход 0 (0 ₸)",1,0.09000000000000001,0.09830960854092527,0.5433718861209964,0.5948620996441281,0.2781
100000003509750100,2,False,3,82290.0,4,3,78400.0,5,0.9527281565196257,False,False,0,1,0.7849070360918702,1,7,0.001687048026555684,0.0,0,transit,0.886,"Признаки транзита: пропускает 95% полученного (82 тыс ₸), 78% уходит дальше за ≤2 дня",20,0.5316,0.6681494661921709,0.14768683274021352,0.6811610320284698,0.5661
100000007322059100,2,False,2,29000.0,2,1,22500.0,2,0.7758620689655172,False,False,0,8,0.8275862068965517,1,3,0.0006801571631888191,2.1371326803205702e-05,0,peripheral,0.8,"Признаков роли не выявлено: вход 2 (29 тыс ₸), выход 1 (22 тыс ₸)",9,0.08000000000000002,0.44194839857651247,0.8387455516014235,0.8947953736654805,0.5248
100000004441291100,2,False,1,20000.0,1,0,0.0,0,0.0,False,False,0,10,0.0,1,1,0.000548843069567571,0.0,0,peripheral,0.9,"Признаков роли не выявлено: вход 1 (20 тыс ₸), выход 0 (0 ₸)",8,0.09000000000000001,0.20462633451957296,0.9612989323843416,0.6151023131672598,0.418
100000006122699100,2,False,2,45865.0,2,0,0.0,0,0.0,False,False,0,7,0.0,2,1,0.0004047064849586192,0.0,0,terminal,0.736,"Конечный получатель: 46 тыс ₸ от 2 плательщиков, исходящих нет (колено 2)",2,0.3312,0.3994661921708185,0.5433718861209964,0.5474866548042705,0.4621
100000008254069100,2,False,1,10200.0,2,5,107500.0,6,10.53921568627451,False,True,0,8,1.0,1,4,0.0003424861412375226,4.348471356485604e-05,0,peripheral,0.75,"Признаков роли не выявлено: вход 1 (10 тыс ₸), выход 5 (108 тыс ₸)",16,0.07500000000000001,0.6116548042704626,0.8387455516014235,0.7695729537366548,0.544
100000003336565100,2,False,1,16550.0,1,0,0.0,0,0.0,False,False,0,1,0.0,1,1,0.0002911902917077186,0.0,1,peripheral,0.9,"Признаков роли не выявлено: вход 1 (17 тыс ₸), выход 0 (0 ₸)",5,0.09000000000000001,0.16459074733096085,0.14768683274021352,0.29637455516014233,0.1284
100000002492277100,2,False,1,138500.0,1,0,0.0,0,0.0,False,False,0,7,0.0,1,1,0.00030740347309968685,0.0,0,peripheral,0.9,"Признаков роли не выявлено: вход 1 (138 тыс ₸), выход 0 (0 ₸)",4,0.09000000000000001,0.6325622775800712,0.5433718861209964,0.4191503558718861,0.3986
100000001339466100,2,False,1,30000.0,1,0,0.0,0,0.0,False,False,0,9,0.0,1,1,0.0003039018745217943,0.0,0,peripheral,0.9,"Признаков роли не выявлено: вход 1 (30 тыс ₸), выход 0 (0 ₸)",8,0.09000000000000001,0.3082740213523132,0.9094750889679716,0.40647241992882566,0.3859
100000005022964100,2,False,1,20000.0,1,0,0.0,0,0.0,False,False,0,10,0.0,1,1,0.0003273647858899897,0.0,0,peripheral,0.9,"Признаков роли не выявлено: вход 1 (20 тыс ₸), выход 0 (0 ₸)",8,0.09000000000000001,0.20462633451957296,0.9612989323843416,0.4763122775800712,0.384
100000003112436100,2,False,1,100000.0,1,0,0.0,0,0.0,False,False,0,7,0.0,1,1,0.0003021326407143058,0.0,0,peripheral,0.9,"Признаков роли не выявлено: вход 1 (100 тыс ₸), выход 0 (0 ₸)",19,0.09000000000000001,0.5798487544483986,0.5433718861209964,0.39601868327402134,0.3768
100000000489417100,2,False,3,73504.0,3,1,80000.0,1,1.0883761427949499,False,False,0,7,0.27209403569873747,2,2,0.0005517574141078733,8.069902048085485e-06,0,transit,0.722,"Признаки транзита: пропускает 109% полученного (74 тыс ₸), 27% уходит дальше за ≤2 дня",1,0.4332,0.6596975088967971,0.5433718861209964,0.8220640569395018,0.6527
100000002217161100,2,False,2,404750.0,15,7,995132.0,19,2.4586337245213095,False,True,0,7,0.7384805435453984,1,21,0.0008915694561715996,8.548530721282281e-05,0,peripheral,0.65,"Признаков роли не выявлено: вход 2 (405 тыс ₸), выход 7 (995 тыс ₸)",31,0.065,0.9479537366548043,0.5433718861209964,0.9478425266903915,0.614
100000002469065100,2,False,1,200000.0,1,0,0.0,0,0.0,False,False,0,7,0.0,1,1,0.0003186959872113208,0.0,0,terminal,0.896,"Конечный получатель: 200 тыс ₸ от 1 плательщиков, исходящих нет (колено 2)",19,0.4032,0.7106316725978647,0.5433718861209964,0.4582962633451957,0.5664
100000007337374100,2,False,1,20000.0,2,0,0.0,0,0.0,False,False,0,1,0.0,1,2,0.0002923620404292881,0.0,1,peripheral,0.9,"Признаков роли не выявлено: вход 1 (20 тыс ₸), выход 0 (0 ₸)",5,0.09000000000000001,0.20462633451957296,0.14768683274021352,0.31305604982206403,0.1447
100000003249054100,2,False,7,99700.0,11,1,15000.0,1,0.15045135406218657,False,False,0,7,0.0,2,9,0.0004314632286065654,2.3152270703472843e-05,0,consolidator,0.607,"Признаки консолидации: получает от 7 разных плательщиков, 100 тыс ₸, отдаёт дальше 15% полученного",1,0.51595,0.6080960854092526,0.5433718861209964,0.8138345195729537,0.6704
100000003024542100,2,False,1,8500.0,1,0,0.0,0,0.0,False,False,0,10,0.0,1,1,0.00031794749343884253,0.0,0,peripheral,0.9,"Признаков роли не выявлено: вход 1 (8 тыс ₸), выход 0 (0 ₸)",8,0.09000000000000001,0.05604982206405694,0.9612989323843416,0.45651690391459077,0.3337
100000002718366100,2,False,6,2525000.0,10,0,0.0,0,0.0,False,False,0,9,0.0,3,5,0.0006811994866182293,0.0,0,consolidator,0.558,"Признаки консолидации: получает от 6 разных плательщиков, 2,5 млн ₸, отдаёт дальше 0% полученного",3,0.47430000000000005,0.9777580071174378,0.9094750889679716,0.6457962633451957,0.8142
100000005059998100,2,False,1,18000.0,1,0,0.0,0,0.0,False,False,0,7,0.0,1,1,0.0002959172747769893,0.0,0,peripheral,0.9,"Признаков роли не выявлено: вход 1 (18 тыс ₸), выход 0 (0 ₸)",1,0.09000000000000001,0.1834964412811388,0.5433718861209964,0.35153469750889677,0.2446
100000004071070100,2,False,2,41000.0,5,1,6000.0,1,0.14634146341463414,False,False,0,7,0.14634146341463414,1,6,0.0011875923340219298,0.0,0,terminal,0.725,"Конечный получатель: 41 тыс ₸ от 2 плательщиков, дальше уходит 15% (колено 2)",1,0.32625,0.40636120996441283,0.5433718861209964,0.6731539145907474,0.4929
100000001584286100,2,False,2,738699.0,3,0,0.0,0,0.0,False,False,0,8,0.0,1,2,0.00032848499407064284,0.0,0,terminal,0.98,"Конечный получатель: 739 тыс ₸ от 2 плательщиков, исходящих нет (колено 2)",11,0.441,0.8994661921708185,0.8387455516014235,0.47764679715302494,0.7175
100000008701256100,2,False,1,58250.0,1,0,0.0,0,0.0,False,False,0,7,0.0,1,1,0.0003037426349007179,0.0,0,peripheral,0.9,"Признаков роли не выявлено: вход 1 (58 тыс ₸), выход 0 (0 ₸)",1,0.09000000000000001,0.4679715302491103,0.5433718861209964,0.4058051601423488,0.345
100000001490461100,2,False,1,20000.0,1,1,5000.0,1,0.25,False,False,0,9,0.0,1,2,0.00032099043429899374,1.3357079252003563e-05,0,peripheral,0.9,"Признаков роли не выявлено: вход 1 (20 тыс ₸), выход 1 (5 тыс ₸)",15,0.09000000000000001,0.26045373665480426,0.9094750889679716,0.7055160142348755,0.4445
100000008531186100,2,False,1,125000.0,1,0,0.0,0,0.0,False,False,0,9,0.0,1,1,0.0003619550454860551,0.0,0,peripheral,0.9,"Признаков роли не выявлено: вход 1 (125 тыс ₸), выход 0 (0 ₸)",8,0.09000000000000001,0.6207740213523132,0.9094750889679716,0.5179048042704626,0.5089
100000004765639100,2,False,1,5000.0,1,2,11000.0,2,2.2,False,True,0,7,1.0,1,2,0.00036185625061452016,0.0,0,peripheral,0.9,"Признаков роли не выявлено: вход 1 (5 тыс ₸), выход 2 (11 тыс ₸)",19,0.09000000000000001,0.15769572953736655,0.5433718861209964,0.5172375444839857,0.2773
100000002983879100,2,False,2,200050.0,2,0,0.0,0,0.0,False,False,0,9,0.0,1,2,0.0003580797764870863,0.0,0,terminal,0.898,"Конечный получатель: 200 тыс ₸ от 2 плательщиков, исходящих нет (колено 2)",8,0.4041,0.7139679715302492,0.9094750889679716,0.5130115658362989,0.6708
100000008734364100,2,False,1,26200.0,1,0,0.0,0,0.0,False,False,0,1,0.0,1,1,0.0002944677917550073,0.0,1,peripheral,0.9,"Признаков роли не выявлено: вход 1 (26 тыс ₸), выход 0 (0 ₸)",5,0.09000000000000001,0.2782473309608541,0.14768683274021352,0.33774466192170816,0.1733
100000003192220100,2,False,1,60000.0,2,0,0.0,0,0.0,False,False,0,7,0.0,1,2,0.0005031715963348392,0.0,0,peripheral,0.9,"Признаков роли не выявлено: вход 1 (60 тыс ₸), выход 0 (0 ₸)",2,0.09000000000000001,0.474644128113879,0.5433718861209964,0.5812944839857651,0.39
100000008060273100,2,False,1,10000.0,2,0,0.0,0,0.0,False,False,0,11,0.0,1,2,0.0002989671315033319,0.0,0,peripheral,0.9,"Признаков роли не выявлено: вход 1 (10 тыс ₸), выход 0 (0 ₸)",8,0.09000000000000001,0.07873665480427046,0.9922153024911032,0.37244217081850534,0.3276
100000008205937100,2,False,1,35000.0,3,0,0.0,0,0.0,False,False,0,10,0.0,1,3,0.00033164706434217267,0.0,0,peripheral,0.9,"Признаков роли не выявлено: вход 1 (35 тыс ₸), выход 0 (0 ₸)",30,0.09000000000000001,0.34363879003558717,0.9612989323843416,0.48231761565836295,0.428
100000005507142100,2,False,3,51000.0,3,3,100000.0,4,1.9607843137254901,False,True,0,1,0.0,1,7,0.000558950097758131,6.233303650934996e-06,0,peripheral,0.7,"Признаков роли не выявлено: вход 3 (51 тыс ₸), выход 3 (100 тыс ₸)",32,0.06999999999999999,0.6548042704626335,0.14768683274021352,0.8266236654804271,0.3998
100000005539910100,2,False,1,102000.0,1,2,22000.0,2,0.21568627450980393,False,False,0,10,0.0,1,2,0.000498726301748055,3.3837934105075694e-05,0,peripheral,0.9,"Признаков роли не выявлено: вход 1 (102 тыс ₸), выход 2 (22 тыс ₸)",8,0.09000000000000001,0.6192170818505338,0.9612989323843416,0.8441948398576512,0.601
100000002459163100,2,False,1,20180.0,1,0,0.0,0,0.0,False,False,0,1,0.0,1,1,0.00036111544422251415,0.0,11,peripheral,0.9,"Признаков роли не выявлено: вход 1 (20 тыс ₸), выход 0 (0 ₸)",42,0.09000000000000001,0.21619217081850534,0.14768683274021352,0.5163478647686833,0.1981
100000004666651100,2,False,1,429250.0,1,0,0.0,0,0.0,False,False,0,10,0.0,1,1,0.00045753888989794294,0.0,0,terminal,0.953,"Конечный получатель: 429 тыс ₸ от 1 плательщиков, исходящих нет (колено 2)",8,0.42885,0.8345195729537367,0.9612989323843416,0.5657250889679716,0.744
100000003927792100,2,False,1,13067.0,1,0,0.0,0,0.0,False,False,0,7,0.0,1,1,0.00028972644169034,0.0,0,peripheral,0.9,"Признаков роли не выявлено: вход 1 (13 тыс ₸), выход 0 (0 ₸)",2,0.09000000000000001,0.11699288256227758,0.5433718861209964,0.2725756227758007,0.2049
100000000607941100,2,False,2,50000.0,3,1,70000.0,4,1.4,False,True,0,7,0.6,1,5,0.0005785720589504693,3.212123267014885e-05,0,peripheral,0.8,"Признаков роли не выявлено: вход 2 (50 тыс ₸), выход 1 (70 тыс ₸)",2,0.08000000000000002,0.6158807829181495,0.5433718861209964,0.8917927046263345,0.505
100000004158362100,2,False,1,12000.0,1,0,0.0,0,0.0,False,False,0,7,0.0,1,1,0.0002913822339326508,0.0,0,peripheral,0.9,"Признаков роли не выявлено: вход 1 (12 тыс ₸), выход 0 (0 ₸)",1,0.09000000000000001,0.1045373665480427,0.5433718861209964,0.3006005338078292,0.208
100000005664922100,2,False,2,22000.0,2,3,537000.0,4,24.40909090909091,False,True,0,1,0.0,1,5,0.0008059658576323338,0.0,0,peripheral,0.8,"Признаков роли не выявлено: вход 2 (22 тыс ₸), выход 3 (537 тыс ₸)",12,0.08000000000000002,0.8776690391459074,0.14768683274021352,0.65625,0.4306
100000007594394100,2,False,6,395385.0,6,1,3376312.0,40,8.539302199122375,False,True,0,9,1.0,2,19,0.0004055854787031871,2.4443455031166517e-05,0,consolidator,0.558,"Признаки консолидации: получает от 6 разных плательщиков, 395 тыс ₸, отдаёт в 8.5× больше видимого входа — есть внешние источники",18,0.47430000000000005,0.9875444839857651,0.9094750889679716,0.8058274021352313,0.8564
100000000979567100,2,False,1,10000.0,1,0,0.0,0,0.0,False,False,0,1,0.0,1,1,0.0005307306769296842,0.0,1,peripheral,0.9,"Признаков роли не выявлено: вход 1 (10 тыс ₸), выход 0 (0 ₸)",5,0.09000000000000001,0.07873665480427046,0.14768683274021352,0.5921930604982206,0.1746
100000002831727100,2,False,1,6000.0,1,1,77000.0,3,12.833333333333334,False,True,0,7,1.0,1,4,0.0002907462180152881,1.0685663401602851e-05,0,peripheral,0.9,"Признаков роли не выявлено: вход 1 (6 тыс ₸), выход 1 (77 тыс ₸)",18,0.09000000000000001,0.5302491103202847,0.5433718861209964,0.5036699288256228,0.388
100000003062895100,2,False,2,328444.0,2,0,0.0,0,0.0,False,False,0,9,0.0,1,2,0.000407650670955185,0.0,0,terminal,0.935,"Конечный получатель: 328 тыс ₸ от 2 плательщиков, исходящих нет (колено 2)",14,0.42075,0.7913701067615658,0.9094750889679716,0.5481539145907474,0.7103
100000008376089100,2,False,1,135000.0,1,0,0.0,0,0.0,False,False,0,7,0.0,1,1,0.000302435334778072,0.0,0,peripheral,0.9,"Признаков роли не выявлено: вход 1 (135 тыс ₸), выход 0 (0 ₸)",11,0.09000000000000001,0.6301156583629893,0.5433718861209964,0.3975756227758007,0.3926
100000003219438100,2,False,1,32000.0,1,0,0.0,0,0.0,False,False,0,7,0.0,1,1,0.0004471556370431053,0.0,0,peripheral,0.9,"Признаков роли не выявлено: вход 1 (32 тыс ₸), выход 0 (0 ₸)",22,0.09000000000000001,0.327846975088968,0.5433718861209964,0.5637233096085409,0.3408
100000000967918100,2,False,1,21200.0,3,0,0.0,0,0.0,False,False,0,7,0.0,1,3,0.00047927096158051775,0.0,0,peripheral,0.9,"Признаков роли не выявлено: вход 1 (21 тыс ₸), выход 0 (0 ₸)",10,0.09000000000000001,0.22486654804270462,0.5433718861209964,0.5732873665480427,0.3116
100000003254723100,2,False,1,269850.0,6,0,0.0,0,0.0,False,False,0,10,0.0,1,6,0.00053004366318591,0.0,0,terminal,0.921,"Конечный получатель: 270 тыс ₸ от 1 плательщиков, исходящих нет (колено 2)",17,0.41445000000000004,0.7620106761565836,0.9612989323843416,0.59019128113879,0.7216
100000003823811100,2,False,1,30000.0,1,3,66130.0,3,2.2043333333333335,False,True,0,7,0.0,1,4,0.0003569753080281231,7.024339566636985e-05,0,peripheral,0.85,"Признаков роли не выявлено: вход 1 (30 тыс ₸), выход 3 (66 тыс ₸)",16,0.085,0.5693950177935944,0.5433718861209964,0.7929270462633452,0.4687
100000008587459100,2,False,2,181507.0,2,2,686500.0,4,3.782223275135394,False,True,0,7,0.0,1,5,0.00030075681163842634,1.2560812736914381e-05,0,peripheral,0.8,"Признаков роли не выявлено: вход 2 (182 тыс ₸), выход 2 (686 тыс ₸)",4,0.08000000000000002,0.9150355871886121,0.5433718861209964,0.6261120996441281,0.5315
100000008603331100,2,False,2,39500.0,3,6,741774.0,6,18.779088607594936,False,True,0,7,1.0,1,6,0.0003442340297094514,0.0001079630320302225,0,peripheral,0.7,"Признаков роли не выявлено: вход 2 (40 тыс ₸), выход 6 (742 тыс ₸)",29,0.06999999999999999,0.905693950177936,0.5433718861209964,0.7858096085409253,0.5635
100000008758168100,2,False,2,75410.0,2,5,1533600.0,5,20.33682535472749,False,True,0,9,0.8673915926269725,1,5,0.0003183672512790776,3.678816696992802e-05,0,peripheral,0.75,"Признаков роли не выявлено: вход 2 (75 тыс ₸), выход 5 (1,5 млн ₸)",3,0.07500000000000001,0.9577402135231317,0.9094750889679716,0.7255338078291815,0.6565
100000003724440100,2,False,2,50000.0,2,0,0.0,0,0.0,False,False,0,7,0.0,1,2,0.00030808789580780914,0.0,0,terminal,0.752,"Конечный получатель: 50 тыс ₸ от 2 плательщиков, исходящих нет (колено 2)",1,0.33840000000000003,0.42838078291814946,0.5433718861209964,0.4218193950177936,0.4433
100000000291906100,2,False,2,388000.0,3,2,455854.0,6,1.1748814432989692,False,False,0,7,0.04639175257731959,1,7,0.0007629373053537487,4.282831022686513e-05,0,transit,0.547,"Признаки транзита: пропускает 117% полученного (388 тыс ₸), 5% уходит дальше за ≤2 дня",38,0.3282,0.9141459074733096,0.5433718861209964,0.9247108540925267,0.7108
100000005077484100,2,False,1,150000.0,1,2,13550.0,2,0.09033333333333333,False,False,0,1,0.0,1,2,0.0005397108639201059,8.904719501335708e-07,3,peripheral,0.9,"Признаков роли не выявлено: вход 1 (150 тыс ₸), выход 2 (14 тыс ₸)",27,0.09000000000000001,0.6712633451957295,0.14768683274021352,0.801267793594306,0.4072
100000004192107100,2,False,1,25000.0,1,0,0.0,0,0.0,False,False,0,8,0.0,1,1,0.0002993001243079831,0.0,0,peripheral,0.9,"Признаков роли не выявлено: вход 1 (25 тыс ₸), выход 0 (0 ₸)",8,0.09000000000000001,0.26045373665480426,0.8387455516014235,0.37533362989323843,0.3463
100000002193259100,2,False,2,48000.0,2,3,58000.0,3,1.2083333333333333,False,True,0,8,0.8333333333333334,1,4,0.0008908421386694424,3.212123267014885e-05,0,peripheral,0.8,"Признаков роли не выявлено: вход 2 (48 тыс ₸), выход 3 (58 тыс ₸)",12,0.08000000000000002,0.5936387900355872,0.8387455516014235,0.926935053380783,0.5792
100000005481280100,2,False,1,32700.0,1,3,50000.0,3,1.529051987767584,False,True,0,7,1.0,1,4,0.0002959725024799912,2.2929652715939447e-05,0,peripheral,0.85,"Признаков роли не выявлено: вход 1 (33 тыс ₸), выход 3 (50 тыс ₸)",2,0.085,0.5286921708185054,0.5433718861209964,0.6072064056939501,0.4108
100000004527381100,2,False,1,119333.17,1,1,273866.11,1,2.2949705433954364,False,True,0,7,1.0,1,1,0.0003754989642558976,0.0,0,peripheral,0.9,"Признаков роли не выявлено: вход 1 (119 тыс ₸), выход 1 (274 тыс ₸)",2,0.09000000000000001,0.8207295373665481,0.5433718861209964,0.5283585409252669,0.483
100000001578517100,2,False,1,30000.0,1,0,0.0,0,0.0,False,False,0,7,0.0,1,1,0.00029053829816639534,0.0,0,peripheral,0.9,"Признаков роли не выявлено: вход 1 (30 тыс ₸), выход 0 (0 ₸)",19,0.09000000000000001,0.3082740213523132,0.5433718861209964,0.2862544483985765,0.2668
100000003741418100,2,False,9,151900.0,13,3,39920.0,3,0.2628044766293614,False,False,0,7,0.0,2,11,0.0006325013799441044,1.8199482542237508e-05,0,consolidator,0.687,"Признаки консолидации: получает от 9 разных плательщиков, 152 тыс ₸, отдаёт дальше 26% полученного",4,0.5839500000000001,0.6997330960854092,0.5433718861209964,0.88567615658363,0.7452
100000008737514100,2,False,1,85000.0,1,0,0.0,0,0.0,False,False,0,7,0.0,1,1,0.0003126112728818023,0.0,0,peripheral,0.9,"Признаков роли не выявлено: вход 1 (85 тыс ₸), выход 0 (0 ₸)",2,0.09000000000000001,0.5375889679715302,0.5433718861209964,0.4382784697508897,0.3743
100000002870463100,2,False,3,207000.0,4,1,10000.0,1,0.04830917874396135,False,False,0,7,0.0,1,4,0.0019299755548282868,1.0707077556716282e-05,0,terminal,0.9,"Конечный получатель: 207 тыс ₸ от 3 плательщиков, дальше уходит 5% (колено 2)",20,0.405,0.7237544483985765,0.5433718861209964,0.9122553380782918,0.6823
100000008545727100,2,False,1,30000.0,1,6,1866500.0,7,62.21666666666667,False,True,0,9,1.0,1,5,0.00033870100433984517,8.427680956621295e-05,0,peripheral,0.7,"Признаков роли не выявлено: вход 1 (30 тыс ₸), выход 6 (1,9 млн ₸)",15,0.06999999999999999,0.9688612099644128,0.9094750889679716,0.7764679715302492,0.6702
100000000425407100,2,False,1,20000.0,1,0,0.0,0,0.0,False,False,0,7,0.0,1,1,0.00030509459327138135,0.0,0,peripheral,0.9,"Признаков роли не выявлено: вход 1 (20 тыс ₸), выход 0 (0 ₸)",8,0.09000000000000001,0.20462633451957296,0.5433718861209964,0.40980871886120995,0.2653
100000001418900100,2,False,1,40140.0,2,0,0.0,0,0.0,False,False,0,1,0.0,1,2,0.00029920233586476936,0.0,1,peripheral,0.9,"Признаков роли не выявлено: вход 1 (40 тыс ₸), выход 0 (0 ₸)",5,0.09000000000000001,0.3741103202846975,0.14768683274021352,0.37466637010676157,0.2117
100000001677929100,2,False,3,126777.0,3,2,286098.0,4,2.2567027142147236,False,True,0,1,0.605606695220742,1,6,0.003334091954588855,0.0,0,peripheral,0.7,"Признаков роли не выявлено: вход 3 (127 тыс ₸), выход 2 (286 тыс ₸)",15,0.06999999999999999,0.8305160142348754,0.14768683274021352,0.6918371886120996,0.4206
100000002539625100,2,False,1,94700.0,1,0,0.0,0,0.0,False,False,0,9,0.0,1,1,0.0003450202078597562,0.0,0,peripheral,0.9,"Признаков роли не выявлено: вход 1 (95 тыс ₸), выход 0 (0 ₸)",14,0.09000000000000001,0.5636120996441281,0.9094750889679716,0.4996663701067615,0.4869
100000001965374100,2,False,2,1759720.0,8,3,3082100.0,5,1.7514718250630783,False,True,0,1,0.07503466460573273,2,9,0.001281655626060873,0.0,0,peripheral,0.8,"Признаков роли не выявлено: вход 2 (1,8 млн ₸), выход 3 (3,1 млн ₸)",12,0.08000000000000002,0.9937722419928826,0.14768683274021352,0.6753781138790036,0.4708
100000001287955100,2,False,1,17520.0,1,4,310000.0,5,17.69406392694064,False,True,0,1,1.0,1,4,0.0002939168313087527,0.0,0,peripheral,0.8,"Признаков роли не выявлено: вход 1 (18 тыс ₸), выход 4 (310 тыс ₸)",11,0.08000000000000002,0.7909252669039146,0.14768683274021352,0.33229537366548045,0.3247
100000005402643100,2,False,1,127800.0,1,1,90000.0,1,0.704225352112676,False,False,0,1,0.0,1,2,0.0002975952292869964,0.0,0,peripheral,0.9,"Признаков роли не выявлено: вход 1 (128 тыс ₸), выход 1 (90 тыс ₸)",16,0.09000000000000001,0.7241992882562278,0.14768683274021352,0.3644350533807829,0.3164
100000008752616100,2,False,2,64510.0,2,7,1265000.0,7,19.6093628894745,False,True,0,9,0.8449852736009921,1,4,0.00031306069757078167,9.200888159035977e-05,0,peripheral,0.65,"Признаков роли не выявлено: вход 2 (65 тыс ₸), выход 7 (1,3 млн ₸)",3,0.065,0.943950177935943,0.9094750889679716,0.7262010676156584,0.6481
100000000733373100,2,False,1,10710.0,1,0,0.0,0,0.0,False,False,0,7,0.0,1,1,0.00030578139777600477,0.0,0,peripheral,0.9,"Признаков роли не выявлено: вход 1 (11 тыс ₸), выход 0 (0 ₸)",2,0.09000000000000001,0.09519572953736655,0.5433718861209964,0.41225533807829184,0.2324
100000008531133100,2,False,1,25000.0,1,3,158271.68,3,6.3308672,False,True,0,7,1.0,1,3,0.0005327484529006037,1.2021371326803206e-05,0,peripheral,0.85,"Признаков роли не выявлено: вход 1 (25 тыс ₸), выход 3 (158 тыс ₸)",2,0.085,0.6912811387900356,0.5433718861209964,0.8347419928825623,0.5163
100000005933757100,2,False,4,1246000.0,6,34,3002628.0,46,2.409813804173355,False,True,0,7,1.0,2,15,0.000997985572013045,0.0010778995823952735,0,distributor,0.75,"Веерное распределение: 34 получателей, 3,0 млн ₸, отдаёт в 2.4× больше видимого входа — есть внешние источники",14,0.6000000000000001,0.9906583629893239,0.5433718861209964,0.9719750889679715,0.8623
100000006490557100,2,False,1,5000.0,1,0,0.0,0,0.0,False,False,0,1,0.0,1,1,0.0002861622896167226,0.0,0,peripheral,0.9,"Признаков роли не выявлено: вход 1 (5 тыс ₸), выход 0 (0 ₸)",15,0.09000000000000001,0.01601423487544484,0.14768683274021352,0.2040702846975089,0.0603
100000008497298100,2,False,1,600000.0,1,0,0.0,0,0.0,False,False,0,1,0.0,1,1,0.00034202908327694116,0.0,0,terminal,0.974,"Конечный получатель: 600 тыс ₸ от 1 плательщиков, исходящих нет (колено 2)",16,0.4383,0.885008896797153,0.14768683274021352,0.4969973309608541,0.5474
100000005168487100,2,False,1,15000.0,1,1,103510.0,14,6.900666666666667,False,True,0,8,1.0,1,12,0.00181254731435578,0.0,0,peripheral,0.9,"Признаков роли не выявлено: вход 1 (15 тыс ₸), выход 1 (104 тыс ₸)",13,0.09000000000000001,0.6134341637010676,0.8387455516014235,0.6824955516014235,0.5296
100000005799271100,2,False,1,45000.0,2,0,0.0,0,0.0,False,False,0,8,0.0,1,2,0.0005366730310712545,0.0,0,peripheral,0.9,"Признаков роли не выявлено: вход 1 (45 тыс ₸), выход 0 (0 ₸)",16,0.09000000000000001,0.39524021352313166,0.8387455516014235,0.6035364768683275,0.4435
100000000912487100,2,False,1,10000.0,1,0,0.0,0,0.0,False,False,0,9,0.0,1,1,0.00029168015431879206,0.0,0,peripheral,0.9,"Признаков роли не выявлено: вход 1 (10 тыс ₸), выход 0 (0 ₸)",8,0.09000000000000001,0.07873665480427046,0.9094750889679716,0.30393683274021355,0.2905
100000007982908100,2,False,1,31080.0,1,0,0.0,0,0.0,False,False,0,1,0.0,1,1,0.0002961252218307346,0.0,1,peripheral,0.9,"Признаков роли не выявлено: вход 1 (31 тыс ₸), выход 0 (0 ₸)",5,0.09000000000000001,0.3211743772241993,0.14768683274021352,0.35286921708185054,0.1902
100000005413948100,2,False,2,28215.0,2,1,5000.0,1,0.177210703526493,False,False,0,9,0.0,1,3,0.0018520392070328206,1.3357079252003563e-05,0,terminal,0.68,"Конечный получатель: 28 тыс ₸ от 2 плательщиков, дальше уходит 18% (колено 2)",14,0.30600000000000005,0.33274021352313166,0.9094750889679716,0.9230427046263345,0.6125
100000000724540100,2,False,1,50000.0,1,1,100000.0,1,2.0,False,True,0,8,0.0,1,2,0.00030963471226613077,1.2466607301869992e-05,0,peripheral,0.9,"Признаков роли не выявлено: вход 1 (50 тыс ₸), выход 1 (100 тыс ₸)",3,0.09000000000000001,0.650355871886121,0.8387455516014235,0.664479537366548,0.5365
100000005730108100,2,False,1,8000.0,1,0,0.0,0,0.0,False,False,0,7,0.0,1,1,0.0003586642630336029,0.0,0,peripheral,0.9,"Признаков роли не выявлено: вход 1 (8 тыс ₸), выход 0 (0 ₸)",10,0.09000000000000001,0.052713523131672595,0.5433718861209964,0.5141236654804271,0.2444
100000002566204100,2,False,1,80805.0,1,0,0.0,0,0.0,False,False,0,1,0.0,1,1,0.00032406945030607917,0.0,0,peripheral,0.9,"Признаков роли не выявлено: вход 1 (81 тыс ₸), выход 0 (0 ₸)",9,0.09000000000000001,0.5222419928825622,0.14768683274021352,0.47141903914590744,0.2808
100000000625169100,2,False,1,10000.0,1,0,0.0,0,0.0,False,False,0,1,0.0,1,1,0.00028896566732328953,0.0,1,peripheral,0.9,"Признаков роли не выявлено: вход 1 (10 тыс ₸), выход 0 (0 ₸)",5,0.09000000000000001,0.07873665480427046,0.14768683274021352,0.2571174377224199,0.0925
100000001114385100,2,False,1,29500.0,1,0,0.0,0,0.0,False,False,0,7,0.0,1,1,0.00029021989549549073,0.0,0,peripheral,0.9,"Признаков роли не выявлено: вход 1 (30 тыс ₸), выход 0 (0 ₸)",4,0.09000000000000001,0.30026690391459077,0.5433718861209964,0.28080516014234874,0.263
100000002964966100,2,False,1,200000.0,1,0,0.0,0,0.0,False,False,0,8,0.0,1,1,0.00039541593494282827,0.0,0,terminal,0.896,"Конечный получатель: 200 тыс ₸ от 1 плательщиков, исходящих нет (колено 2)",8,0.4032,0.7106316725978647,0.8387455516014235,0.5425934163701067,0.6594
100000008771814100,2,False,1,23700.0,1,0,0.0,0,0.0,False,False,0,1,0.0,1,1,0.0002936186984785076,0.0,1,peripheral,0.9,"Признаков роли не выявлено: вход 1 (24 тыс ₸), выход 0 (0 ₸)",5,0.09000000000000001,0.24466192170818504,0.14768683274021352,0.328403024911032,0.1608
100000001241318100,2,False,1,53000.0,1,0,0.0,0,0.0,False,False,0,7,0.0,1,1,0.0005308383624756592,0.0,0,peripheral,0.9,"Признаков роли не выявлено: вход 1 (53 тыс ₸), выход 0 (0 ₸)",1,0.09000000000000001,0.4486209964412811,0.5433718861209964,0.5928603202846975,0.3849
100000001250022100,2,False,1,50000.0,1,0,0.0,0,0.0,False,False,0,1,0.0,1,1,0.0002950458326603053,0.0,0,peripheral,0.9,"Признаков роли не выявлено: вход 1 (50 тыс ₸), выход 0 (0 ₸)",20,0.09000000000000001,0.42838078291814946,0.14768683274021352,0.3433051601423488,0.2207
100000006534886100,2,False,1,71700.0,5,1,167500.0,8,2.336122733612273,False,True,0,7,0.810320781032078,1,8,0.0011276985721232183,0.0,0,peripheral,0.9,"Признаков роли не выявлено: вход 1 (72 тыс ₸), выход 1 (168 тыс ₸)",2,0.09000000000000001,0.7419928825622776,0.5433718861209964,0.6713745551601423,0.4939
100000008655035100,2,False,1,30000.0,1,0,0.0,0,0.0,False,False,0,2,0.0,1,1,0.0005401427143175893,0.0,0,peripheral,0.9,"Признаков роли не выявлено: вход 1 (30 тыс ₸), выход 0 (0 ₸)",15,0.09000000000000001,0.3082740213523132,0.28113879003558717,0.6086521352313168,0.2816
100000005932987100,2,False,1,25000.0,3,0,0.0,0,0.0,False,False,0,7,0.0,1,3,0.0004118086245499584,0.0,0,peripheral,0.9,"Признаков роли не выявлено: вход 1 (25 тыс ₸), выход 0 (0 ₸)",22,0.09000000000000001,0.26045373665480426,0.5433718861209964,0.5501556939501779,0.3168
100000008636603100,2,False,2,35460.0,2,6,159375.0,7,4.494500846023689,False,True,0,7,1.0,1,6,0.0003387006850594576,0.001695795064108119,0,peripheral,0.7,"Признаков роли не выявлено: вход 2 (35 тыс ₸), выход 6 (159 тыс ₸)",2,0.06999999999999999,0.7024021352313167,0.5433718861209964,0.7982651245551602,0.5043
100000008710843100,2,False,2,33944.0,3,13,1985500.0,14,58.49340089559274,False,True,0,8,0.463822766910205,1,12,0.00029287559446499275,0.0007705100906674946,0,distributor,0.554,"Веерное распределение: 13 получателей, 2,0 млн ₸, отдаёт в 58.5× больше видимого входа — есть внешние источники",3,0.44320000000000004,0.9710854092526691,0.8387455516014235,0.6203291814946619,0.7753
100000000917179100,2,False,1,94465.0,2,0,0.0,0,0.0,False,False,0,7,0.0,1,1,0.00042586253334482907,0.0,0,peripheral,0.9,"Признаков роли не выявлено: вход 1 (94 тыс ₸), выход 0 (0 ₸)",14,0.09000000000000001,0.5622775800711743,0.5433718861209964,0.5543816725978647,0.4102
100000004209339100,2,False,1,138500.0,6,2,238500.0,11,1.7220216606498195,False,True,0,8,0.5306859205776173,1,11,0.0008195334277812209,1.0685663401602851e-05,0,peripheral,0.9,"Признаков роли не выявлено: вход 1 (138 тыс ₸), выход 2 (238 тыс ₸)",13,0.09000000000000001,0.8147241992882562,0.8387455516014235,0.8724421708185053,0.6378
100000008765627100,2,False,1,60000.0,1,0,0.0,0,0.0,False,False,0,1,0.0,1,1,0.00029694114034890817,0.0,0,peripheral,0.9,"Признаков роли не выявлено: вход 1 (60 тыс ₸), выход 0 (0 ₸)",20,0.09000000000000001,0.474644128113879,0.14768683274021352,0.3595418149466192,0.2388
100000002443664100,2,False,3,556880.0,3,0,0.0,0,0.0,False,False,0,9,0.0,3,1,0.0003387703864093913,0.0,0,terminal,0.97,"Конечный получатель: 557 тыс ₸ от 3 плательщиков, исходящих нет (колено 2)",3,0.4365,0.8772241992882562,0.9094750889679716,0.4929937722419929,0.7298
100000008144528100,2,False,5,1068202.6,13,0,0.0,0,0.0,False,False,0,7,0.0,2,4,0.001055538276590802,0.0,0,consolidator,0.5,"Признаки консолидации: получает от 5 разных плательщиков, 1,1 млн ₸, отдаёт дальше 0% полученного",2,0.425,0.9332740213523132,0.5433718861209964,0.6691503558718861,0.6955
100000003988112100,2,False,1,92000.0,2,1,64000.0,5,0.6956521739130435,False,False,0,7,1.0,1,3,0.0005045477365705099,0.0,0,peripheral,0.9,"Признаков роли не выявлено: вход 1 (92 тыс ₸), выход 1 (64 тыс ₸)",16,0.09000000000000001,0.6637010676156584,0.5433718861209964,0.5815169039145908,0.4479
100000008008463100,2,False,1,54180.0,1,0,0.0,0,0.0,False,False,0,1,0.0,1,1,0.0002958380712741413,0.0,0,peripheral,0.9,"Признаков роли не выявлено: вход 1 (54 тыс ₸), выход 0 (0 ₸)",20,0.09000000000000001,0.4559608540925267,0.14768683274021352,0.3508674377224199,0.2309
100000006679055100,2,False,1,25000.0,1,0,0.0,0,0.0,False,False,0,9,0.0,1,1,0.0003008464444710437,0.0,0,peripheral,0.9,"Признаков роли не выявлено: вход 1 (25 тыс ₸), выход 0 (0 ₸)",8,0.09000000000000001,0.26045373665480426,0.9094750889679716,0.3886788256227758,0.3669
100000007382543100,2,False,3,218000.0,3,5,427000.0,8,1.9587155963302751,False,True,0,7,0.5045871559633027,1,9,0.0011904909010560457,0.00014131789848619768,0,peripheral,0.7,"Признаков роли не выявлено: вход 3 (218 тыс ₸), выход 5 (427 тыс ₸)",22,0.06999999999999999,0.8919039145907474,0.5433718861209964,0.9635231316725978,0.6028
100000007749092100,2,False,1,7650.0,1,1,70375.0,5,9.199346405228757,False,True,0,7,0.0,1,5,0.0018044164784854861,0.0,0,peripheral,0.9,"Признаков роли не выявлено: вход 1 (8 тыс ₸), выход 1 (70 тыс ₸)",2,0.09000000000000001,0.5182384341637011,0.5433718861209964,0.6820507117437723,0.428
100000004221668100,2,False,4,1128300.0,8,3,731440.0,10,0.6482673047948241,False,False,0,1,0.621554551094567,1,13,0.0030901749053247364,0.0,0,peripheral,0.6,"Признаков роли не выявлено: вход 4 (1,1 млн ₸), выход 3 (731 тыс ₸)",20,0.06,0.9653024911032029,0.14768683274021352,0.6911699288256228,0.4574
100000008174521100,2,False,1,82110.0,1,0,0.0,0,0.0,False,False,0,7,0.0,1,1,0.00044052875483409733,0.0,0,peripheral,0.9,"Признаков роли не выявлено: вход 1 (82 тыс ₸), выход 0 (0 ₸)",2,0.09000000000000001,0.527135231316726,0.5433718861209964,0.5623887900355872,0.4015
100000002692750100,2,False,3,112830.0,3,1,77000.0,8,0.682442612780289,False,False,0,7,0.0,1,10,0.0020142415855483,1.0707077556716282e-05,0,peripheral,0.7,"Признаков роли не выявлено: вход 3 (113 тыс ₸), выход 1 (77 тыс ₸)",20,0.06999999999999999,0.6970640569395018,0.5433718861209964,0.9131450177935942,0.5308
100000002173070100,2,False,1,30000.0,1,0,0.0,0,0.0,False,False,0,7,0.0,1,1,0.00029053829816639534,0.0,0,peripheral,0.9,"Признаков роли не выявлено: вход 1 (30 тыс ₸), выход 0 (0 ₸)",19,0.09000000000000001,0.3082740213523132,0.5433718861209964,0.2862544483985765,0.2668
100000005911352100,2,False,2,15000.0,2,3,24000.0,3,1.6,False,True,0,7,0.0,1,5,0.000551734499856716,5.966162065894925e-05,0,peripheral,0.8,"Признаков роли не выявлено: вход 2 (15 тыс ₸), выход 3 (24 тыс ₸)",2,0.08000000000000002,0.3638790035587189,0.5433718861209964,0.8943505338078291,0.4285
100000003068941100,2,False,3,94000.0,3,1,25000.0,2,0.26595744680851063,False,False,0,7,0.5319148936170213,1,4,0.000320174383735057,1.0685663401602851e-05,0,peripheral,0.7,"Признаков роли не выявлено: вход 3 (94 тыс ₸), выход 1 (25 тыс ₸)",10,0.06999999999999999,0.6143238434163701,0.5433718861209964,0.6784919928825623,0.448
100000001420847100,2,False,1,20000.0,2,0,0.0,0,0.0,False,False,0,7,0.0,1,2,0.00030282570687728154,0.0,0,peripheral,0.9,"Признаков роли не выявлено: вход 1 (20 тыс ₸), выход 0 (0 ₸)",18,0.09000000000000001,0.20462633451957296,0.5433718861209964,0.40002224199288255,0.263
100000005602999100,2,False,1,5000.0,1,2,16000.0,3,3.2,False,True,0,8,1.0,1,3,0.0003048459777394544,2.1371326803205702e-05,0,peripheral,0.9,"Признаков роли не выявлено: вход 1 (5 тыс ₸), выход 2 (16 тыс ₸)",13,0.09000000000000001,0.22197508896797152,0.8387455516014235,0.6581405693950177,0.4038
100000000723383100,2,False,1,6800.0,1,2,75000.0,2,11.029411764705882,False,True,0,7,0.0,1,2,0.0003893195549175227,0.0001406945681211042,0,peripheral,0.9,"Признаков роли не выявлено: вход 1 (7 тыс ₸), выход 2 (75 тыс ₸)",19,0.09000000000000001,0.5266903914590747,0.5433718861209964,0.826067615658363,0.4659
100000006977207100,2,False,1,414000.0,1,15,4157018.0,15,10.041106280193237,False,True,0,1,0.0,1,11,0.00034788547570970175,4.9193072996690914e-05,0,distributor,0.583,"Веерное распределение: 15 получателей, 4,2 млн ₸, отдаёт в 10.0× больше видимого входа — есть внешние источники",21,0.4664,0.9919928825622776,0.14768683274021352,0.7773576512455516,0.6608
100000001273783100,2,False,1,23200.0,1,0,0.0,0,0.0,False,False,0,1,0.0,1,1,0.0002966231104571262,0.0,0,peripheral,0.9,"Признаков роли не выявлено: вход 1 (23 тыс ₸), выход 0 (0 ₸)",9,0.09000000000000001,0.23754448398576514,0.14768683274021352,0.35731761565836295,0.1657
100000000201868100,2,False,1,190000.0,1,1,190000.0,1,1.0,False,False,0,7,1.0,1,2,0.0009746432509228604,0.0,0,transit,1.0,"Признаки транзита: пропускает 100% полученного (190 тыс ₸), 100% уходит дальше за ≤2 дня",2,0.6,0.8169483985765125,0.5433718861209964,0.6669261565836299,0.7344
100000007777377100,2,False,1,456290.0,7,2,10000.0,2,0.021915886826360427,False,False,0,7,0.0,1,7,0.0003611461879485204,7.479964381121995e-05,0,terminal,0.958,"Конечный получатель: 456 тыс ₸ от 1 плательщиков, дальше уходит 2% (колено 2)",19,0.4311,0.8518683274021353,0.5433718861209964,0.7984875444839858,0.7049
100000004192865100,2,False,1,66666.0,1,0,0.0,0,0.0,False,False,0,1,0.0,1,1,0.0005558092873800479,0.0,3,peripheral,0.9,"Признаков роли не выявлено: вход 1 (67 тыс ₸), выход 0 (0 ₸)",27,0.09000000000000001,0.4928825622775801,0.14768683274021352,0.6202179715302492,0.3082
100000006901046100,2,False,1,75800.0,3,1,5500.0,1,0.07255936675461741,False,False,0,7,0.0,1,3,0.0029998776847225033,0.0,0,peripheral,0.9,"Признаков роли не выявлено: вход 1 (76 тыс ₸), выход 1 (6 тыс ₸)",2,0.09000000000000001,0.5237989323843416,0.5433718861209964,0.6909475088967971,0.4319
100000000437046100,2,False,9,1107200.0,20,42,7606224.0,73,6.86978323699422,False,True,0,7,0.8645231213872833,3,21,0.0007924860106097876,0.0011950777974953537,0,coordinator,0.74,"Признаки координации: получает от 9 плательщиков (1,1 млн ₸), рассылает 42 получателям (7,6 млн ₸)",1,0.74,0.9977758007117438,0.5433718861209964,0.9599644128113879,0.9215
100000008765494100,2,False,1,24000.0,1,0,0.0,0,0.0,False,False,0,1,0.0,1,1,0.0002937205896716876,0.0,1,peripheral,0.9,"Признаков роли не выявлено: вход 1 (24 тыс ₸), выход 0 (0 ₸)",5,0.09000000000000001,0.24822064056939502,0.14768683274021352,0.33018238434163705,0.1623
100000008713270100,2,False,1,30000.0,1,3,190000.0,3,6.333333333333333,False,True,0,1,1.0,1,3,0.00029125521728309953,0.0,0,peripheral,0.85,"Признаков роли не выявлено: вход 1 (30 тыс ₸), выход 3 (190 тыс ₸)",20,0.085,0.7262010676156584,0.14768683274021352,0.2979314946619217,0.2986
100000003603979100,2,False,1,165000.0,3,0,0.0,0,0.0,False,False,0,1,0.0,1,3,0.0005856463349534348,0.0,2,peripheral,0.9,"Признаков роли не выявлено: вход 1 (165 тыс ₸), выход 0 (0 ₸)",24,0.09000000000000001,0.6737099644128114,0.14768683274021352,0.6300044483985765,0.366
100000000943371100,2,False,1,15500.0,1,0,0.0,0,0.0,False,False,0,10,0.0,1,1,0.00030597516384402423,0.0,0,peripheral,0.9,"Признаков роли не выявлено: вход 1 (16 тыс ₸), выход 0 (0 ₸)",30,0.09000000000000001,0.1472419928825623,0.9612989323843416,0.4131450177935943,0.351
100000008672480100,2,False,1,13000.0,1,0,0.0,0,0.0,False,False,0,1,0.0,1,1,0.0002899845792550891,0.0,1,peripheral,0.9,"Признаков роли не выявлено: вход 1 (13 тыс ₸), выход 0 (0 ₸)",5,0.09000000000000001,0.11543594306049822,0.14768683274021352,0.27691281138790036,0.1086
100000008691168100,2,False,1,24000.0,1,0,0.0,0,0.0,False,False,0,1,0.0,1,1,0.0002937205896716876,0.0,1,peripheral,0.9,"Признаков роли не выявлено: вход 1 (24 тыс ₸), выход 0 (0 ₸)",5,0.09000000000000001,0.24822064056939502,0.14768683274021352,0.33018238434163705,0.1623
100000003237045100,2,False,1,340200.0,2,1,150000.0,1,0.4409171075837742,False,False,0,7,0.0,1,2,0.00039413443206538995,0.0,0,peripheral,0.9,"Признаков роли не выявлено: вход 1 (340 тыс ₸), выход 1 (150 тыс ₸)",2,0.09000000000000001,0.8589857651245552,0.5433718861209964,0.5408140569395018,0.4978
100000008736394100,2,False,1,16000.0,1,0,0.0,0,0.0,False,False,0,1,0.0,1,1,0.00029100349118688865,0.0,1,peripheral,0.9,"Признаков роли не выявлено: вход 1 (16 тыс ₸), выход 0 (0 ₸)",5,0.09000000000000001,0.15769572953736655,0.14768683274021352,0.29270462633451955,0.1254
100000004160650100,2,False,2,75100.0,4,10,1489827.0,40,19.83790945406125,False,True,0,1,1.0,1,16,0.0003692276667102102,0.0,2,distributor,0.5,"Веерное распределение: 10 получателей, 1,5 млн ₸, отдаёт в 19.8× больше видимого входа — есть внешние источники",24,0.4,0.9555160142348754,0.14768683274021352,0.5239101423487544,0.5591
100000000629812100,2,False,2,22000.0,2,0,0.0,0,0.0,False,False,0,10,0.0,1,2,0.0002979840074392023,0.0,0,terminal,0.643,"Конечный получатель: 22 тыс ₸ от 2 плательщиков, исходящих нет (колено 2)",19,0.28935,0.2284252669039146,0.9612989323843416,0.36665925266903915,0.4499
100000000955444100,2,False,1,6910.0,1,0,0.0,0,0.0,False,False,0,1,0.0,1,1,0.0003525283441776959,0.0,4,peripheral,0.9,"Признаков роли не выявлено: вход 1 (7 тыс ₸), выход 0 (0 ₸)",35,0.09000000000000001,0.04359430604982206,0.14768683274021352,0.5078959074733096,0.1432
100000008731444100,2,False,3,439000.0,5,9,879767.8,9,2.0040268792710707,False,True,0,7,1.0,1,8,0.00035336188519380433,7.001107504540132e-05,0,peripheral,0.55,"Признаков роли не выявлено: вход 3 (439 тыс ₸), выход 9 (880 тыс ₸)",10,0.05500000000000001,0.9430604982206405,0.5433718861209964,0.7887010676156583,0.5692
100000008413748100,2,False,2,26480.0,2,18,1377320.22,21,52.01360347432024,False,True,0,7,1.0,2,5,0.00039089149206356923,0.00015660653016265894,0,distributor,0.62,"Веерное распределение: 18 получателей, 1,4 млн ₸, отдаёт в 52.0× больше видимого входа — есть внешние источники",6,0.496,0.9483985765124555,0.5433718861209964,0.8289590747330962,0.7697
100000006787636100,2,False,1,20000.0,1,0,0.0,0,0.0,False,False,0,7,0.0,1,1,0.0003581033949231403,0.0,0,peripheral,0.9,"Признаков роли не выявлено: вход 1 (20 тыс ₸), выход 0 (0 ₸)",2,0.09000000000000001,0.20462633451957296,0.5433718861209964,0.5132339857651246,0.2907
100000005942793100,2,False,4,55000.0,4,0,0.0,0,0.0,False,False,0,7,0.0,2,2,0.0003322322681540015,0.0,0,terminal,0.769,"Конечный получатель: 55 тыс ₸ от 4 плательщиков, исходящих нет (колено 2)",4,0.34605,0.45951957295373663,0.5433718861209964,0.4834297153024911,0.4712
100000008730846100,2,False,7,155042.0,11,3,363370.0,4,2.343687516930896,False,True,0,8,1.0,4,4,0.0005360575471708012,8.726625111308994e-05,0,consolidator,0.607,"Признаки консолидации: получает от 7 разных плательщиков, 155 тыс ₸, отдаёт в 2.3× больше видимого входа — есть внешние источники",13,0.51595,0.8692170818505338,0.8387455516014235,0.8879003558718861,0.8408
100000002570206100,2,False,2,166959.6,2,0,0.0,0,0.0,False,False,0,7,0.0,1,2,0.0003185104657273645,0.0,0,terminal,0.877,"Конечный получатель: 167 тыс ₸ от 2 плательщиков, исходящих нет (колено 2)",6,0.39465,0.6766014234875445,0.5433718861209964,0.4576290035587188,0.5521
100000000785800100,2,False,1,19000.0,1,1,19000.0,1,1.0,False,False,0,1,1.0,1,1,0.0003566979785631403,0.0,11,peripheral,0.9,"Признаков роли не выявлено: вход 1 (19 тыс ₸), выход 1 (19 тыс ₸)",42,0.09000000000000001,0.36076512455516013,0.14768683274021352,0.5116770462633452,0.2412
100000007382152100,2,False,1,5860.0,1,0,0.0,0,0.0,False,False,0,7,0.0,1,1,0.0002864808806193007,0.0,0,peripheral,0.9,"Признаков роли не выявлено: вход 1 (6 тыс ₸), выход 0 (0 ₸)",4,0.09000000000000001,0.03291814946619217,0.5433718861209964,0.20940836298932386,0.1637
100000000910216100,2,False,1,71000.0,3,1,52010.0,1,0.7325352112676057,False,False,0,7,0.0,1,4,0.00032323954910943236,0.0001882349508338194,0,peripheral,0.9,"Признаков роли не выявлено: вход 1 (71 тыс ₸), выход 1 (52 тыс ₸)",1,0.09000000000000001,0.6183274021352313,0.5433718861209964,0.7624555160142349,0.4784
100000003131016100,2,False,1,405700.0,7,1,126000.0,4,0.31057431599704216,False,False,0,7,0.0,1,9,0.0016774572234080627,0.0,0,peripheral,0.9,"Признаков роли не выявлено: вход 1 (406 тыс ₸), выход 1 (126 тыс ₸)",1,0.09000000000000001,0.8727758007117438,0.5433718861209964,0.6809386120996441,0.5363
100000003221384100,2,False,1,511200.0,1,0,0.0,0,0.0,False,False,0,7,0.0,1,1,0.00044820293531491734,0.0,0,terminal,0.966,"Конечный получатель: 511 тыс ₸ от 1 плательщиков, исходящих нет (колено 2)",2,0.4347,0.8678825622775801,0.5433718861209964,0.5639457295373665,0.6539
100000002156381100,2,False,2,61000.0,7,1,21800.0,3,0.35737704918032787,False,False,0,8,0.08196721311475409,2,8,0.0010807758307164093,2.1371326803205702e-05,0,peripheral,0.8,"Признаков роли не выявлено: вход 2 (61 тыс ₸), выход 1 (22 тыс ₸)",13,0.08000000000000002,0.5293594306049823,0.8387455516014235,0.9192615658362989,0.5576
100000002779485100,2,False,1,91000.0,2,0,0.0,0,0.0,False,False,0,7,0.0,1,2,0.0005469132844919467,0.0,0,peripheral,0.9,"Признаков роли не выявлено: вход 1 (91 тыс ₸), выход 0 (0 ₸)",17,0.09000000000000001,0.5564946619217082,0.5433718861209964,0.6126556939501779,0.4228
100000008774237100,2,False,1,50000.0,1,1,10000.0,1,0.2,False,False,0,1,0.0,1,2,0.0003103490467286019,0.0,2,peripheral,0.9,"Признаков роли не выявлено: вход 1 (50 тыс ₸), выход 1 (10 тыс ₸)",24,0.09000000000000001,0.474644128113879,0.14768683274021352,0.42938167259786475,0.2559
100000002628146100,2,False,1,30500.0,2,0,0.0,0,0.0,False,False,0,8,0.0,1,1,0.0003192156684704561,0.0,0,peripheral,0.9,"Признаков роли не выявлено: вход 1 (30 тыс ₸), выход 0 (0 ₸)",9,0.09000000000000001,0.3167259786476868,0.8387455516014235,0.4602980427046264,0.3844
100000002852402100,2,False,1,55000.0,1,0,0.0,0,0.0,False,False,0,7,0.0,1,1,0.00032701738322827895,0.0,0,peripheral,0.9,"Признаков роли не выявлено: вход 1 (55 тыс ₸), выход 0 (0 ₸)",2,0.09000000000000001,0.45951957295373663,0.5433718861209964,0.47520017793594305,0.3594
100000006989106100,2,False,1,64000.0,2,0,0.0,0,0.0,False,False,0,1,0.0,1,2,0.0004956408524122075,0.0,0,peripheral,0.9,"Признаков роли не выявлено: вход 1 (64 тыс ₸), выход 0 (0 ₸)",15,0.09000000000000001,0.4844306049822064,0.14768683274021352,0.5788478647686833,0.2955
100000002958343100,2,False,1,2900000.0,4,2,1390000.0,17,0.4793103448275862,False,False,0,1,0.034482758620689655,1,15,0.0006295066258876751,0.0,0,peripheral,0.9,"Признаков роли не выявлено: вход 1 (2,9 млн ₸), выход 2 (1,4 млн ₸)",15,0.09000000000000001,0.9911032028469751,0.14768683274021352,0.6389012455516014,0.4653
100000008461532100,2,False,2,565300.0,2,8,2530090.0,9,4.475658942154608,False,True,0,7,1.0,1,3,0.0007452506208527072,0.0001495992876224399,0,peripheral,0.6,"Признаков роли не выявлено: вход 2 (565 тыс ₸), выход 8 (2,5 млн ₸)",26,0.06,0.9839857651245552,0.5433718861209964,0.9431717081850534,0.6217
100000004400305100,2,False,7,222800.0,9,82,5830181.0,101,26.167778276481148,False,True,0,7,1.0,2,22,0.00038581745349325076,0.0021483353710477454,0,coordinator,0.768,"Признаки координации: получает от 7 плательщиков (223 тыс ₸), рассылает 82 получателям (5,8 млн ₸)",10,0.768,0.9968861209964412,0.5433718861209964,0.8403024911032029,0.9039
100000000297649100,2,False,1,40000.0,1,1,70600.0,2,1.765,False,True,0,8,0.0,1,3,0.0008091385858414708,0.0,0,peripheral,0.9,"Признаков роли не выявлено: вход 1 (40 тыс ₸), выход 1 (71 тыс ₸)",12,0.09000000000000001,0.6005338078291815,0.8387455516014235,0.6569172597864769,0.5194
100000003191430100,2,False,1,180000.0,1,0,0.0,0,0.0,False,False,0,7,0.0,1,1,0.0005307375952815097,0.0,0,peripheral,0.9,"Признаков роли не выявлено: вход 1 (180 тыс ₸), выход 0 (0 ₸)",2,0.09000000000000001,0.6886120996441281,0.5433718861209964,0.5924154804270463,0.4582
100000003275398100,2,False,1,300000.0,1,1,20000.0,1,0.06666666666666667,False,False,0,1,0.0,1,2,0.000434247809285157,0.0,2,terminal,0.93,"Конечный получатель: 300 тыс ₸ от 1 плательщиков, дальше уходит 7% (колено 2)",24,0.41850000000000004,0.7891459074733096,0.14768683274021352,0.5597197508896797,0.5249
100000005203590100,2,False,1,90000.0,1,0,0.0,0,0.0,False,False,0,1,0.0,1,1,0.0003026270634147168,0.0,0,peripheral,0.9,"Признаков роли не выявлено: вход 1 (90 тыс ₸), выход 0 (0 ₸)",20,0.09000000000000001,0.5513790035587188,0.14768683274021352,0.39891014234875444,0.2719
100000008672603100,2,False,1,21200.0,1,0,0.0,0,0.0,False,False,0,8,0.0,1,1,0.00029721303813419784,0.0,0,peripheral,0.9,"Признаков роли не выявлено: вход 1 (21 тыс ₸), выход 0 (0 ₸)",8,0.09000000000000001,0.22486654804270462,0.8387455516014235,0.3622108540925267,0.3322
100000000718427100,2,False,1,6000.0,1,0,0.0,0,0.0,False,False,0,1,0.0,1,1,0.00028760711808089006,0.0,1,peripheral,0.9,"Признаков роли не выявлено: вход 1 (6 тыс ₸), выход 0 (0 ₸)",5,0.09000000000000001,0.03536476868327402,0.14768683274021352,0.2265346975088968,0.0717
100000003104347100,2,False,1,418000.0,1,1,32000.0,1,0.07655502392344497,False,False,0,7,0.0,1,2,0.00036431706006781635,1.0685663401602851e-05,0,terminal,0.951,"Конечный получатель: 418 тыс ₸ от 1 плательщиков, дальше уходит 8% (колено 2)",23,0.42795,0.8440836298932385,0.5433718861209964,0.7345418149466192,0.6855
100000002974256100,2,False,1,7200.0,1,0,0.0,0,0.0,False,False,0,1,0.0,1,1,0.0005319059485796735,0.0,0,peripheral,0.9,"Признаков роли не выявлено: вход 1 (7 тыс ₸), выход 0 (0 ₸)",12,0.09000000000000001,0.04848754448398576,0.14768683274021352,0.5961966192170819,0.1663
100000007173936100,2,False,1,10000.0,1,0,0.0,0,0.0,False,False,0,7,0.0,1,1,0.00028681863055512655,0.0,0,peripheral,0.9,"Признаков роли не выявлено: вход 1 (10 тыс ₸), выход 0 (0 ₸)",11,0.09000000000000001,0.07873665480427046,0.5433718861209964,0.21363434163701067,0.1788
100000002744581100,2,False,1,12000.0,1,0,0.0,0,0.0,False,False,0,1,0.0,1,1,0.00032495771137883774,0.0,0,peripheral,0.9,"Признаков роли не выявлено: вход 1 (12 тыс ₸), выход 0 (0 ₸)",15,0.09000000000000001,0.1045373665480427,0.14768683274021352,0.47275355871886127,0.1532
100000000596954100,2,False,1,120000.0,1,2,48100.0,2,0.4008333333333333,False,False,0,10,0.0,1,2,0.0005156144546495897,3.7474771448506984e-05,0,peripheral,0.9,"Признаков роли не выявлено: вход 1 (120 тыс ₸), выход 2 (48 тыс ₸)",8,0.09000000000000001,0.6783807829181495,0.9612989323843416,0.8534252669039146,0.6214
100000004950490100,2,False,1,10000.0,1,0,0.0,0,0.0,False,False,0,1,0.0,1,1,0.0003306416631354998,0.0,0,peripheral,0.9,"Признаков роли не выявлено: вход 1 (10 тыс ₸), выход 0 (0 ₸)",15,0.09000000000000001,0.07873665480427046,0.14768683274021352,0.4807606761565836,0.1473
100000008772058100,2,False,1,50000.0,1,0,0.0,0,0.0,False,False,0,1,0.0,1,1,0.000302551159747284,0.0,1,peripheral,0.9,"Признаков роли не выявлено: вход 1 (50 тыс ₸), выход 0 (0 ₸)",5,0.09000000000000001,0.42838078291814946,0.14768683274021352,0.39868772241992884,0.2342
100000000971908100,2,False,1,89000.0,1,0,0.0,0,0.0,False,False,0,1,0.0,1,1,0.0003024375326458565,0.0,0,peripheral,0.9,"Признаков роли не выявлено: вход 1 (89 тыс ₸), выход 0 (0 ₸)",20,0.09000000000000001,0.5473754448398577,0.14768683274021352,0.3977980427046264,0.2704
100000008687492100,2,False,1,15000.0,1,0,0.0,0,0.0,False,False,0,1,0.0,1,1,0.0002906638538762888,0.0,1,peripheral,0.9,"Признаков роли не выявлено: вход 1 (15 тыс ₸), выход 0 (0 ₸)",5,0.09000000000000001,0.13856761565836298,0.14768683274021352,0.2879225978647687,0.1184
100000003159641100,2,False,4,64000.0,7,1,197800.0,1,3.090625,False,True,0,7,0.234375,1,5,0.0003052153968344313,3.4798002059327916e-05,0,peripheral,0.6,"Признаков роли не выявлено: вход 4 (64 тыс ₸), выход 1 (198 тыс ₸)",2,0.06,0.7575622775800712,0.5433718861209964,0.6771574733096085,0.4872
100000005326681100,2,False,1,31228.0,1,0,0.0,0,0.0,False,False,0,7,0.0,1,1,0.0002955041990377069,0.0,0,peripheral,0.9,"Признаков роли не выявлено: вход 1 (31 тыс ₸), выход 0 (0 ₸)",2,0.09000000000000001,0.322508896797153,0.5433718861209964,0.34708629893238435,0.2861
100000006888238100,2,False,1,18000.0,1,1,30000.0,1,1.6666666666666667,False,True,0,1,0.0,1,2,0.0006097535591566922,1.7809439002671417e-06,10,peripheral,0.9,"Признаков роли не выявлено: вход 1 (18 тыс ₸), выход 1 (30 тыс ₸)",43,0.09000000000000001,0.41370106761565834,0.14768683274021352,0.8330738434163701,0.3361
100000001290243100,2,False,1,10000.0,1,0,0.0,0,0.0,False,False,0,7,0.0,1,1,0.00031994897355357534,0.0,0,peripheral,0.9,"Признаков роли не выявлено: вход 1 (10 тыс ₸), выход 0 (0 ₸)",2,0.09000000000000001,0.07873665480427046,0.5433718861209964,0.46274466192170816,0.2398
100000008289539100,2,False,1,14912.0,1,0,0.0,0,0.0,False,False,0,7,0.0,1,1,0.0002903134116978226,0.0,0,peripheral,0.9,"Признаков роли не выявлено: вход 1 (15 тыс ₸), выход 0 (0 ₸)",2,0.09000000000000001,0.13256227758007116,0.5433718861209964,0.28169483985765126,0.2119
100000000821507100,2,False,1,400000.0,1,0,0.0,0,0.0,False,False,0,7,0.0,1,1,0.0003355427477307164,0.0,0,terminal,0.949,"Конечный получатель: 400 тыс ₸ от 1 плательщиков, исходящих нет (колено 2)",11,0.42705,0.8256227758007118,0.5433718861209964,0.48765569395017794,0.619
100000003086040100,2,False,1,10500.0,1,0,0.0,0,0.0,False,False,0,7,0.0,1,1,0.0005480623170204784,0.0,0,peripheral,0.9,"Признаков роли не выявлено: вход 1 (10 тыс ₸), выход 0 (0 ₸)",1,0.09000000000000001,0.0947508896797153,0.5433718861209964,0.613767793594306,0.2817
100000002969048100,2,False,1,108470.0,1,0,0.0,0,0.0,False,False,0,1,0.0,1,1,0.00030612769671556627,0.0,0,peripheral,0.9,"Признаков роли не выявлено: вход 1 (108 тыс ₸), выход 0 (0 ₸)",20,0.09000000000000001,0.5960854092526691,0.14768683274021352,0.41381227758007116,0.2893
100000002826669100,2,False,1,159900.0,4,0,0.0,0,0.0,False,False,0,7,0.0,1,4,0.0004762394546257399,0.0,0,peripheral,0.9,"Признаков роли не выявлено: вход 1 (160 тыс ₸), выход 0 (0 ₸)",1,0.09000000000000001,0.6661476868327402,0.5433718861209964,0.5717304270462633,0.4463
100000002293421100,2,False,2,41000.0,6,2,47000.0,5,1.146341463414634,False,False,0,7,0.4878048780487805,1,8,0.0009748338691844299,1.1576135351736421e-05,0,peripheral,0.8,"Признаков роли не выявлено: вход 2 (41 тыс ₸), выход 2 (47 тыс ₸)",19,0.08000000000000002,0.5453736654804271,0.5433718861209964,0.9008007117437722,0.4856
100000004732589100,2,False,1,227520.0,1,0,0.0,0,0.0,False,False,0,1,0.0,1,1,0.0003939729265831237,0.0,0,terminal,0.906,"Конечный получатель: 228 тыс ₸ от 1 плательщиков, исходящих нет (колено 2)",9,0.4077,0.7295373665480427,0.14768683274021352,0.5405916370106761,0.4973
100000003003821100,2,False,1,40000.0,1,0,0.0,0,0.0,False,False,0,10,0.0,1,1,0.0004379372905540045,0.0,0,peripheral,0.9,"Признаков роли не выявлено: вход 1 (40 тыс ₸), выход 0 (0 ₸)",8,0.09000000000000001,0.37055160142348753,0.9612989323843416,0.5610542704626335,0.4555
100000005237935150,2,False,1,34508.0,1,0,0.0,0,0.0,False,False,0,1,0.0,1,1,0.0002979773495560411,0.0,0,peripheral,0.9,"Признаков роли не выявлено: вход 1 (35 тыс ₸), выход 0 (0 ₸)",9,0.09000000000000001,0.33941281138790036,0.14768683274021352,0.36643683274021355,0.1991
100000004463277100,2,False,1,35000.0,1,0,0.0,0,0.0,False,False,0,1,0.0,1,1,0.000691924518979246,0.0,3,peripheral,0.9,"Признаков роли не выявлено: вход 1 (35 тыс ₸), выход 0 (0 ₸)",27,0.09000000000000001,0.34363879003558717,0.14768683274021352,0.6469083629893239,0.2691
100000006523053100,2,False,1,5000.0,1,0,0.0,0,0.0,False,False,0,10,0.0,1,1,0.0005386541417252824,0.0,0,peripheral,0.9,"Признаков роли не выявлено: вход 1 (5 тыс ₸), выход 0 (0 ₸)",8,0.09000000000000001,0.01601423487544484,0.9612989323843416,0.6059830960854092,0.358
100000001954903100,2,False,1,27118.0,1,0,0.0,0,0.0,False,False,0,1,0.0,1,1,0.000298489871320388,0.0,0,peripheral,0.9,"Признаков роли не выявлено: вход 1 (27 тыс ₸), выход 0 (0 ₸)",9,0.09000000000000001,0.28825622775800713,0.14768683274021352,0.3688834519572954,0.184
100000005328215100,2,False,1,27000.0,1,0,0.0,0,0.0,False,False,0,1,0.0,1,1,0.00029843364932399574,0.0,0,peripheral,0.9,"Признаков роли не выявлено: вход 1 (27 тыс ₸), выход 0 (0 ₸)",9,0.09000000000000001,0.28536476868327404,0.14768683274021352,0.36821619217081847,0.183
100000004424023100,2,False,1,50000.0,1,1,100000.0,1,2.0,False,True,0,9,0.0,1,2,0.000971714391152961,1.2466607301869992e-05,0,peripheral,0.9,"Признаков роли не выявлено: вход 1 (50 тыс ₸), выход 1 (100 тыс ₸)",9,0.09000000000000001,0.650355871886121,0.9094750889679716,0.9040258007117438,0.6125
100000002299948100,2,False,1,6750.0,1,0,0.0,0,0.0,False,False,0,8,0.0,1,1,0.00029301562294545036,0.0,0,peripheral,0.9,"Признаков роли не выявлено: вход 1 (7 тыс ₸), выход 0 (0 ₸)",9,0.09000000000000001,0.04203736654804271,0.8387455516014235,0.3203959074733096,0.266
100000005105153100,2,False,1,30000.0,1,0,0.0,0,0.0,False,False,0,7,0.0,1,1,0.0004010169668275689,0.0,0,peripheral,0.9,"Признаков роли не выявлено: вход 1 (30 тыс ₸), выход 0 (0 ₸)",1,0.09000000000000001,0.3082740213523132,0.5433718861209964,0.5454848754448398,0.3303
100000001985793100,2,False,1,420000.0,1,0,0.0,0,0.0,False,False,0,1,0.0,1,1,0.0003726610761384928,0.0,0,terminal,0.952,"Конечный получатель: 420 тыс ₸ от 1 плательщиков, исходящих нет (колено 2)",9,0.4284,0.8320729537366548,0.14768683274021352,0.5256895017793595,0.5339
100000003134934100,2,False,4,379354.0,4,0,0.0,0,0.0,False,False,0,9,0.0,2,3,0.0004244791138523046,0.0,0,terminal,0.944,"Конечный получатель: 379 тыс ₸ от 4 плательщиков, исходящих нет (колено 2)",10,0.4248,0.8158362989323843,0.9094750889679716,0.5539368327402135,0.7209
100000006240939100,2,False,1,160000.0,1,5,778015.0,5,4.86259375,False,True,0,1,1.0,1,4,0.0003187471159015583,0.0,0,peripheral,0.75,"Признаков роли не выявлено: вход 1 (160 тыс ₸), выход 5 (778 тыс ₸)",3,0.07500000000000001,0.9234875444839857,0.14768683274021352,0.458741103202847,0.3941
100000008656043100,2,False,1,26200.0,1,0,0.0,0,0.0,False,False,0,1,0.0,1,1,0.0002944677917550073,0.0,1,peripheral,0.9,"Признаков роли не выявлено: вход 1 (26 тыс ₸), выход 0 (0 ₸)",5,0.09000000000000001,0.2782473309608541,0.14768683274021352,0.33774466192170816,0.1733
100000002605184100,2,False,1,140000.0,1,0,0.0,0,0.0,False,False,0,7,0.0,1,1,0.00039107352079071505,0.0,0,peripheral,0.9,"Признаков роли не выявлено: вход 1 (140 тыс ₸), выход 0 (0 ₸)",2,0.09000000000000001,0.6352313167259787,0.5433718861209964,0.537700177935943,0.4285
100000003157333100,2,False,1,30000.0,1,0,0.0,0,0.0,False,False,0,1,0.0,1,1,0.00029125521728309953,0.0,0,peripheral,0.9,"Признаков роли не выявлено: вход 1 (30 тыс ₸), выход 0 (0 ₸)",20,0.09000000000000001,0.3082740213523132,0.14768683274021352,0.2979314946619217,0.1728
100000007898453100,2,False,1,24750.0,1,2,320000.0,2,12.929292929292929,False,True,0,10,1.0,1,3,0.0003330161085564525,1.7845129261193803e-05,0,peripheral,0.9,"Признаков роли не выявлено: вход 1 (25 тыс ₸), выход 2 (320 тыс ₸)",8,0.09000000000000001,0.7980427046263345,0.9612989323843416,0.7303158362989324,0.6279
100000002710570100,2,False,1,225015.0,1,0,0.0,0,0.0,False,False,0,7,0.0,1,1,0.0005391306175502205,0.0,0,terminal,0.905,"Конечный получатель: 225 тыс ₸ от 1 плательщиков, исходящих нет (колено 2)",28,0.40725,0.728202846975089,0.5433718861209964,0.6064279359430605,0.6098
100000004979498100,2,False,1,700000.0,2,1,200000.0,1,0.2857142857142857,False,False,0,1,0.2857142857142857,1,2,0.0013189827666274718,0.0,9,peripheral,0.9,"Признаков роли не выявлено: вход 1 (700 тыс ₸), выход 1 (200 тыс ₸)",39,0.09000000000000001,0.9188167259786477,0.14768683274021352,0.6756005338078291,0.4522
100000001541418100,2,False,2,96900.0,2,0,0.0,0,0.0,False,False,0,7,0.0,1,2,0.00030353063860818737,0.0,0,terminal,0.823,"Конечный получатель: 97 тыс ₸ от 2 плательщиков, исходящих нет (колено 2)",16,0.37035,0.5702846975088968,0.5433718861209964,0.404470640569395,0.4961
100000007797290100,2,False,1,100000.0,1,1,20000.0,1,0.2,False,False,0,7,0.0,1,2,0.0003011253761628506,1.0707077556716282e-05,0,peripheral,0.9,"Признаков роли не выявлено: вход 1 (100 тыс ₸), выход 1 (20 тыс ₸)",4,0.09000000000000001,0.6158807829181495,0.5433718861209964,0.6182161921708185,0.4423
100000008683818100,2,False,1,17400.0,1,0,0.0,0,0.0,False,False,0,1,0.0,1,1,0.0002914789834217285,0.0,1,peripheral,0.9,"Признаков роли не выявлено: вход 1 (17 тыс ₸), выход 0 (0 ₸)",5,0.09000000000000001,0.17393238434163702,0.14768683274021352,0.3017126334519573,0.1326
100000006567935100,2,False,1,200000.0,1,0,0.0,0,0.0,False,False,0,7,0.0,1,1,0.00031055602097400365,0.0,0,terminal,0.896,"Конечный получатель: 200 тыс ₸ от 1 плательщиков, исходящих нет (колено 2)",11,0.4032,0.7106316725978647,0.5433718861209964,0.4304937722419929,0.5596
100000002132479100,2,False,1,30000.0,2,1,20000.0,1,0.6666666666666666,False,False,0,8,0.0,1,3,0.0006060232510344739,0.0,0,peripheral,0.9,"Признаков роли не выявлено: вход 1 (30 тыс ₸), выход 1 (20 тыс ₸)",14,0.09000000000000001,0.42838078291814946,0.8387455516014235,0.634452846975089,0.4612
100000002170580100,2,False,1,150000.0,1,0,0.0,0,0.0,False,False,0,1,0.0,1,1,0.0003570379336989844,0.0,0,peripheral,0.9,"Признаков роли не выявлено: вход 1 (150 тыс ₸), выход 0 (0 ₸)",9,0.09000000000000001,0.650355871886121,0.14768683274021352,0.5121218861209964,0.33
100000001232297100,2,False,1,5000.0,1,2,45000.0,2,9.0,False,True,0,10,0.0,1,3,0.0002921518328065597,0.0,0,peripheral,0.9,"Признаков роли не выявлено: вход 1 (5 тыс ₸), выход 2 (45 тыс ₸)",30,0.09000000000000001,0.42838078291814946,0.9612989323843416,0.3103870106761566,0.4119
100000002028158100,2,False,1,34800.0,1,0,0.0,0,0.0,False,False,0,7,0.0,1,1,0.00029664059842346733,0.0,0,peripheral,0.9,"Признаков роли не выявлено: вход 1 (35 тыс ₸), выход 0 (0 ₸)",2,0.09000000000000001,0.34119217081850534,0.5433718861209964,0.35776245551601427,0.2944
100000005519998100,2,False,3,182000.0,5,3,188000.0,8,1.032967032967033,False,False,0,7,0.7802197802197802,1,11,0.0006524582538824906,2.6767693891790706e-05,0,transit,0.907,"Признаки транзита: пропускает 103% полученного (182 тыс ₸), 78% уходит дальше за ≤2 дня",22,0.5442,0.8118327402135231,0.5433718861209964,0.9011343416370107,0.7662
100000002335358100,2,False,1,140000.0,2,0,0.0,0,0.0,False,False,0,7,0.0,1,2,0.0006124866171005886,0.0,0,peripheral,0.9,"Признаков роли не выявлено: вход 1 (140 тыс ₸), выход 0 (0 ₸)",2,0.09000000000000001,0.6352313167259787,0.5433718861209964,0.635564946619217,0.4525
100000007289427100,2,False,1,12300.0,1,0,0.0,0,0.0,False,False,0,1,0.0,1,1,0.0003736269529532968,0.0,0,peripheral,0.9,"Признаков роли не выявлено: вход 1 (12 тыс ₸), выход 0 (0 ₸)",8,0.09000000000000001,0.10898576512455516,0.14768683274021352,0.5263567615658363,0.1677
100000004592467100,2,False,1,7000.0,1,0,0.0,0,0.0,False,False,0,1,0.0,1,1,0.0002866229494599162,0.0,0,peripheral,0.9,"Признаков роли не выявлено: вход 1 (7 тыс ₸), выход 0 (0 ₸)",8,0.09000000000000001,0.04581850533807829,0.14768683274021352,0.2109653024911032,0.0711
100000004993576100,2,False,1,167000.0,1,0,0.0,0,0.0,False,False,0,7,0.0,1,1,0.00033869882876991924,0.0,0,peripheral,0.9,"Признаков роли не выявлено: вход 1 (167 тыс ₸), выход 0 (0 ₸)",2,0.09000000000000001,0.6770462633451957,0.5433718861209964,0.49232651245551606,0.4302
100000001648936100,2,False,1,92740.0,1,0,0.0,0,0.0,False,False,0,1,0.0,1,1,0.00030314637772139394,0.0,0,peripheral,0.9,"Признаков роли не выявлено: вход 1 (93 тыс ₸), выход 0 (0 ₸)",20,0.09000000000000001,0.5582740213523132,0.14768683274021352,0.40157918149466193,0.2747
100000008512552100,2,False,4,394360.0,9,6,1302275.0,11,3.3022492139162187,False,True,0,7,1.0,2,11,0.00042587881968055106,0.0014654793707331553,0,peripheral,0.6,"Признаков роли не выявлено: вход 4 (394 тыс ₸), выход 6 (1,3 млн ₸)",4,0.06,0.9599644128113879,0.5433718861209964,0.8598754448398576,0.594
100000007629096100,2,False,4,1075170.0,5,1,765205.0,5,0.7117060557865268,False,False,0,7,0.6651692290521499,2,7,0.0024724059471072494,2.1816562778272486e-05,0,peripheral,0.6,"Признаков роли не выявлено: вход 4 (1,1 млн ₸), выход 1 (765 тыс ₸)",4,0.06,0.9639679715302492,0.5433718861209964,0.943950177935943,0.6158
100000001601320100,2,False,2,43500.0,2,1,46200.0,1,1.0620689655172413,False,False,0,1,0.0,1,3,0.000811763739861756,0.0,0,peripheral,0.8,"Признаков роли не выявлено: вход 2 (44 тыс ₸), выход 1 (46 тыс ₸)",15,0.08000000000000002,0.5493772241992882,0.14768683274021352,0.6575845195729537,0.3304
100000005782781100,2,False,6,171888.0,10,10,1263597.0,10,7.351281066741134,False,True,0,7,0.9406590337894443,3,9,0.0004875096527600848,0.00011667749539390627,0,coordinator,0.529,"Признаки координации: получает от 6 плательщиков (172 тыс ₸), рассылает 10 получателям (1,3 млн ₸)",18,0.529,0.9497330960854092,0.5433718861209964,0.8638790035587189,0.7928
100000002723538100,2,False,3,105647.0,3,12,560499.0,14,5.305394379395534,False,True,0,7,1.0,1,11,0.0003203131606128599,0.0002156616123806975,0,distributor,0.537,"Веерное распределение: 12 получателей, 560 тыс ₸, отдаёт в 5.3× больше видимого входа — есть внешние источники",4,0.42960000000000004,0.8932384341637011,0.5433718861209964,0.758229537366548,0.7071
100000002340562100,2,False,1,36650.0,2,0,0.0,0,0.0,False,False,0,1,0.0,1,2,0.0005308569205030125,0.0,0,peripheral,0.9,"Признаков роли не выявлено: вход 1 (37 тыс ₸), выход 0 (0 ₸)",15,0.09000000000000001,0.3527580071174377,0.14768683274021352,0.5930827402135231,0.2587
100000005939154100,2,False,1,22000.0,2,0,0.0,0,0.0,False,False,0,7,0.0,1,2,0.0002936966648040269,0.0,0,peripheral,0.9,"Признаков роли не выявлено: вход 1 (22 тыс ₸), выход 0 (0 ₸)",2,0.09000000000000001,0.2284252669039146,0.5433718861209964,0.32951512455516013,0.253
100000004386258100,2,False,3,61700.0,3,3,40000.0,3,0.6482982171799028,False,False,0,9,0.9189627228525121,2,3,0.0005336690126056149,7.658058771148709e-05,0,peripheral,0.7,"Признаков роли не выявлено: вход 3 (62 тыс ₸), выход 3 (40 тыс ₸)",12,0.06999999999999999,0.5880782918149466,0.9094750889679716,0.8821174377224199,0.5795
100000008406609100,2,False,1,34000.0,1,0,0.0,0,0.0,False,False,0,8,0.0,1,1,0.00043050382065094834,0.0,0,peripheral,0.9,"Признаков роли не выявлено: вход 1 (34 тыс ₸), выход 0 (0 ₸)",16,0.09000000000000001,0.3374110320284697,0.8387455516014235,0.5574955516014235,0.4145
100000007242833100,2,False,1,107500.0,3,1,45000.0,2,0.4186046511627907,False,False,0,9,1.0,1,2,0.0005138001156911178,1.1576135351736421e-05,0,peripheral,0.9,"Признаков роли не выявлено: вход 1 (108 тыс ₸), выход 1 (45 тыс ₸)",12,0.09000000000000001,0.6570284697508897,0.9094750889679716,0.8176156583629892,0.5934
100000004698193100,2,False,2,222700.0,15,3,38000.0,5,0.17063313875168387,False,False,0,1,0.1917377638078132,1,14,0.0008254145941905158,0.0,0,terminal,0.905,"Конечный получатель: 223 тыс ₸ от 2 плательщиков, дальше уходит 17% (колено 2)",20,0.40725,0.7571174377224199,0.14768683274021352,0.658029359430605,0.5343
100000002733905100,2,False,3,100000.0,5,2,717839.0,3,7.17839,False,True,0,1,0.6,2,5,0.0029169603294352297,2.6714158504007127e-06,1,peripheral,0.7,"Признаков роли не выявлено: вход 3 (100 тыс ₸), выход 2 (718 тыс ₸)",5,0.06999999999999999,0.9105871886120996,0.14768683274021352,0.8915702846975089,0.494
100000006912294100,2,False,1,6335.09,1,2,30000.0,2,4.7355286191672095,False,True,0,1,0.0,1,3,0.0004989220673206184,0.0,0,peripheral,0.9,"Признаков роли не выявлено: вход 1 (6 тыс ₸), выход 2 (30 тыс ₸)",16,0.09000000000000001,0.351423487544484,0.14768683274021352,0.5795151245551602,0.2549
100000003036198100,2,False,1,15000.0,1,0,0.0,0,0.0,False,False,0,7,0.0,1,1,0.0002879340067316298,0.0,0,peripheral,0.9,"Признаков роли не выявлено: вход 1 (15 тыс ₸), выход 0 (0 ₸)",4,0.09000000000000001,0.13856761565836298,0.5433718861209964,0.23009341637010677,0.2011
100000004687099100,2,False,1,30000.0,1,0,0.0,0,0.0,False,False,0,1,0.0,1,1,0.0003342247396399686,0.0,0,peripheral,0.9,"Признаков роли не выявлено: вход 1 (30 тыс ₸), выход 0 (0 ₸)",15,0.09000000000000001,0.3082740213523132,0.14768683274021352,0.48609875444839856,0.2189
100000005242320100,2,False,2,365700.0,2,21,8936295.0,29,24.43613617719442,False,True,0,2,1.0,1,16,0.000500124131418561,0.0,0,distributor,0.651,"Веерное распределение: 21 получателей, 8,9 млн ₸, отдаёт в 24.4× больше видимого входа — есть внешние источники",11,0.5208,0.998220640569395,0.28113879003558717,0.5797375444839857,0.6703
100000008762832100,2,False,1,150000.0,1,1,85000.0,4,0.5666666666666667,False,False,0,1,0.0,1,2,0.000308147620844976,0.0,0,peripheral,0.9,"Признаков роли не выявлено: вход 1 (150 тыс ₸), выход 1 (85 тыс ₸)",8,0.09000000000000001,0.7375444839857651,0.14768683274021352,0.42226423487544484,0.3346
100000002489253100,2,False,1,51000.0,1,0,0.0,0,0.0,False,False,0,7,0.0,1,1,0.00030184449124919286,0.0,0,peripheral,0.9,"Признаков роли не выявлено: вход 1 (51 тыс ₸), выход 0 (0 ₸)",2,0.09000000000000001,0.4388345195729537,0.5433718861209964,0.3951290035587188,0.3335
100000004756901100,2,False,1,153248.0,1,0,0.0,0,0.0,False,False,0,7,0.0,1,1,0.0003109522914570363,0.0,0,peripheral,0.9,"Признаков роли не выявлено: вход 1 (153 тыс ₸), выход 0 (0 ₸)",19,0.09000000000000001,0.6588078291814946,0.5433718861209964,0.43205071174377224,0.4098
100000008749989100,2,False,1,16000.0,1,0,0.0,0,0.0,False,False,0,1,0.0,1,1,0.00029100349118688865,0.0,1,peripheral,0.9,"Признаков роли не выявлено: вход 1 (16 тыс ₸), выход 0 (0 ₸)",5,0.09000000000000001,0.15769572953736655,0.14768683274021352,0.29270462633451955,0.1254
100000001380986100,2,False,1,70170.0,1,0,0.0,0,0.0,False,False,0,1,0.0,1,1,0.000292172266547817,0.0,0,peripheral,0.9,"Признаков роли не выявлено: вход 1 (70 тыс ₸), выход 0 (0 ₸)",16,0.09000000000000001,0.50355871886121,0.14768683274021352,0.31105427046263345,0.2358
100000003089018100,2,False,1,230000.0,1,0,0.0,0,0.0,False,False,0,1,0.0,1,1,0.0003072122133568235,0.0,0,terminal,0.907,"Конечный получатель: 230 тыс ₸ от 1 плательщиков, исходящих нет (колено 2)",16,0.40815,0.7319839857651246,0.14768683274021352,0.41826067615658363,0.4683
100000008742266100,2,False,1,21000.0,1,0,0.0,0,0.0,False,False,0,1,0.0,1,1,0.00029270167773988795,0.0,1,peripheral,0.9,"Признаков роли не выявлено: вход 1 (21 тыс ₸), выход 0 (0 ₸)",5,0.09000000000000001,0.22197508896797152,0.14768683274021352,0.31794928825622776,0.1512
100000003044431100,2,False,2,60000.0,2,0,0.0,0,0.0,False,False,0,7,0.0,1,2,0.00030245857854886894,0.0,0,terminal,0.776,"Конечный получатель: 60 тыс ₸ от 2 плательщиков, исходящих нет (колено 2)",1,0.3492,0.474644128113879,0.5433718861209964,0.3980204626334519,0.4562
100000003321423100,2,False,1,100000.0,2,0,0.0,0,0.0,False,False,0,8,0.0,1,2,0.0006711029646605617,0.0,0,peripheral,0.9,"Признаков роли не выявлено: вход 1 (100 тыс ₸), выход 0 (0 ₸)",13,0.09000000000000001,0.5798487544483986,0.8387455516014235,0.644461743772242,0.51
100000002540623100,2,False,1,100000.0,1,0,0.0,0,0.0,False,False,0,1,0.0,1,1,0.00033321505387175324,0.0,0,peripheral,0.9,"Признаков роли не выявлено: вход 1 (100 тыс ₸), выход 0 (0 ₸)",9,0.09000000000000001,0.5798487544483986,0.14768683274021352,0.48476423487544484,0.3017
100000004225615100,2,False,1,90000.0,2,0,0.0,0,0.0,False,False,0,1,0.0,1,1,0.0002940382625762384,0.0,0,peripheral,0.9,"Признаков роли не выявлено: вход 1 (90 тыс ₸), выход 0 (0 ₸)",16,0.09000000000000001,0.5513790035587188,0.14768683274021352,0.33329626334519574,0.2559
100000004820260100,2,False,1,234200.0,12,3,215350.0,10,0.9195132365499573,False,False,0,7,0.6199829205807003,1,10,0.0014014565775826975,1.0685663401602851e-05,0,transit,0.803,"Признаки транзита: пропускает 92% полученного (234 тыс ₸), 62% уходит дальше за ≤2 дня",2,0.4818,0.8429715302491103,0.5433718861209964,0.892682384341637,0.747
100000000795129100,2,False,1,332000.0,1,0,0.0,0,0.0,False,False,0,7,0.0,1,1,0.0003911920814716179,0.0,0,terminal,0.936,"Конечный получатель: 332 тыс ₸ от 1 плательщиков, исходящих нет (колено 2)",2,0.4212,0.7931494661921709,0.5433718861209964,0.5381450177935944,0.6189
100000008213966100,2,False,3,187004.0,7,1,436900.0,8,2.336313661739856,False,True,0,7,0.7914483112660692,1,7,0.0019335519524195824,2.3152270703472843e-05,0,peripheral,0.7,"Признаков роли не выявлено: вход 3 (187 тыс ₸), выход 1 (437 тыс ₸)",2,0.06999999999999999,0.8892348754448398,0.5433718861209964,0.9410587188612101,0.5965
100000008478414100,2,False,1,10000.0,1,0,0.0,0,0.0,False,False,0,1,0.0,1,1,0.00028896566732328953,0.0,1,peripheral,0.9,"Признаков роли не выявлено: вход 1 (10 тыс ₸), выход 0 (0 ₸)",5,0.09000000000000001,0.07873665480427046,0.14768683274021352,0.2571174377224199,0.0925
100000001330595100,2,False,3,87000.0,6,1,154000.0,1,1.7701149425287357,False,True,0,1,0.0,2,6,0.0006755694259219613,8.922564630596902e-07,2,peripheral,0.7,"Признаков роли не выявлено: вход 3 (87 тыс ₸), выход 1 (154 тыс ₸)",24,0.06999999999999999,0.7444395017793595,0.14768683274021352,0.84019128113879,0.4305
100000000076451100,2,False,3,87707.0,4,4,58000.0,4,0.661292713238396,False,False,0,7,0.05700799252055138,2,6,0.0013962008641423944,5.342831700801425e-05,0,peripheral,0.7,"Признаков роли не выявлено: вход 3 (88 тыс ₸), выход 4 (58 тыс ₸)",2,0.06999999999999999,0.6432384341637011,0.5433718861209964,0.9529581850533808,0.5241
100000005664632100,2,False,1,198620.0,18,0,0.0,0,0.0,False,False,0,10,0.0,1,5,0.00036514203992280307,0.0,0,peripheral,0.9,"Признаков роли не выявлено: вход 1 (199 тыс ₸), выход 0 (0 ₸)",8,0.09000000000000001,0.7055160142348754,0.9612989323843416,0.5203514234875445,0.5481
100000002457464100,2,False,1,66647.0,1,0,0.0,0,0.0,False,False,0,8,0.0,1,1,0.0003221740395394653,0.0,0,peripheral,0.9,"Признаков роли не выявлено: вход 1 (67 тыс ₸), выход 0 (0 ₸)",8,0.09000000000000001,0.49243772241992884,0.8387455516014235,0.46808274021352314,0.4401
100000002757240100,2,False,1,51183.0,1,0,0.0,0,0.0,False,False,0,9,0.0,1,1,0.00031684650947480416,0.0,0,peripheral,0.9,"Признаков роли не выявлено: вход 1 (51 тыс ₸), выход 0 (0 ₸)",8,0.09000000000000001,0.44083629893238435,0.9094750889679716,0.45318060498220636,0.4379
100000003718221100,2,False,2,350000.0,6,4,423500.0,8,1.21,False,True,0,7,0.7714285714285715,1,11,0.001043468286601379,2.1371326803205702e-05,0,peripheral,0.8,"Признаков роли не выявлено: вход 2 (350 тыс ₸), выход 4 (424 тыс ₸)",23,0.08000000000000002,0.9048042704626335,0.5433718861209964,0.9181494661921707,0.5999
100000008629581100,2,False,1,54184.0,1,0,0.0,0,0.0,False,False,0,8,0.0,1,1,0.00031532894612265345,0.0,0,peripheral,0.9,"Признаков роли не выявлено: вход 1 (54 тыс ₸), выход 0 (0 ₸)",8,0.09000000000000001,0.45640569395017794,0.8387455516014235,0.44984430604982206,0.4246
100000004806903100,2,False,1,18000.0,1,0,0.0,0,0.0,False,False,0,10,0.0,1,1,0.0005335389049993343,0.0,0,peripheral,0.9,"Признаков роли не выявлено: вход 1 (18 тыс ₸), выход 0 (0 ₸)",6,0.09000000000000001,0.1834964412811388,0.9612989323843416,0.5993104982206405,0.4076
100000000913911100,2,False,2,467000.0,2,1,600000.0,1,1.284796573875803,False,True,0,7,0.0,2,2,0.0004594431862388912,1.0707077556716282e-05,0,peripheral,0.8,"Признаков роли не выявлено: вход 2 (467 тыс ₸), выход 1 (600 тыс ₸)",8,0.08000000000000002,0.9328291814946619,0.5433718861209964,0.7934830960854092,0.578
100000004905207100,2,False,1,380000.0,1,0,0.0,0,0.0,False,False,0,11,0.0,1,1,0.00043470347319123927,0.0,0,terminal,0.945,"Конечный получатель: 380 тыс ₸ от 1 плательщиков, исходящих нет (колено 2)",9,0.42524999999999996,0.8169483985765125,0.9922153024911032,0.5599421708185054,0.7432
100000003831201100,2,False,1,40500.0,3,0,0.0,0,0.0,False,False,0,7,0.0,1,3,0.0005343335334517985,0.0,0,peripheral,0.9,"Признаков роли не выявлено: вход 1 (40 тыс ₸), выход 0 (0 ₸)",10,0.09000000000000001,0.3752224199288256,0.5433718861209964,0.6013122775800712,0.3645
100000003073398100,2,False,1,92960.0,1,0,0.0,0,0.0,False,False,0,1,0.0,1,1,0.0003031880744905432,0.0,0,peripheral,0.9,"Признаков роли не выявлено: вход 1 (93 тыс ₸), выход 0 (0 ₸)",20,0.09000000000000001,0.5591637010676157,0.14768683274021352,0.4024688612099644,0.2752
100000008418934100,2,False,1,360000.0,1,0,0.0,0,0.0,False,False,0,1,0.0,1,1,0.00031944516765308105,0.0,0,terminal,0.942,"Конечный получатель: 360 тыс ₸ от 1 плательщиков, исходящих нет (колено 2)",16,0.4239,0.8080516014234875,0.14768683274021352,0.46141014234875444,0.5089
100000002741024100,2,False,5,817980.85,9,6,434989.0,7,0.5317838431058625,False,False,0,7,0.05719571552316904,1,12,0.0028551865328902163,6.41139804096171e-05,0,consolidator,0.5,"Признаки консолидации: получает от 5 разных плательщиков, 818 тыс ₸, отдаёт дальше 53% полученного",4,0.425,0.9412811387900356,0.5433718861209964,0.9690836298932384,0.7714
100000008106997100,2,False,2,35600.0,2,1,20600.0,1,0.5786516853932584,False,False,0,7,0.5786516853932584,1,2,0.0003053704876347346,1.0685663401602851e-05,0,peripheral,0.8,"Признаков роли не выявлено: вход 2 (36 тыс ₸), выход 1 (21 тыс ₸)",1,0.08000000000000002,0.4639679715302491,0.5433718861209964,0.6253336298932385,0.3932
100000007998965100,2,False,5,278000.0,7,1,26000.0,3,0.09352517985611511,False,False,0,8,0.0539568345323741,2,8,0.0004719217907251261,1.0685663401602851e-05,0,consolidator,0.5,"Признаки консолидации: получает от 5 разных плательщиков, 278 тыс ₸, отдаёт дальше 9% полученного",9,0.425,0.7833629893238434,0.8387455516014235,0.7850311387900356,0.7503
100000001822623100,2,False,1,201300.0,1,0,0.0,0,0.0,False,False,0,7,0.0,1,1,0.0003234925604032018,0.0,0,terminal,0.898,"Конечный получатель: 201 тыс ₸ от 1 плательщиков, исходящих нет (колено 2)",23,0.4041,0.7148576512455516,0.5433718861209964,0.4700845195729537,0.5709
100000006424479100,2,False,1,500000.0,2,2,220000.0,3,0.44,False,False,0,10,0.0,1,3,0.0009438231531441734,5.0858618394402336e-05,0,peripheral,0.9,"Признаков роли не выявлено: вход 1 (500 тыс ₸), выход 2 (220 тыс ₸)",30,0.09000000000000001,0.8985765124555161,0.9612989323843416,0.9401690391459074,0.7101
100000008696692100,2,False,1,19000.0,1,0,0.0,0,0.0,False,False,0,1,0.0,1,1,0.00029202240311868824,0.0,1,peripheral,0.9,"Признаков роли не выявлено: вход 1 (19 тыс ₸), выход 0 (0 ₸)",5,0.09000000000000001,0.19061387900355872,0.14768683274021352,0.3079403914590747,0.1392
100000002748532100,2,False,3,355575.0,3,2,646685.0,7,1.8187021022287844,False,True,0,9,0.0,1,7,0.0003391055199443405,2.1414155113432564e-05,0,peripheral,0.7,"Признаков роли не выявлено: вход 3 (356 тыс ₸), выход 2 (647 тыс ₸)",3,0.06999999999999999,0.9283807829181495,0.9094750889679716,0.7467749110320285,0.6505
100000004456564100,2,False,1,10000.0,2,0,0.0,0,0.0,False,False,0,8,0.0,1,2,0.00039238727982301855,0.0,0,peripheral,0.9,"Признаков роли не выявлено: вход 1 (10 тыс ₸), выход 0 (0 ₸)",14,0.09000000000000001,0.07873665480427046,0.8387455516014235,0.5395907473309609,0.3309
100000001530740100,2,False,1,15000.0,1,0,0.0,0,0.0,False,False,0,7,0.0,1,1,0.0005298197024409161,0.0,0,peripheral,0.9,"Признаков роли не выявлено: вход 1 (15 тыс ₸), выход 0 (0 ₸)",2,0.09000000000000001,0.13856761565836298,0.5433718861209964,0.5897464412811388,0.2892
100000001386612100,2,False,1,62264.0,1,0,0.0,0,0.0,False,False,0,7,0.0,1,1,0.0004337700956812129,0.0,0,peripheral,0.9,"Признаков роли не выявлено: вход 1 (62 тыс ₸), выход 0 (0 ₸)",16,0.09000000000000001,0.4822064056939502,0.5433718861209964,0.5592749110320284,0.3869
100000003360542100,2,False,2,317000.0,3,2,51800.0,5,0.16340694006309148,False,False,0,11,0.05362776025236593,1,8,0.0014564325480065504,8.922564630596902e-07,0,terminal,0.933,"Конечный получатель: 317 тыс ₸ от 2 плательщиков, дальше уходит 16% (колено 2)",13,0.41985000000000006,0.8109430604982206,0.9922153024911032,0.8739991103202847,0.816
100000008352542100,2,False,1,50220.0,1,0,0.0,0,0.0,False,False,0,10,0.0,1,1,0.00033147541987125204,0.0,0,peripheral,0.9,"Признаков роли не выявлено: вход 1 (50 тыс ₸), выход 0 (0 ₸)",13,0.09000000000000001,0.4359430604982206,0.9612989323843416,0.4820951957295374,0.4562
100000001138376100,2,False,1,15300.0,1,0,0.0,0,0.0,False,False,0,7,0.0,1,1,0.00029043685037690294,0.0,0,peripheral,0.9,"Признаков роли не выявлено: вход 1 (15 тыс ₸), выход 0 (0 ₸)",2,0.09000000000000001,0.14590747330960854,0.5433718861209964,0.28458629893238435,0.2167
100000003246024100,2,False,1,25000.0,1,1,5000.0,1,0.2,False,False,0,7,0.0,1,1,0.0003713400564301804,0.0008023262742787512,0,peripheral,0.9,"Признаков роли не выявлено: вход 1 (25 тыс ₸), выход 1 (5 тыс ₸)",1,0.09000000000000001,0.3082740213523132,0.5433718861209964,0.8274021352313168,0.3994
100000002680477100,2,False,1,25000.0,1,0,0.0,0,0.0,False,False,0,1,0.0,1,1,0.00029455855419957777,0.0,0,peripheral,0.9,"Признаков роли не выявлено: вход 1 (25 тыс ₸), выход 0 (0 ₸)",9,0.09000000000000001,0.26045373665480426,0.14768683274021352,0.33863434163701067,0.1681
100000005882013100,2,False,2,135000.0,3,1,10000.0,1,0.07407407407407407,False,False,0,10,0.1111111111111111,1,4,0.0005264244942722106,0.0,0,terminal,0.856,"Конечный получатель: 135 тыс ₸ от 2 плательщиков, дальше уходит 7% (колено 2)",30,0.3852,0.6425711743772242,0.9612989323843416,0.5866325622775801,0.6716
100000005665181100,2,False,4,45498.0,5,11,181915.0,11,3.998307617917271,False,True,0,7,0.10989494043694228,2,7,0.0003985397345805535,0.000136257659921952,0,distributor,0.519,"Веерное распределение: 11 получателей, 182 тыс ₸, отдаёт в 4.0× больше видимого входа — есть внешние источники",4,0.4152,0.7290925266903915,0.5433718861209964,0.8327402135231317,0.6689
100000008141170100,2,False,1,11000.0,1,0,0.0,0,0.0,False,False,0,7,0.0,1,1,0.0006219001408928704,0.0,0,peripheral,0.9,"Признаков роли не выявлено: вход 1 (11 тыс ₸), выход 0 (0 ₸)",2,0.09000000000000001,0.09830960854092527,0.5433718861209964,0.6375667259786477,0.2886
100000001382002100,2,False,1,55000.0,2,1,56500.0,3,1.0272727272727273,False,False,0,7,0.0,1,5,0.0006633074267595731,0.0,0,transit,0.759,Признаки транзита: пропускает 103% полученного (55 тыс ₸),1,0.45539999999999997,0.6027580071174378,0.5433718861209964,0.6437944839857651,0.6012
100000002481735100,2,False,1,22436.0,2,0,0.0,0,0.0,False,False,0,7,0.0,1,2,0.00036270354277617874,0.0,0,peripheral,0.9,"Признаков роли не выявлено: вход 1 (22 тыс ₸), выход 0 (0 ₸)",2,0.09000000000000001,0.23087188612099643,0.5433718861209964,0.5181272241992882,0.2999
100000000806727100,2,False,1,45000.0,1,1,5000.0,1,0.1111111111111111,False,False,0,11,0.0,1,2,0.0003458595620044754,0.0,0,peripheral,0.9,"Признаков роли не выявлено: вход 1 (45 тыс ₸), выход 1 (5 тыс ₸)",8,0.09000000000000001,0.42838078291814946,0.9922153024911032,0.5012233096085409,0.4662
100000003039473100,2,False,1,23000.0,1,0,0.0,0,0.0,False,False,0,7,0.0,1,1,0.0003122138956605188,0.0,0,peripheral,0.9,"Признаков роли не выявлено: вход 1 (23 тыс ₸), выход 0 (0 ₸)",2,0.09000000000000001,0.23465302491103202,0.5433718861209964,0.4364991103202847,0.2811
100000005205745100,2,False,1,6000.0,1,0,0.0,0,0.0,False,False,0,7,0.0,1,1,0.0003122614004459651,0.0,0,peripheral,0.9,"Признаков роли не выявлено: вход 1 (6 тыс ₸), выход 0 (0 ₸)",10,0.09000000000000001,0.03536476868327402,0.5433718861209964,0.43716637010676157,0.2202
100000004356593100,2,False,1,50000.0,1,1,10000.0,1,0.2,False,False,0,7,0.0,1,2,0.00029345166926508727,1.0685663401602851e-05,0,peripheral,0.9,"Признаков роли не выявлено: вход 1 (50 тыс ₸), выход 1 (10 тыс ₸)",4,0.09000000000000001,0.474644128113879,0.5433718861209964,0.5410364768683275,0.3802
100000008688881100,2,False,1,44211.0,1,0,0.0,0,0.0,False,False,0,1,0.0,1,1,0.0003005849993562214,0.0,1,peripheral,0.9,"Признаков роли не выявлено: вход 1 (44 тыс ₸), выход 0 (0 ₸)",5,0.09000000000000001,0.3874555160142349,0.14768683274021352,0.38623220640569395,0.2186
100000008111003100,2,False,6,222716.0,9,1,35000.0,1,0.15715081089818422,False,False,0,7,0.5073726180427091,2,6,0.00046962170073524596,0.00022298647208921502,0,consolidator,0.558,"Признаки консолидации: получает от 6 разных плательщиков, 223 тыс ₸, отдаёт дальше 16% полученного",4,0.47430000000000005,0.7548932384341637,0.5433718861209964,0.8643238434163701,0.7098
100000003016773100,2,False,1,46555.0,1,0,0.0,0,0.0,False,False,0,9,0.0,1,1,0.00031479566469907517,0.0,0,peripheral,0.9,"Признаков роли не выявлено: вход 1 (47 тыс ₸), выход 0 (0 ₸)",14,0.09000000000000001,0.40346975088967973,0.9094750889679716,0.44850978647686834,0.4254
100000004674799100,2,False,1,140000.0,5,0,0.0,0,0.0,False,False,0,7,0.0,1,3,0.0007906731933061705,0.0,0,peripheral,0.9,"Признаков роли не выявлено: вход 1 (140 тыс ₸), выход 0 (0 ₸)",1,0.09000000000000001,0.6352313167259787,0.5433718861209964,0.6551379003558719,0.4573
100000005834479100,2,False,1,7500.0,1,2,14470.0,2,1.9293333333333333,False,True,0,7,0.0,1,3,0.00028675165047446034,9.212902051116324e-07,0,peripheral,0.9,"Признаков роли не выявлено: вход 1 (8 тыс ₸), выход 2 (14 тыс ₸)",4,0.09000000000000001,0.22731316725978648,0.5433718861209964,0.4081405693950178,0.2719
100000003278020100,2,False,1,190000.0,1,0,0.0,0,0.0,False,False,0,7,0.0,1,1,0.0003245512930395254,0.0,0,peripheral,0.9,"Признаков роли не выявлено: вход 1 (190 тыс ₸), выход 0 (0 ₸)",1,0.09000000000000001,0.6977313167259787,0.5433718861209964,0.47186387900355875,0.4315
100000000831684100,2,False,1,15000.0,2,1,50000.0,3,3.3333333333333335,False,True,0,1,1.0,1,3,0.0018906089223340397,0.0,0,peripheral,0.9,"Признаков роли не выявлено: вход 1 (15 тыс ₸), выход 1 (50 тыс ₸)",12,0.09000000000000001,0.4875444839857651,0.14768683274021352,0.6838300711743772,0.3222
100000000307908100,2,False,1,5000.0,1,0,0.0,0,0.0,False,False,0,1,0.0,1,1,0.0002964337747494595,0.0,7,peripheral,0.9,"Признаков роли не выявлено: вход 1 (5 тыс ₸), выход 0 (0 ₸)",34,0.09000000000000001,0.01601423487544484,0.14768683274021352,0.3564279359430605,0.0976
100000001782980100,2,False,1,50000.0,1,1,596200.0,3,11.924,False,True,0,1,0.0,1,4,0.0003702831507848959,8.904719501335708e-07,3,peripheral,0.9,"Признаков роли не выявлено: вход 1 (50 тыс ₸), выход 1 (596 тыс ₸)",27,0.09000000000000001,0.8927935943060499,0.14768683274021352,0.7180827402135231,0.4546
100000002454724100,2,False,1,125000.0,3,0,0.0,0,0.0,False,False,0,7,0.0,1,3,0.00030118599844023634,0.0,0,peripheral,0.9,"Признаков роли не выявлено: вход 1 (125 тыс ₸), выход 0 (0 ₸)",11,0.09000000000000001,0.6207740213523132,0.5433718861209964,0.39112544483985767,0.3882
100000005904580100,2,False,2,72000.0,2,0,0.0,0,0.0,False,False,0,7,0.0,2,1,0.0005227099859368698,0.0,0,terminal,0.794,"Конечный получатель: 72 тыс ₸ от 2 плательщиков, исходящих нет (колено 2)",12,0.3573,0.5062277580071174,0.5433718861209964,0.5859653024911032,0.5154
100000008474308100,2,False,1,14000.0,2,1,10000.0,1,0.7142857142857143,False,False,0,7,0.0,1,3,0.0004450220360099154,0.0,0,peripheral,0.9,"Признаков роли не выявлено: вход 1 (14 тыс ₸), выход 1 (10 тыс ₸)",1,0.09000000000000001,0.24822064056939502,0.5433718861209964,0.5635008896797153,0.3163
100000000795033100,2,False,1,18200.0,1,0,0.0,0,0.0,False,False,0,7,0.0,1,1,0.0005330176535576376,0.0,0,peripheral,0.9,"Признаков роли не выявлено: вход 1 (18 тыс ₸), выход 0 (0 ₸)",10,0.09000000000000001,0.18683274021352314,0.5433718861209964,0.5984208185053381,0.3061
100000000861294100,2,False,1,150000.0,1,0,0.0,0,0.0,False,False,0,1,0.0,1,1,0.00031399890954633404,0.0,0,peripheral,0.9,"Признаков роли не выявлено: вход 1 (150 тыс ₸), выход 0 (0 ₸)",20,0.09000000000000001,0.650355871886121,0.14768683274021352,0.44428380782918153,0.3133
100000006557763100,2,False,1,10000.0,1,0,0.0,0,0.0,False,False,0,10,0.0,1,1,0.0003471751881752853,0.0,0,peripheral,0.9,"Признаков роли не выявлено: вход 1 (10 тыс ₸), выход 0 (0 ₸)",8,0.09000000000000001,0.07873665480427046,0.9612989323843416,0.5027802491103203,0.3519
100000005608515100,2,False,1,64000.0,4,0,0.0,0,0.0,False,False,0,1,0.0,1,3,0.0002931596353300166,0.0,0,peripheral,0.9,"Признаков роли не выявлено: вход 1 (64 тыс ₸), выход 0 (0 ₸)",15,0.09000000000000001,0.4844306049822064,0.14768683274021352,0.32195284697508897,0.2326
100000003922499100,2,False,1,50000.0,1,0,0.0,0,0.0,False,False,0,1,0.0,1,1,0.0005352399237782651,0.0,0,peripheral,0.9,"Признаков роли не выявлено: вход 1 (50 тыс ₸), выход 0 (0 ₸)",12,0.09000000000000001,0.42838078291814946,0.14768683274021352,0.6022019572953736,0.2841
100000008603629100,2,False,19,1817300.0,45,61,4986156.0,74,2.7437165025037142,False,True,0,7,1.0,4,27,0.0011918072731347837,0.004533299638872723,0,coordinator,0.897,"Признаки координации: получает от 19 плательщиков (1,8 млн ₸), рассылает 61 получателям (5,0 млн ₸)",1,0.897,0.9973309608540926,0.5433718861209964,0.9817615658362989,0.994
100000004825069100,2,False,1,30000.0,4,0,0.0,0,0.0,False,False,0,1,0.0,1,3,0.00029575841353528677,0.0,1,peripheral,0.9,"Признаков роли не выявлено: вход 1 (30 тыс ₸), выход 0 (0 ₸)",5,0.09000000000000001,0.3082740213523132,0.14768683274021352,0.35020017793594305,0.1856
100000004331458100,2,False,2,250000.0,2,0,0.0,0,0.0,False,False,0,1,0.0,1,2,0.0013234381164598692,0.0,6,terminal,0.916,"Конечный получатель: 250 тыс ₸ от 2 плательщиков, исходящих нет (колено 2)",37,0.4122,0.7504448398576512,0.14768683274021352,0.6758229537366548,0.5388
100000002911170100,2,False,1,300000.0,2,0,0.0,0,0.0,False,False,0,7,0.0,1,2,0.00032304938435236,0.0,0,terminal,0.93,"Конечный получатель: 300 тыс ₸ от 1 плательщиков, исходящих нет (колено 2)",11,0.41850000000000004,0.7784697508896797,0.5433718861209964,0.46897241992882566,0.5963
100000008011159100,2,False,3,363000.0,6,5,153037.0,5,0.4215895316804408,False,False,0,7,0.046831955922865015,1,7,0.0004861091667224926,7.685514989611162e-05,0,peripheral,0.7,"Признаков роли не выявлено: вход 3 (363 тыс ₸), выход 5 (153 тыс ₸)",33,0.06999999999999999,0.8687722419928826,0.5433718861209964,0.8583185053380783,0.5699
100000003854444100,2,False,1,210000.0,4,14,2322909.0,14,11.061471428571428,False,True,0,7,0.7619047619047619,1,10,0.00046676162714719263,0.0005351318840875409,0,distributor,0.569,"Веерное распределение: 14 получателей, 2,3 млн ₸, отдаёт в 11.1× больше видимого входа — есть внешние источники",18,0.4552,0.978202846975089,0.5433718861209964,0.8678825622775801,0.7709
100000008547948100,2,False,6,212665.0,7,26,5185600.0,31,24.383890155878966,False,True,0,8,1.0,4,13,0.0004277037249167612,0.0009631448857550162,0,coordinator,0.627,"Признаки координации: получает от 6 плательщиков (213 тыс ₸), рассылает 26 получателям (5,2 млн ₸)",3,0.627,0.9955516014234875,0.8387455516014235,0.8585409252669038,0.9199
100000005175148100,2,False,2,79000.0,4,1,15000.0,1,0.189873417721519,False,False,0,7,0.0,1,4,0.0007181459635567832,0.0,0,terminal,0.802,"Конечный получатель: 79 тыс ₸ от 2 плательщиков, дальше уходит 19% (колено 2)",2,0.36090000000000005,0.5611654804270463,0.5433718861209964,0.649799822064057,0.5494
100000002087788100,2,False,1,100500.0,1,0,0.0,0,0.0,False,False,0,7,0.0,1,1,0.0006585724738436675,0.0,0,peripheral,0.9,"Признаков роли не выявлено: вход 1 (100 тыс ₸), выход 0 (0 ₸)",6,0.09000000000000001,0.5858540925266904,0.5433718861209964,0.6433496441281139,0.4393
100000004150593100,2,False,1,57000.0,2,11,871165.0,16,15.28359649122807,False,True,0,7,1.0,1,7,0.0003066265725556523,0.00011835196728340097,0,distributor,0.519,"Веерное распределение: 11 получателей, 871 тыс ₸, отдаёт в 15.3× больше видимого входа — есть внешние источники",2,0.4152,0.9225978647686833,0.5433718861209964,0.7046263345195729,0.6967
100000001597505100,2,False,1,26460.0,1,1,12920.0,1,0.48828420256991684,False,False,0,8,0.0,1,2,0.00031475890283167617,0.0,0,peripheral,0.9,"Признаков роли не выявлено: вход 1 (26 тыс ₸), выход 1 (13 тыс ₸)",9,0.09000000000000001,0.36610320284697506,0.8387455516014235,0.4478425266903915,0.3964
100000007629121100,2,False,1,29000.0,1,0,0.0,0,0.0,False,False,0,10,0.0,1,1,0.0003960360915614083,0.0,0,peripheral,0.9,"Признаков роли не выявлено: вход 1 (29 тыс ₸), выход 0 (0 ₸)",8,0.09000000000000001,0.297153024911032,0.9612989323843416,0.5428158362989324,0.4286
100000005614315100,2,False,1,455000.0,1,0,0.0,0,0.0,False,False,0,7,0.0,1,1,0.0005750924282981935,0.0,0,terminal,0.957,"Конечный получатель: 455 тыс ₸ от 1 плательщиков, исходящих нет (колено 2)",2,0.43065,0.8460854092526691,0.5433718861209964,0.6268905693950177,0.6609
100000008324800100,2,False,3,526500.0,17,1,511000.0,13,0.9705603038936372,False,False,0,7,0.8129154795821463,2,8,0.0018517826355651504,1.0685663401602851e-05,0,transit,0.918,"Признаки транзита: пропускает 97% полученного (526 тыс ₸), 81% уходит дальше за ≤2 дня",6,0.5508,0.9314946619217082,0.5433718861209964,0.898020462633452,0.8049
100000005030592100,2,False,1,10000.0,1,0,0.0,0,0.0,False,False,0,7,0.0,1,1,0.0002887507034719393,0.0,0,peripheral,0.9,"Признаков роли не выявлено: вход 1 (10 тыс ₸), выход 0 (0 ₸)",2,0.09000000000000001,0.07873665480427046,0.5433718861209964,0.25044483985765126,0.1878
100000001633685100,2,False,3,45000.0,3,0,0.0,0,0.0,False,False,0,7,0.0,1,3,0.0003061866332400334,0.0,0,terminal,0.733,"Конечный получатель: 45 тыс ₸ от 3 плательщиков, исходящих нет (колено 2)",4,0.32985,0.39524021352313166,0.5433718861209964,0.4142571174377224,0.4276
100000001848426100,2,False,1,95530.0,1,0,0.0,0,0.0,False,False,0,1,0.0,1,1,0.0003036751685665142,0.0,0,peripheral,0.9,"Признаков роли не выявлено: вход 1 (96 тыс ₸), выход 0 (0 ₸)",20,0.09000000000000001,0.5680604982206405,0.14768683274021352,0.4053603202846975,0.2786
100000004580202100,2,False,1,9000.0,1,3,45000.0,4,5.0,False,True,0,7,1.0,1,4,0.00032162328322811565,3.205699020480855e-05,0,peripheral,0.85,"Признаков роли не выявлено: вход 1 (9 тыс ₸), выход 3 (45 тыс ₸)",23,0.085,0.4550711743772242,0.5433718861209964,0.7300934163701067,0.4183
100000008717375100,2,False,1,29506.0,1,0,0.0,0,0.0,False,False,0,8,0.0,1,1,0.0003017749691235294,0.0,0,peripheral,0.9,"Признаков роли не выявлено: вход 1 (30 тыс ₸), выход 0 (0 ₸)",8,0.09000000000000001,0.30071174377224197,0.8387455516014235,0.3946841637010676,0.3634
100000007861311100,2,False,1,45000.0,1,0,0.0,0,0.0,False,False,0,1,0.0,1,1,0.0003585524623513075,0.0,0,peripheral,0.9,"Признаков роли не выявлено: вход 1 (45 тыс ₸), выход 0 (0 ₸)",15,0.09000000000000001,0.39524021352313166,0.14768683274021352,0.5139012455516014,0.2523
100000005578559100,2,False,2,131000.0,2,21,893163.67,23,6.818043282442749,False,True,0,7,1.0,1,12,0.0003910151132301349,0.0001968155026926176,0,distributor,0.651,"Веерное распределение: 21 получателей, 893 тыс ₸, отдаёт в 6.8× больше видимого входа — есть внешние источники",9,0.5208,0.9306049822064056,0.5433718861209964,0.8309608540925266,0.7754
100000008764436100,2,False,1,13100.0,1,0,0.0,0,0.0,False,False,0,1,0.0,1,1,0.00029001854298614906,0.0,1,peripheral,0.9,"Признаков роли не выявлено: вход 1 (13 тыс ₸), выход 0 (0 ₸)",5,0.09000000000000001,0.11743772241992882,0.14768683274021352,0.27813612099644125,0.1095
100000000190228100,2,False,1,5000.0,1,1,28560.0,1,5.712,False,True,0,8,0.0,1,2,0.0005820068181865647,1.4247551202137133e-05,0,peripheral,0.9,"Признаков роли не выявлено: вход 1 (5 тыс ₸), выход 1 (29 тыс ₸)",16,0.09000000000000001,0.33451957295373663,0.8387455516014235,0.8705516014234875,0.4903
100000003971049100,2,False,1,55900.0,7,0,0.0,0,0.0,False,False,0,7,0.0,1,7,0.00029426514402485876,0.0,0,peripheral,0.9,"Признаков роли не выявлено: вход 1 (56 тыс ₸), выход 0 (0 ₸)",4,0.09000000000000001,0.4626334519572954,0.5433718861209964,0.3350756227758007,0.326
100000008743913100,2,False,3,149300.0,3,13,1850600.0,13,12.395177494976558,False,True,0,9,0.9397186872069658,2,6,0.00033210781237653756,0.0002247934903316905,0,distributor,0.554,"Веерное распределение: 13 получателей, 1,9 млн ₸, отдаёт в 12.4× больше видимого входа — есть внешние источники",3,0.44320000000000004,0.9701957295373665,0.9094750889679716,0.7780249110320285,0.831
100000004400361100,2,False,1,10000.0,1,0,0.0,0,0.0,False,False,0,7,0.0,1,1,0.0002872256288669924,0.0,0,peripheral,0.9,"Признаков роли не выявлено: вход 1 (10 тыс ₸), выход 0 (0 ₸)",19,0.09000000000000001,0.07873665480427046,0.5433718861209964,0.21941725978647686,0.1802
100000002175422100,2,False,3,68500.0,5,6,1621188.0,14,23.66697810218978,False,True,0,7,1.0,2,11,0.0008458861317816028,8.565662045373026e-05,0,peripheral,0.7,"Признаков роли не выявлено: вход 3 (68 тыс ₸), выход 6 (1,6 млн ₸)",28,0.06999999999999999,0.9595195729537367,0.5433718861209964,0.9443950177935942,0.6188
100000004544958100,2,False,1,168000.0,3,2,23200.0,2,0.1380952380952381,False,False,0,8,0.0,1,4,0.001214607508891017,1.1576135351736421e-05,0,peripheral,0.9,"Признаков роли не выявлено: вход 1 (168 тыс ₸), выход 2 (23 тыс ₸)",13,0.09000000000000001,0.6988434163701067,0.8387455516014235,0.9081405693950177,0.611
100000008466579100,2,False,2,36952.0,2,17,1933000.0,20,52.31110630006495,False,True,0,8,1.0,1,9,0.0003534138885849357,0.0004207469363524573,0,distributor,0.608,"Веерное распределение: 17 получателей, 1,9 млн ₸, отдаёт в 52.3× больше видимого входа — есть внешние источники",3,0.4864,0.969306049822064,0.8387455516014235,0.8071619217081851,0.839
100000001184915100,2,False,1,201000.0,2,0,0.0,0,0.0,False,False,0,7,0.0,1,1,0.00034951562023572384,0.0,0,terminal,0.898,"Конечный получатель: 201 тыс ₸ от 1 плательщиков, исходящих нет (колено 2)",2,0.4041,0.7144128113879004,0.5433718861209964,0.5050044483985765,0.5794
100000004435304100,2,False,1,26200.0,1,0,0.0,0,0.0,False,False,0,1,0.0,1,1,0.0002944677917550073,0.0,1,peripheral,0.9,"Признаков роли не выявлено: вход 1 (26 тыс ₸), выход 0 (0 ₸)",5,0.09000000000000001,0.2782473309608541,0.14768683274021352,0.33774466192170816,0.1733
100000008762728100,2,False,1,17026.0,1,0,0.0,0,0.0,False,False,0,7,0.0,1,1,0.00031770106594377663,0.0,0,peripheral,0.9,"Признаков роли не выявлено: вход 1 (17 тыс ₸), выход 0 (0 ₸)",2,0.09000000000000001,0.16770462633451957,0.5433718861209964,0.4558496441281139,0.2653
100000004285800100,2,False,1,5000.0,1,1,15000.0,1,3.0,False,True,0,10,0.0,1,2,0.0003442181347833002,0.0,0,peripheral,0.9,"Признаков роли не выявлено: вход 1 (5 тыс ₸), выход 1 (15 тыс ₸)",8,0.09000000000000001,0.20462633451957296,0.9612989323843416,0.4983318505338078,0.3894
100000008557672100,2,False,1,49125.0,1,0,0.0,0,0.0,False,False,0,1,0.0,1,1,0.0003022539771005091,0.0,1,peripheral,0.9,"Признаков роли не выявлено: вход 1 (49 тыс ₸), выход 0 (0 ₸)",5,0.09000000000000001,0.4190391459074733,0.14768683274021352,0.39690836298932386,0.2309
100000005142589100,2,False,1,50000.0,2,0,0.0,0,0.0,False,False,0,7,0.0,1,1,0.0003103697710860754,0.0,0,peripheral,0.9,"Признаков роли не выявлено: вход 1 (50 тыс ₸), выход 0 (0 ₸)",1,0.09000000000000001,0.42838078291814946,0.5433718861209964,0.4296040925266904,0.3387
100000003747133100,2,False,5,237068.0,8,2,250000.0,2,1.0545497494389795,False,False,0,7,0.1693902171528844,2,8,0.0003780707341340088,5.353538778358141e-05,0,consolidator,0.5,"Признаки консолидации: получает от 5 разных плательщиков, 237 тыс ₸, отдаёт дальше 105% полученного",4,0.425,0.8576512455516014,0.5433718861209964,0.806605871886121,0.706
100000003289405100,2,False,1,355000.0,1,0,0.0,0,0.0,False,False,0,1,0.0,1,1,0.00033900466723614563,0.0,0,terminal,0.941,"Конечный получатель: 355 тыс ₸ от 1 плательщиков, исходящих нет (колено 2)",8,0.42345,0.806049822064057,0.14768683274021352,0.49321619217081847,0.5159
100000002691858100,2,False,1,51500.0,1,0,0.0,0,0.0,False,False,0,8,0.0,1,1,0.000342382024513619,0.0,0,peripheral,0.9,"Признаков роли не выявлено: вход 1 (52 тыс ₸), выход 0 (0 ₸)",9,0.09000000000000001,0.44194839857651247,0.8387455516014235,0.4974421708185054,0.4318
100000007534354100,2,False,1,50000.0,1,3,147810.0,3,2.9562,False,True,0,1,0.0,1,3,0.00030354781418186465,0.0,0,peripheral,0.85,"Признаков роли не выявлено: вход 1 (50 тыс ₸), выход 3 (148 тыс ₸)",9,0.085,0.7041814946619217,0.14768683274021352,0.4046930604982206,0.318
100000000765628100,2,False,1,5000.0,1,0,0.0,0,0.0,False,False,0,7,0.0,1,1,0.0003154241694621746,0.0,0,peripheral,0.9,"Признаков роли не выявлено: вход 1 (5 тыс ₸), выход 0 (0 ₸)",2,0.09000000000000001,0.01601423487544484,0.5433718861209964,0.45028914590747326,0.2175
100000004962193100,2,False,8,900468.0,11,0,0.0,0,0.0,False,False,0,7,0.0,5,5,0.0006573150442725716,0.0,0,consolidator,0.65,"Признаки консолидации: получает от 8 разных плательщиков, 900 тыс ₸, отдаёт дальше 0% полученного",4,0.5525,0.9194839857651246,0.5433718861209964,0.6431272241992882,0.7396
100000005032294100,2,False,1,10000.0,1,0,0.0,0,0.0,False,False,0,8,0.0,1,1,0.00039238727982301855,0.0,0,peripheral,0.9,"Признаков роли не выявлено: вход 1 (10 тыс ₸), выход 0 (0 ₸)",14,0.09000000000000001,0.07873665480427046,0.8387455516014235,0.5395907473309609,0.3309
100000001251686100,2,False,1,18000.0,1,0,0.0,0,0.0,False,False,0,9,0.0,1,1,0.0002965688423999929,0.0,0,peripheral,0.9,"Признаков роли не выявлено: вход 1 (18 тыс ₸), выход 0 (0 ₸)",8,0.09000000000000001,0.1834964412811388,0.9094750889679716,0.35687277580071175,0.3356
100000002398779100,2,False,13,1095690.0,28,1,66000.0,3,0.06023601566136407,False,False,0,8,0.20797214540609113,7,5,0.0016005031258790243,1.1353517364203028e-05,0,consolidator,0.805,"Признаки консолидации: получает от 13 разных плательщиков, 1,1 млн ₸, отдаёт дальше 6% полученного",4,0.68425,0.9372775800711743,0.8387455516014235,0.9112544483985765,0.9395
100000008512827100,2,False,3,107949.0,3,10,1944500.0,10,18.01313583266172,False,True,0,9,0.9073636624702406,1,8,0.0003352561979240575,0.0001230271805961922,0,distributor,0.5,"Веерное распределение: 10 получателей, 1,9 млн ₸, отдаёт в 18.0× больше видимого входа — есть внешние источники",3,0.4,0.9724199288256228,0.9094750889679716,0.7760231316725978,0.8126
100000003943483100,2,False,1,10000.0,1,0,0.0,0,0.0,False,False,0,8,0.0,1,1,0.0003289649862338494,0.0,0,peripheral,0.9,"Признаков роли не выявлено: вход 1 (10 тыс ₸), выход 0 (0 ₸)",12,0.09000000000000001,0.07873665480427046,0.8387455516014235,0.4783140569395018,0.3159
100000005031696100,2,False,1,5000.0,1,2,115000.0,3,23.0,False,True,0,10,1.0,1,4,0.0005397118809391454,6.767586821015139e-05,0,peripheral,0.9,"Признаков роли не выявлено: вход 1 (5 тыс ₸), выход 2 (115 тыс ₸)",8,0.09000000000000001,0.6158807829181495,0.9612989323843416,0.8882339857651245,0.6108
100000002703376100,2,False,1,46501.0,1,0,0.0,0,0.0,False,False,0,7,0.0,1,1,0.00029280302788279564,0.0,0,peripheral,0.9,"Признаков роли не выявлено: вход 1 (47 тыс ₸), выход 0 (0 ₸)",4,0.09000000000000001,0.4030249110320285,0.5433718861209964,0.31817170818505336,0.3036
100000003617552100,2,False,1,25000.0,1,0,0.0,0,0.0,False,False,0,1,0.0,1,1,0.0005510452542740759,0.0,3,peripheral,0.9,"Признаков роли не выявлено: вход 1 (25 тыс ₸), выход 0 (0 ₸)",27,0.09000000000000001,0.26045373665480426,0.14768683274021352,0.6159919928825622,0.236
100000007617808100,2,False,1,450000.0,1,0,0.0,0,0.0,False,False,0,7,0.0,1,1,0.0003601043534538582,0.0,0,terminal,0.956,"Конечный получатель: 450 тыс ₸ от 1 плательщиков, исходящих нет (колено 2)",19,0.43019999999999997,0.8440836298932385,0.5433718861209964,0.5156806049822064,0.6329
100000002613776100,2,False,1,30000.0,2,0,0.0,0,0.0,False,False,0,7,0.0,1,2,0.00030148630332664647,0.0,0,peripheral,0.9,"Признаков роли не выявлено: вход 1 (30 тыс ₸), выход 0 (0 ₸)",1,0.09000000000000001,0.3082740213523132,0.5433718861209964,0.39312722419928825,0.293
100000002578405100,2,False,2,1200351.0,7,116,3108352.0,120,2.589535894084314,False,True,0,1,1.0,1,22,0.0005700071256448129,0.00021235703820820625,1,distributor,1.0,"Веерное распределение: 116 получателей, 3,1 млн ₸, отдаёт в 2.6× больше видимого входа — есть внешние источники",7,0.8,0.9915480427046264,0.14768683274021352,0.9194839857651246,0.8385
100000006161893100,2,False,1,14000.0,1,0,0.0,0,0.0,False,False,0,7,0.0,1,1,0.0005318535188146678,0.0,0,peripheral,0.9,"Признаков роли не выявлено: вход 1 (14 тыс ₸), выход 0 (0 ₸)",2,0.09000000000000001,0.12433274021352313,0.5433718861209964,0.5957517793594306,0.2863
100000002633701100,2,False,1,266850.0,1,0,0.0,0,0.0,False,False,0,1,0.0,1,1,0.00031067978540157034,0.0,0,terminal,0.92,"Конечный получатель: 267 тыс ₸ от 1 плательщиков, исходящих нет (колено 2)",16,0.41400000000000003,0.7602313167259787,0.14768683274021352,0.4311610320284698,0.4826
100000002432143100,2,False,1,81310.0,1,0,0.0,0,0.0,False,False,0,9,0.0,1,1,0.00033525669770259663,0.0,0,peripheral,0.9,"Признаков роли не выявлено: вход 1 (81 тыс ₸), выход 0 (0 ₸)",8,0.09000000000000001,0.5244661921708185,0.9094750889679716,0.4874332740213523,0.4719
100000000490383100,2,False,3,62600.0,3,8,461375.0,9,7.37020766773163,False,True,0,7,0.07987220447284345,1,9,0.0005480373500605439,3.6064113980409616e-05,0,peripheral,0.6,"Признаков роли не выявлено: вход 3 (63 тыс ₸), выход 8 (461 тыс ₸)",2,0.06,0.87144128113879,0.5433718861209964,0.8812277580071175,0.5721
100000005809252100,2,False,1,25000.0,1,0,0.0,0,0.0,False,False,0,7,0.0,1,1,0.000567128634229815,0.0,0,peripheral,0.9,"Признаков роли не выявлено: вход 1 (25 тыс ₸), выход 0 (0 ₸)",6,0.09000000000000001,0.26045373665480426,0.5433718861209964,0.6248887900355872,0.3351
100000006612238100,2,False,1,160000.0,1,1,25000.0,1,0.15625,False,False,0,1,0.0,1,1,0.00033991126391326877,0.0,1,peripheral,0.9,"Признаков роли не выявлено: вход 1 (160 тыс ₸), выход 1 (25 тыс ₸)",5,0.09000000000000001,0.6923932384341637,0.14768683274021352,0.49432829181494664,0.3385
100000002593038100,2,False,1,28500.0,1,0,0.0,0,0.0,False,False,0,8,0.0,1,1,0.0006586124144995191,0.0,0,peripheral,0.9,"Признаков роли не выявлено: вход 1 (28 тыс ₸), выход 0 (0 ₸)",12,0.09000000000000001,0.29359430604982206,0.8387455516014235,0.6435720640569395,0.4222
100000002947299100,2,False,1,85000.0,1,0,0.0,0,0.0,False,False,0,9,0.0,1,1,0.0003375116050800505,0.0,0,peripheral,0.9,"Признаков роли не выявлено: вход 1 (85 тыс ₸), выход 0 (0 ₸)",8,0.09000000000000001,0.5375889679715302,0.9094750889679716,0.49010231316725983,0.4766
100000004336312100,2,False,3,90415.0,7,2,72650.0,3,0.8035171155228668,False,False,0,7,0.2875629043853343,3,6,0.0006960070275624512,1.6028495102404275e-05,0,transit,0.563,"Признаки транзита: пропускает 80% полученного (90 тыс ₸), 29% уходит дальше за ≤2 дня",22,0.33779999999999993,0.6703736654804271,0.5433718861209964,0.8895685053380783,0.6316
100000001308856100,2,False,1,27000.0,1,0,0.0,0,0.0,False,False,0,1,0.0,1,1,0.0002947395016034872,0.0,1,peripheral,0.9,"Признаков роли не выявлено: вход 1 (27 тыс ₸), выход 0 (0 ₸)",5,0.09000000000000001,0.28536476868327404,0.14768683274021352,0.34041370106761565,0.1762
100000008238989100,2,False,1,200000.0,2,0,0.0,0,0.0,False,False,0,7,0.0,1,2,0.000323247651083571,0.0,0,terminal,0.896,"Конечный получатель: 200 тыс ₸ от 1 плательщиков, исходящих нет (колено 2)",23,0.4032,0.7106316725978647,0.5433718861209964,0.46975088967971534,0.5692
100000005561741100,2,False,1,25000.0,1,0,0.0,0,0.0,False,False,0,9,0.0,1,1,0.00032984571931941946,0.0,0,peripheral,0.9,"Признаков роли не выявлено: вход 1 (25 тыс ₸), выход 0 (0 ₸)",15,0.09000000000000001,0.26045373665480426,0.9094750889679716,0.4796485765124555,0.3892
100000006248077100,2,False,1,50000.0,1,0,0.0,0,0.0,False,False,0,7,0.0,1,1,0.00029385096746579835,0.0,0,peripheral,0.9,"Признаков роли не выявлено: вход 1 (50 тыс ₸), выход 0 (0 ₸)",19,0.09000000000000001,0.42838078291814946,0.5433718861209964,0.33151690391459077,0.3147
100000000646541100,2,False,3,25300.0,4,0,0.0,0,0.0,False,False,0,7,0.0,1,4,0.0005058630830440055,0.0,0,terminal,0.667,"Конечный получатель: 25 тыс ₸ от 3 плательщиков, исходящих нет (колено 2)",4,0.30015000000000003,0.2677935943060498,0.5433718861209964,0.581961743772242,0.4169
100000006595426100,2,False,1,84800.0,3,0,0.0,0,0.0,False,False,0,7,0.0,1,3,0.00033431978040964773,0.0,0,peripheral,0.9,"Признаков роли не выявлено: вход 1 (85 тыс ₸), выход 0 (0 ₸)",1,0.09000000000000001,0.5355871886120996,0.5433718861209964,0.4867660142348754,0.3855
100000002956898100,2,False,2,290240.0,2,0,0.0,0,0.0,False,False,0,7,0.0,1,2,0.000376841314812201,0.0,0,terminal,0.927,"Конечный получатель: 290 тыс ₸ от 2 плательщиков, исходящих нет (колено 2)",2,0.41715,0.7731316725978647,0.5433718861209964,0.529470640569395,0.6089
100000001262647100,2,False,1,23650.0,1,0,0.0,0,0.0,False,False,0,7,0.0,1,1,0.00030339197249201576,0.0,0,peripheral,0.9,"Признаков роли не выявлено: вход 1 (24 тыс ₸), выход 0 (0 ₸)",2,0.09000000000000001,0.24154804270462635,0.5433718861209964,0.40402580071174377,0.2752
100000005849100100,2,False,1,33300.0,1,0,0.0,0,0.0,False,False,0,10,0.0,1,1,0.0004907169210974125,0.0,0,peripheral,0.9,"Признаков роли не выявлено: вход 1 (33 тыс ₸), выход 0 (0 ₸)",8,0.09000000000000001,0.3334074733096085,0.9612989323843416,0.5775133451957295,0.4482
100000000533217100,2,False,1,53587.0,1,0,0.0,0,0.0,False,False,0,7,0.0,1,1,0.0006536029907362595,0.0,0,peripheral,0.9,"Признаков роли не выявлено: вход 1 (54 тыс ₸), выход 0 (0 ₸)",1,0.09000000000000001,0.4524021352313167,0.5433718861209964,0.6422375444839857,0.3981
100000002812641100,2,False,1,10000.0,1,1,7023.95,1,0.702395,False,False,0,8,1.0,1,2,0.0020638538513460323,0.0,0,peripheral,0.9,"Признаков роли не выявлено: вход 1 (10 тыс ₸), выход 1 (7 тыс ₸)",9,0.09000000000000001,0.16725978647686832,0.8387455516014235,0.6860542704626335,0.3939
100000008647905100,2,False,1,50000.0,1,2,344222.0,2,6.88444,False,True,0,7,1.0,1,3,0.0003287103258672675,2.1371326803205702e-05,0,peripheral,0.9,"Признаков роли не выявлено: вход 1 (50 тыс ₸), выход 2 (344 тыс ₸)",18,0.09000000000000001,0.8216192170818505,0.5433718861209964,0.7273131672597865,0.532
100000002842337100,2,False,1,50000.0,1,0,0.0,0,0.0,False,False,0,1,0.0,1,1,0.0003666617032550871,0.0,0,peripheral,0.9,"Признаков роли не выявлено: вход 1 (50 тыс ₸), выход 0 (0 ₸)",15,0.09000000000000001,0.42838078291814946,0.14768683274021352,0.5221307829181495,0.2644
100000002445750100,2,False,1,70000.0,1,1,10000.0,1,0.14285714285714285,False,False,0,7,0.0,1,2,0.0005372906870343848,1.1599334019775972e-05,0,peripheral,0.9,"Признаков роли не выявлено: вход 1 (70 тыс ₸), выход 1 (10 тыс ₸)",10,0.09000000000000001,0.520685053380783,0.5433718861209964,0.8401912811387899,0.4675
100000005619339100,2,False,1,5000.0,1,1,5442.6,1,1.0885200000000002,False,False,0,7,0.0,1,2,0.0003208258534858518,0.0,0,peripheral,0.9,"Признаков роли не выявлено: вход 1 (5 тыс ₸), выход 1 (5 тыс ₸)",2,0.09000000000000001,0.09430604982206406,0.5433718861209964,0.46519128113879005,0.2451
100000006844768100,2,False,1,282000.0,5,2,188000.0,5,0.6666666666666666,False,False,0,7,0.1773049645390071,1,9,0.0013707774167539043,2.1371326803205702e-05,0,peripheral,0.9,"Признаков роли не выявлено: вход 1 (282 тыс ₸), выход 2 (188 тыс ₸)",1,0.09000000000000001,0.8523131672597865,0.5433718861209964,0.9266014234875445,0.5902
100000002488629100,2,False,1,73050.0,1,0,0.0,0,0.0,False,False,0,1,0.0,1,1,0.00029941451688253495,0.0,0,peripheral,0.9,"Признаков роли не выявлено: вход 1 (73 тыс ₸), выход 0 (0 ₸)",20,0.09000000000000001,0.5073398576512456,0.14768683274021352,0.3771129893238434,0.2531
100000002796853100,2,False,1,199000.0,8,1,46167.62,5,0.23199809045226133,False,False,0,1,0.2613065326633166,1,7,0.002113598432710708,0.0,0,peripheral,0.9,"Признаков роли не выявлено: вход 1 (199 тыс ₸), выход 1 (46 тыс ₸)",3,0.09000000000000001,0.7473309608540926,0.14768683274021352,0.686943950177936,0.4025
100000006755850100,2,False,1,443475.8,3,0,0.0,0,0.0,False,False,0,11,0.0,1,2,0.0006492085817124323,0.0,0,terminal,0.955,"Конечный получатель: 443 тыс ₸ от 1 плательщиков, исходящих нет (колено 2)",13,0.42974999999999997,0.8394128113879004,0.9922153024911032,0.6413478647686833,0.7719
100000008733194100,2,False,4,251424.0,4,8,159695.0,8,0.6351621165839378,False,False,0,7,0.8202240040728013,2,6,0.00047072559440912876,0.00011097506678539626,0,peripheral,0.6,"Признаков роли не выявлено: вход 4 (251 тыс ₸), выход 8 (160 тыс ₸)",17,0.06,0.8296263345195729,0.5433718861209964,0.8578736654804271,0.5536
100000001904863100,2,False,1,500000.0,1,0,0.0,0,0.0,False,False,0,11,0.0,1,1,0.0004817984770777493,0.0,0,terminal,0.964,"Конечный получатель: 500 тыс ₸ от 1 плательщиков, исходящих нет (колено 2)",9,0.4338,0.8643238434163701,0.9922153024911032,0.5739546263345195,0.7648
100000001641951100,2,False,1,25000.0,4,0,0.0,0,0.0,False,False,0,11,0.0,1,4,0.0003190638874323934,0.0,0,peripheral,0.9,"Признаков роли не выявлено: вход 1 (25 тыс ₸), выход 0 (0 ₸)",8,0.09000000000000001,0.26045373665480426,0.9922153024911032,0.45985320284697506,0.4046
100000004816564100,2,False,1,285480.0,1,1,5000.0,1,0.01751436177665686,False,False,0,7,0.0,1,2,0.0003763921656189936,1.0707077556716282e-05,0,terminal,0.926,"Конечный получатель: 285 тыс ₸ от 1 плательщиков, дальше уходит 2% (колено 2)",2,0.4167,0.7735765124555161,0.5433718861209964,0.7563389679715302,0.6644
100000002205022100,2,False,1,7100.0,1,3,518000.0,3,72.95774647887323,False,True,0,10,1.0,1,4,0.0005456370301467019,4.148992553227559e-05,0,peripheral,0.85,"Признаков роли не выявлено: вход 1 (7 тыс ₸), выход 3 (518 тыс ₸)",19,0.085,0.8718861209964412,0.9612989323843416,0.8816725978647686,0.6854
100000002267998100,2,False,2,420000.0,4,3,1115000.0,12,2.6547619047619047,False,True,0,7,0.5952380952380952,1,12,0.0015848317238056795,3.205699020480855e-05,0,peripheral,0.8,"Признаков роли не выявлено: вход 2 (420 тыс ₸), выход 3 (1,1 млн ₸)",23,0.08000000000000002,0.9546263345195729,0.5433718861209964,0.9418371886120996,0.621
100000002199091100,2,False,1,65000.0,1,0,0.0,0,0.0,False,False,0,1,0.0,1,1,0.0003076457194062819,0.0,1,peripheral,0.9,"Признаков роли не выявлено: вход 1 (65 тыс ₸), выход 0 (0 ₸)",5,0.09000000000000001,0.4875444839857651,0.14768683274021352,0.41981761565836295,0.2575
100000008571443100,2,False,2,65000.0,2,0,0.0,0,0.0,False,False,0,7,0.0,1,2,0.00031474857317144927,0.0,0,terminal,0.783,"Конечный получатель: 65 тыс ₸ от 2 плательщиков, исходящих нет (колено 2)",4,0.35235,0.4875444839857651,0.5433718861209964,0.44762010676156583,0.4737
100000002742067100,2,False,1,12730.0,1,0,0.0,0,0.0,False,False,0,7,0.0,1,1,0.0002896192281984583,0.0,0,peripheral,0.9,"Признаков роли не выявлено: вход 1 (13 тыс ₸), выход 0 (0 ₸)",2,0.09000000000000001,0.11298932384341637,0.5433718861209964,0.26923932384341637,0.2029
100000003292979100,2,False,1,48950.0,1,0,0.0,0,0.0,False,False,0,10,0.0,1,1,0.0003303145122730734,0.0,0,peripheral,0.9,"Признаков роли не выявлено: вход 1 (49 тыс ₸), выход 0 (0 ₸)",13,0.09000000000000001,0.4168149466192171,0.9612989323843416,0.48053825622775803,0.45
100000002558173100,2,False,1,9300.0,1,0,0.0,0,0.0,False,False,0,8,0.0,1,1,0.0002958286804649773,0.0,0,peripheral,0.9,"Признаков роли не выявлено: вход 1 (9 тыс ₸), выход 0 (0 ₸)",9,0.09000000000000001,0.06227758007117438,0.8387455516014235,0.3506450177935943,0.2796
100000004687282100,2,False,1,20000.0,1,0,0.0,0,0.0,False,False,0,7,0.0,1,1,0.0003322717689149048,0.0,0,peripheral,0.9,"Признаков роли не выявлено: вход 1 (20 тыс ₸), выход 0 (0 ₸)",2,0.09000000000000001,0.20462633451957296,0.5433718861209964,0.4836521352313168,0.2834
100000003034546100,2,False,1,486715.0,2,0,0.0,0,0.0,False,False,0,1,0.0,1,2,0.000331369004604237,0.0,0,terminal,0.961,"Конечный получатель: 487 тыс ₸ от 1 плательщиков, исходящих нет (колено 2)",16,0.43245,0.8567615658362989,0.14768683274021352,0.4816503558718861,0.5325
100000003798151100,2,False,1,350000.0,3,0,0.0,0,0.0,False,False,0,7,0.0,1,3,0.0005753929174195443,0.0,0,terminal,0.939,"Конечный получатель: 350 тыс ₸ от 1 плательщиков, исходящих нет (колено 2)",2,0.42255,0.8013790035587188,0.5433718861209964,0.6271129893238434,0.6438
100000008710791100,2,False,3,181510.0,3,23,5521511.0,25,30.41987218335078,False,True,0,9,0.933887940058399,1,10,0.00033426219607625717,0.00024483797872567453,0,distributor,0.67,"Веерное распределение: 23 получателей, 5,5 млн ₸, отдаёт в 30.4× больше видимого входа — есть внешние источники",3,0.536,0.9959964412811388,0.9094750889679716,0.7815836298932384,0.8795
100000008688476100,2,False,1,24000.0,1,0,0.0,0,0.0,False,False,0,1,0.0,1,1,0.0002937205896716876,0.0,1,peripheral,0.9,"Признаков роли не выявлено: вход 1 (24 тыс ₸), выход 0 (0 ₸)",5,0.09000000000000001,0.24822064056939502,0.14768683274021352,0.33018238434163705,0.1623
100000003242289100,2,False,3,550791.0,8,23,2377741.0,26,4.316956885642648,False,True,0,7,0.8259539462336893,2,17,0.00043972170428539667,0.0011601295616914982,0,distributor,0.67,"Веерное распределение: 23 получателей, 2,4 млн ₸, отдаёт в 4.3× больше видимого входа — есть внешние источники",4,0.536,0.9830960854092526,0.5433718861209964,0.8661032028469751,0.8066
100000006564102100,2,False,1,233235.0,1,0,0.0,0,0.0,False,False,0,9,0.0,1,1,0.00042809593979465266,0.0,0,terminal,0.909,"Конечный получатель: 233 тыс ₸ от 1 плательщиков, исходящих нет (колено 2)",8,0.40905,0.7357651245551602,0.9094750889679716,0.5559386120996441,0.6902
100000001526235100,2,False,3,82000.0,4,8,432750.0,9,5.277439024390244,False,True,0,7,0.6829268292682927,1,11,0.0008778562267377687,0.00013919200823731166,0,peripheral,0.6,"Признаков роли не выявлено: вход 3 (82 тыс ₸), выход 8 (433 тыс ₸)",25,0.06,0.8683274021352313,0.5433718861209964,0.9517348754448398,0.5884
100000004398811100,2,False,1,426000.0,1,3,1040672.0,4,2.4428920187793426,False,True,0,1,1.0,1,4,0.00034969174183991655,2.226179875333927e-06,0,peripheral,0.85,"Признаков роли не выявлено: вход 1 (426 тыс ₸), выход 3 (1,0 млн ₸)",19,0.085,0.9519572953736655,0.14768683274021352,0.7049599644128114,0.4674
100000002957787100,2,False,4,84956.0,7,34,1276153.96,41,15.02135175855737,False,True,0,7,1.0,2,8,0.0006138323786231608,0.0020560979868191995,0,distributor,0.75,"Веерное распределение: 34 получателей, 1,3 млн ₸, отдаёт в 15.0× больше видимого входа — есть внешние источники",4,0.6000000000000001,0.9457295373665481,0.5433718861209964,0.9419483985765125,0.8412
100000002621915100,2,False,1,5000.0,1,0,0.0,0,0.0,False,False,0,7,0.0,1,1,0.000532039201173054,0.0,0,peripheral,0.9,"Признаков роли не выявлено: вход 1 (5 тыс ₸), выход 0 (0 ₸)",2,0.09000000000000001,0.01601423487544484,0.5433718861209964,0.5964190391459074,0.2533
100000008283183100,2,False,1,29000.0,1,0,0.0,0,0.0,False,False,0,1,0.0,1,1,0.0002954187762246869,0.0,1,peripheral,0.9,"Признаков роли не выявлено: вход 1 (29 тыс ₸), выход 0 (0 ₸)",5,0.09000000000000001,0.297153024911032,0.14768683274021352,0.34597419928825623,0.1811
100000003843844100,3,False,1,16680.0,1,1,238000.0,1,14.268585131894485,False,True,0,7,0.0,1,2,0.00029174384813368293,1.0707077556716282e-05,0,peripheral,0.9,"Признаков роли не выявлено: вход 1 (17 тыс ₸), выход 1 (238 тыс ₸)",4,0.09000000000000001,0.7531138790035588,0.5433718861209964,0.5321396797153025,0.4632
100000000954884100,3,False,1,34000.0,1,0,0.0,0,0.0,False,False,0,7,0.0,1,1,0.00031150191855239327,0.0,0,peripheral,0.9,"Признаков роли не выявлено: вход 1 (34 тыс ₸), выход 0 (0 ₸)",31,0.09000000000000001,0.3374110320284697,0.5433718861209964,0.4342749110320285,0.312
100000005893892100,3,False,1,102780.0,1,0,0.0,0,0.0,False,False,0,7,0.0,1,1,0.0002889003091286252,0.0,0,peripheral,0.9,"Признаков роли не выявлено: вход 1 (103 тыс ₸), выход 0 (0 ₸)",6,0.09000000000000001,0.5889679715302492,0.5433718861209964,0.25567170818505336,0.3453
100000001819396100,3,False,1,166080.0,1,0,0.0,0,0.0,False,False,0,7,0.0,1,1,0.0003272175623678337,0.0,0,peripheral,0.9,"Признаков роли не выявлено: вход 1 (166 тыс ₸), выход 0 (0 ₸)",26,0.09000000000000001,0.6752669039145908,0.5433718861209964,0.4758674377224199,0.4256
100000008472324100,3,False,1,205200.0,1,0,0.0,0,0.0,False,False,0,7,0.0,1,1,0.0002922196567372928,0.0,0,terminal,0.9,"Конечный получатель: 205 тыс ₸ от 1 плательщиков, исходящих нет (колено 3)",6,0.405,0.7170818505338078,0.5433718861209964,0.3112766903914591,0.5331
100000002646745100,3,False,1,12300.0,1,0,0.0,0,0.0,False,False,0,1,0.0,1,1,0.00028748905090124,0.0,1,peripheral,0.9,"Признаков роли не выявлено: вход 1 (12 тыс ₸), выход 0 (0 ₸)",7,0.09000000000000001,0.10898576512455516,0.14768683274021352,0.22386565836298933,0.0936
100000008405209100,3,False,1,54400.0,1,0,0.0,0,0.0,False,False,0,7,0.0,1,1,0.00029413180237518533,0.0,0,peripheral,0.9,"Признаков роли не выявлено: вход 1 (54 тыс ₸), выход 0 (0 ₸)",4,0.09000000000000001,0.4568505338078292,0.5433718861209964,0.33463078291814946,0.3242
100000004417753100,3,False,2,192099.0,2,0,0.0,0,0.0,False,False,0,7,0.0,2,1,0.00039314677564997663,0.0,0,terminal,0.89,"Конечный получатель: 192 тыс ₸ от 2 плательщиков, исходящих нет (колено 3)",10,0.4005,0.701067615658363,0.5433718861209964,0.5401467971530249,0.5823
100000003457710100,3,False,1,326555.0,1,1,1306000.0,2,3.999326300316945,False,True,0,7,1.0,1,1,0.0002961526720570531,1.0685663401602851e-05,0,peripheral,0.9,"Признаков роли не выявлено: вход 1 (327 тыс ₸), выход 1 (1,3 млн ₸)",6,0.09000000000000001,0.958185053380783,0.5433718861209964,0.5679492882562278,0.5348
100000007333038100,3,False,1,17500.0,1,2,34994.0,2,1.9996571428571428,False,True,0,1,0.0,1,2,0.00029968918055683897,0.0,0,peripheral,0.9,"Признаков роли не выявлено: вход 1 (18 тыс ₸), выход 2 (35 тыс ₸)",11,0.09000000000000001,0.44661921708185054,0.14768683274021352,0.37989323843416367,0.2352
100000006444163100,3,False,1,6026.0,1,0,0.0,0,0.0,False,False,0,7,0.0,1,1,0.00031891138227469064,0.0,0,peripheral,0.9,"Признаков роли не выявлено: вход 1 (6 тыс ₸), выход 0 (0 ₸)",4,0.09000000000000001,0.037366548042704624,0.5433718861209964,0.4591859430604982,0.2262
100000008706947100,3,False,1,17200.0,1,0,0.0,0,0.0,False,False,0,1,0.0,1,1,0.000288253832019236,0.0,1,peripheral,0.9,"Признаков роли не выявлено: вход 1 (17 тыс ₸), выход 0 (0 ₸)",7,0.09000000000000001,0.17148576512455516,0.14768683274021352,0.2374332740213523,0.1161
100000008761219100,3,False,2,50000.0,2,2,375000.0,2,7.5,False,True,0,9,0.6,1,3,0.00029284083313645565,3.109231225883052e-05,0,peripheral,0.8,"Признаков роли не выявлено: вход 2 (50 тыс ₸), выход 2 (375 тыс ₸)",3,0.08000000000000002,0.8336298932384342,0.9094750889679716,0.5791814946619217,0.5848
100000005022552100,3,False,1,241000.0,3,1,5000.0,1,0.02074688796680498,False,False,0,7,0.0,1,4,0.00035775639372368753,0.0,0,terminal,0.913,"Конечный получатель: 241 тыс ₸ от 1 плательщиков, дальше уходит 2% (колено 3)",2,0.41085000000000005,0.748220640569395,0.5433718861209964,0.5125667259786477,0.5945
100000008735832100,3,False,1,17600.0,1,0,0.0,0,0.0,False,False,0,1,0.0,1,1,0.00028831626313090915,0.0,1,peripheral,0.9,"Признаков роли не выявлено: вход 1 (18 тыс ₸), выход 0 (0 ₸)",7,0.09000000000000001,0.17793594306049823,0.14768683274021352,0.23965747330960854,0.1186
100000005661528100,3,False,1,25000.0,1,0,0.0,0,0.0,False,False,0,7,0.0,1,1,0.0002910914967995321,0.0,0,peripheral,0.9,"Признаков роли не выявлено: вход 1 (25 тыс ₸), выход 0 (0 ₸)",17,0.09000000000000001,0.26045373665480426,0.5433718861209964,0.294817615658363,0.2543
100000002529880100,3,False,2,147000.0,2,0,0.0,0,0.0,False,False,0,8,0.0,2,1,0.0003061335485198567,0.0,0,terminal,0.865,"Конечный получатель: 147 тыс ₸ от 2 плательщиков, исходящих нет (колено 3)",3,0.38925,0.6452402135231317,0.8387455516014235,0.41403469750889677,0.6019
100000001969496100,3,False,1,22740.0,1,0,0.0,0,0.0,False,False,0,7,0.0,1,1,0.0002919967925367141,0.0,0,peripheral,0.9,"Признаков роли не выявлено: вход 1 (23 тыс ₸), выход 0 (0 ₸)",14,0.09000000000000001,0.23176156583629892,0.5433718861209964,0.3077179715302491,0.2487
100000003215448100,3,False,1,91309.0,1,2,124000.0,4,1.3580260434349298,False,True,0,7,0.0,1,4,0.00030414693187081325,2.1371326803205702e-05,0,peripheral,0.9,"Признаков роли не выявлено: вход 1 (91 тыс ₸), выход 2 (124 тыс ₸)",1,0.09000000000000001,0.7224199288256228,0.5433718861209964,0.6561387900355872,0.4842
100000006894637100,3,False,1,52831.0,1,0,0.0,0,0.0,False,False,0,7,0.0,1,1,0.0002902544663373193,0.0,0,peripheral,0.9,"Признаков роли не выявлено: вход 1 (53 тыс ₸), выход 0 (0 ₸)",1,0.09000000000000001,0.4470640569395018,0.5433718861209964,0.28147241992882566,0.3081
100000002936322100,3,False,2,787133.0,2,0,0.0,0,0.0,False,False,0,7,0.0,1,2,0.00036638128696323154,0.0,0,terminal,0.982,"Конечный получатель: 787 тыс ₸ от 2 плательщиков, исходящих нет (колено 3)",21,0.4419,0.9065836298932385,0.5433718861209964,0.5216859430604982,0.6585
100000005061890100,3,False,1,90000.0,1,0,0.0,0,0.0,False,False,0,7,0.0,1,1,0.0005346252088600028,0.0,0,peripheral,0.9,"Признаков роли не выявлено: вход 1 (90 тыс ₸), выход 0 (0 ₸)",4,0.09000000000000001,0.5513790035587188,0.5433718861209964,0.6015346975088968,0.4185
100000004017410100,3,False,2,193650.0,6,5,1330915.0,11,6.872785954040795,False,True,0,7,0.22024270591272915,2,9,0.0011315419625793077,2.34490946868507e-05,0,peripheral,0.75,"Признаков роли не выявлено: вход 2 (194 тыс ₸), выход 5 (1,3 млн ₸)",22,0.07500000000000001,0.9541814946619217,0.5433718861209964,0.9294928825622776,0.6157
100000002983426100,3,False,1,88945.0,1,0,0.0,0,0.0,False,False,0,7,0.0,1,1,0.0003187086222678441,0.0,0,peripheral,0.9,"Признаков роли не выявлено: вход 1 (89 тыс ₸), выход 0 (0 ₸)",9,0.09000000000000001,0.5467081850533808,0.5433718861209964,0.45851868327402134,0.382
100000005530114100,3,False,2,136970.0,2,1,25000.0,1,0.1825217200846901,False,False,0,7,0.3429218076951157,1,3,0.000494873801534529,3.2650638171564265e-06,0,terminal,0.857,"Конечный получатель: 137 тыс ₸ от 2 плательщиков, дальше уходит 18% (колено 3)",4,0.38565,0.6690391459074733,0.5433718861209964,0.7811387900355872,0.6252
100000001169666100,3,False,1,220000.0,2,1,24000.0,1,0.10909090909090909,False,False,0,9,0.0,1,3,0.0003195447456388584,1.3383846945895353e-05,0,terminal,0.904,"Конечный получатель: 220 тыс ₸ от 1 плательщиков, дальше уходит 11% (колено 3)",15,0.4068,0.7459964412811388,0.9094750889679716,0.702846975088968,0.7283
100000001784279100,3,False,1,35674.0,1,0,0.0,0,0.0,False,False,0,7,0.0,1,1,0.00028873294491877093,0.0,0,peripheral,0.9,"Признаков роли не выявлено: вход 1 (36 тыс ₸), выход 0 (0 ₸)",1,0.09000000000000001,0.3487544483985765,0.5433718861209964,0.25011120996441283,0.2704
100000008744364100,3,False,1,23700.0,1,0,0.0,0,0.0,False,False,0,1,0.0,1,1,0.00028926833758392454,0.0,1,peripheral,0.9,"Признаков роли не выявлено: вход 1 (24 тыс ₸), выход 0 (0 ₸)",7,0.09000000000000001,0.24466192170818504,0.14768683274021352,0.2634564056939502,0.1448
100000008714412100,3,False,1,169000.0,1,0,0.0,0,0.0,False,False,0,9,0.0,1,1,0.0003116686182638587,0.0,0,peripheral,0.9,"Признаков роли не выявлено: вход 1 (169 тыс ₸), выход 0 (0 ₸)",15,0.09000000000000001,0.6797153024911032,0.9094750889679716,0.43471975088967973,0.5066
100000007754369100,3,False,1,82424.0,1,0,0.0,0,0.0,False,False,0,7,0.0,1,1,0.00029287884025694984,0.0,0,peripheral,0.9,"Признаков роли не выявлено: вход 1 (82 тыс ₸), выход 0 (0 ₸)",1,0.09000000000000001,0.5275800711743772,0.5433718861209964,0.3188389679715302,0.3419
100000003122817100,3,False,1,444680.0,1,0,0.0,0,0.0,False,False,0,7,0.0,1,1,0.0003970827328082313,0.0,0,terminal,0.955,"Конечный получатель: 445 тыс ₸ от 1 плательщиков, исходящих нет (колено 3)",26,0.42974999999999997,0.8398576512455516,0.5433718861209964,0.5434830960854092,0.6382
100000003711830100,3,False,1,50000.0,1,0,0.0,0,0.0,False,False,0,7,0.0,1,1,0.00029574224412010574,0.0,0,peripheral,0.9,"Признаков роли не выявлено: вход 1 (50 тыс ₸), выход 0 (0 ₸)",1,0.09000000000000001,0.42838078291814946,0.5433718861209964,0.349644128113879,0.3191
100000001110358100,3,False,2,32000.0,2,0,0.0,0,0.0,False,False,0,7,0.0,2,1,0.00029298593062142844,0.0,0,terminal,0.699,"Конечный получатель: 32 тыс ₸ от 2 плательщиков, исходящих нет (колено 3)",1,0.31455,0.327846975088968,0.5433718861209964,0.320173487544484,0.3774
100000006530134100,3,False,2,144663.0,2,0,0.0,0,0.0,False,False,0,7,0.0,1,2,0.0002990877788977742,0.0,0,terminal,0.864,"Конечный получатель: 145 тыс ₸ от 2 плательщиков, исходящих нет (колено 3)",6,0.3888,0.6419039145907474,0.5433718861209964,0.37355427046263345,0.5184
100000001639766100,3,False,1,20000.0,1,0,0.0,0,0.0,False,False,0,1,0.0,1,1,0.0006506628579150655,0.0,0,peripheral,0.9,"Признаков роли не выявлено: вход 1 (20 тыс ₸), выход 0 (0 ₸)",20,0.09000000000000001,0.20462633451957296,0.14768683274021352,0.6415702846975089,0.2252
100000003242795100,3,False,1,111000.0,1,0,0.0,0,0.0,False,False,0,7,0.0,1,1,0.00028916671253951414,0.0,0,peripheral,0.9,"Признаков роли не выявлено: вход 1 (111 тыс ₸), выход 0 (0 ₸)",6,0.09000000000000001,0.6018683274021353,0.5433718861209964,0.2590080071174377,0.35
100000004970752100,3,False,1,10000.0,1,0,0.0,0,0.0,False,False,0,7,0.0,1,1,0.0007428614561261706,0.0,0,peripheral,0.9,"Признаков роли не выявлено: вход 1 (10 тыс ₸), выход 0 (0 ₸)",10,0.09000000000000001,0.07873665480427046,0.5433718861209964,0.6520240213523132,0.2861
100000004564736100,3,False,1,15000.0,2,0,0.0,0,0.0,False,False,0,7,0.0,1,2,0.00037675536447064306,0.0,0,peripheral,0.9,"Признаков роли не выявлено: вход 1 (15 тыс ₸), выход 0 (0 ₸)",23,0.09000000000000001,0.13856761565836298,0.5433718861209964,0.5292482206405694,0.2744
100000005873152100,3,False,1,10000.0,1,1,10000.0,1,1.0,False,False,0,11,0.0,1,2,0.0004674555308962058,1.7809439002671417e-06,0,peripheral,0.9,"Признаков роли не выявлено: вход 1 (10 тыс ₸), выход 1 (10 тыс ₸)",13,0.09000000000000001,0.20462633451957296,0.9922153024911032,0.7661254448398577,0.4625
100000001637376100,3,False,1,116700.0,1,1,234250.0,2,2.0072836332476434,False,True,0,7,1.0,1,2,0.0002893514448317364,1.0685663401602851e-05,0,peripheral,0.9,"Признаков роли не выявлено: вход 1 (117 тыс ₸), выход 1 (234 тыс ₸)",6,0.09000000000000001,0.8033807829181495,0.5433718861209964,0.4798709964412812,0.4658
100000006710485100,3,False,1,20000.0,1,0,0.0,0,0.0,False,False,0,1,0.0,1,1,0.000288690849800948,0.0,1,peripheral,0.9,"Признаков роли не выявлено: вход 1 (20 тыс ₸), выход 0 (0 ₸)",7,0.09000000000000001,0.20462633451957296,0.14768683274021352,0.2491103202846975,0.1291
100000003582677100,3,False,2,29756.989999999998,2,4,56000.0,5,1.881910771217116,False,True,0,7,0.0,1,4,0.00029329270913900144,8.91592638059478e-05,0,peripheral,0.8,"Признаков роли не выявлено: вход 2 (30 тыс ₸), выход 4 (56 тыс ₸)",8,0.08000000000000002,0.5400355871886121,0.5433718861209964,0.609653024911032,0.4127
100000008713685100,3,False,1,49700.0,1,0,0.0,0,0.0,False,False,0,1,0.0,1,1,0.0002933263598426788,0.0,1,peripheral,0.9,"Признаков роли не выявлено: вход 1 (50 тыс ₸), выход 0 (0 ₸)",7,0.09000000000000001,0.42037366548042704,0.14768683274021352,0.3246218861209964,0.2136
100000008070101100,3,False,1,100000.0,1,0,0.0,0,0.0,False,False,0,8,0.0,1,1,0.00029258785293762344,0.0,0,peripheral,0.9,"Признаков роли не выявлено: вход 1 (100 тыс ₸), выход 0 (0 ₸)",3,0.09000000000000001,0.5798487544483986,0.8387455516014235,0.3157250889679715,0.4295
100000004475818100,3,False,1,13000.0,1,3,53989.0,3,4.153,False,True,0,7,1.0,1,2,0.0003098079503095039,3.2707176073160043e-05,0,peripheral,0.85,"Признаков роли не выявлено: вход 1 (13 тыс ₸), выход 3 (54 тыс ₸)",4,0.085,0.4933274021352313,0.5433718861209964,0.6923932384341637,0.4208
100000007197866100,3,False,1,20000.0,1,1,15000.0,1,0.75,False,False,0,7,1.0,1,1,0.0002896384741784168,1.0685663401602851e-05,0,peripheral,0.9,"Признаков роли не выявлено: вход 1 (20 тыс ₸), выход 1 (15 тыс ₸)",1,0.09000000000000001,0.34363879003558717,0.5433718861209964,0.48431939501779364,0.3262
100000006965162100,3,False,1,10000.0,1,0,0.0,0,0.0,False,False,0,7,0.0,1,1,0.0003092890887695541,0.0,0,peripheral,0.9,"Признаков роли не выявлено: вход 1 (10 тыс ₸), выход 0 (0 ₸)",22,0.09000000000000001,0.07873665480427046,0.5433718861209964,0.42548932384341637,0.2306
100000005995391100,3,False,1,17200.0,1,0,0.0,0,0.0,False,False,0,1,0.0,1,1,0.000288253832019236,0.0,1,peripheral,0.9,"Признаков роли не выявлено: вход 1 (17 тыс ₸), выход 0 (0 ₸)",7,0.09000000000000001,0.17148576512455516,0.14768683274021352,0.2374332740213523,0.1161
100000003834495100,3,False,3,602441.0,5,1,20000.0,1,0.0331982716979754,False,False,0,7,0.0,2,4,0.0006208601664329539,8.904719501335708e-07,0,terminal,0.974,"Конечный получатель: 602 тыс ₸ от 3 плательщиков, дальше уходит 3% (колено 3)",1,0.4383,0.8883451957295374,0.5433718861209964,0.8308496441281139,0.7271
100000001223977100,3,False,1,5000.0,1,1,18000.0,1,3.6,False,True,0,10,0.0,1,2,0.00030554127989763816,1.6918967052537847e-05,0,peripheral,0.9,"Признаков роли не выявлено: вход 1 (5 тыс ₸), выход 1 (18 тыс ₸)",8,0.09000000000000001,0.23465302491103202,0.9612989323843416,0.6554715302491103,0.4371
100000001046057100,3,False,1,83420.0,1,0,0.0,0,0.0,False,False,0,7,0.0,1,1,0.00031851488108134123,0.0,0,peripheral,0.9,"Признаков роли не выявлено: вход 1 (83 тыс ₸), выход 0 (0 ₸)",29,0.09000000000000001,0.5320284697508897,0.5433718861209964,0.4578514234875445,0.3773
100000002989353100,3,False,1,500000.0,2,2,321160.0,2,0.64232,False,False,0,2,0.6,1,3,0.00030938521828855235,0.0,0,peripheral,0.9,"Признаков роли не выявлено: вход 1 (500 тыс ₸), выход 2 (321 тыс ₸)",11,0.09000000000000001,0.9110320284697508,0.28113879003558717,0.42649021352313166,0.4215
100000006714366100,3,False,1,10500.0,1,1,5000.0,1,0.47619047619047616,False,False,0,7,0.0,1,1,0.0002894561536970341,1.0685663401602851e-05,0,peripheral,0.9,"Признаков роли не выявлено: вход 1 (10 тыс ₸), выход 1 (5 тыс ₸)",4,0.09000000000000001,0.1472419928825623,0.5433718861209964,0.4812055160142349,0.2653
100000001063678100,3,False,1,35000.0,1,2,90000.0,2,2.5714285714285716,False,True,0,7,1.0,1,3,0.00032774872839870327,2.1371326803205702e-05,0,peripheral,0.9,"Признаков роли не выявлено: вход 1 (35 тыс ₸), выход 2 (90 тыс ₸)",23,0.09000000000000001,0.6207740213523132,0.5433718861209964,0.7262010676156584,0.4702
100000004889043100,3,False,2,272000.0,4,0,0.0,0,0.0,False,False,0,7,0.0,2,3,0.0002984972459578193,0.0,0,terminal,0.922,"Конечный получатель: 272 тыс ₸ от 2 плательщиков, исходящих нет (колено 3)",10,0.41490000000000005,0.7624555160142349,0.5433718861209964,0.369105871886121,0.5654
100000002984403100,3,False,1,20000.0,1,1,25000.0,1,1.25,False,True,0,7,0.0,1,2,0.00032010276016592864,1.1599334019775972e-05,0,peripheral,0.9,"Признаков роли не выявлено: вход 1 (20 тыс ₸), выход 1 (25 тыс ₸)",25,0.09000000000000001,0.39524021352313166,0.5433718861209964,0.6993994661921707,0.3946
100000003951827100,3,False,1,9000.0,1,2,17000.0,2,1.8888888888888888,False,True,0,7,0.0,1,3,0.0002860761739207681,1.5424385947828588e-06,0,peripheral,0.9,"Признаков роли не выявлено: вход 1 (9 тыс ₸), выход 2 (17 тыс ₸)",4,0.09000000000000001,0.2713523131672598,0.5433718861209964,0.398576512455516,0.283
100000000933075100,3,False,1,40000.0,1,2,55000.0,2,1.375,False,True,0,8,1.0,1,2,0.0008086964755110837,1.1576135351736421e-05,0,peripheral,0.9,"Признаков роли не выявлено: вход 1 (40 тыс ₸), выход 2 (55 тыс ₸)",12,0.09000000000000001,0.5665035587188612,0.8387455516014235,0.8903469750889679,0.5662
100000008502995100,3,False,1,25000.0,2,0,0.0,0,0.0,False,False,0,7,0.0,1,2,0.0007270949451502088,0.0,0,peripheral,0.9,"Признаков роли не выявлено: вход 1 (25 тыс ₸), выход 0 (0 ₸)",19,0.09000000000000001,0.26045373665480426,0.5433718861209964,0.6506895017793595,0.3414
100000008086440100,3,False,1,199733.0,1,5,161300.0,6,0.8075781167859092,False,False,0,7,0.0,1,6,0.0003376739457034379,2.758838429166691e-05,0,transit,0.511,Признаки транзита: пропускает 81% полученного (200 тыс ₸),1,0.3066,0.8087188612099644,0.5433718861209964,0.7502224199288257,0.6265
100000008465789100,3,False,1,30099.0,1,16,1858100.0,17,61.732947938469714,False,True,0,8,1.0,1,7,0.0002898880397943201,0.0006820485095195692,0,distributor,0.596,"Веерное распределение: 16 получателей, 1,9 млн ₸, отдаёт в 61.7× больше видимого входа — есть внешние источники",3,0.4768,0.9684163701067615,0.8387455516014235,0.5765124555160142,0.7781
100000002550141100,3,False,1,100586.0,1,0,0.0,0,0.0,False,False,0,7,0.0,1,1,0.0003077875449747836,0.0,0,peripheral,0.9,"Признаков роли не выявлено: вход 1 (101 тыс ₸), выход 0 (0 ₸)",17,0.09000000000000001,0.5862989323843416,0.5433718861209964,0.4209297153024911,0.3849
100000008739887100,3,False,2,214000.0,3,2,307000.0,2,1.4345794392523366,False,True,0,7,0.3411214953271028,1,4,0.0003333006339697427,2.1371326803205702e-05,0,peripheral,0.8,"Признаков роли не выявлено: вход 2 (214 тыс ₸), выход 2 (307 тыс ₸)",1,0.08000000000000002,0.8701067615658363,0.5433718861209964,0.7344306049822065,0.5443
100000008532050100,3,False,1,455156.0,1,0,0.0,0,0.0,False,False,0,7,0.0,1,1,0.0003003205242521543,0.0,0,terminal,0.957,"Конечный получатель: 455 тыс ₸ от 1 плательщиков, исходящих нет (колено 3)",6,0.43065,0.8465302491103203,0.5433718861209964,0.3848976868327402,0.6018
100000008422226100,3,False,1,87450.0,1,0,0.0,0,0.0,False,False,0,7,0.0,1,1,0.0002904944753360778,0.0,0,peripheral,0.9,"Признаков роли не выявлено: вход 1 (87 тыс ₸), выход 0 (0 ₸)",10,0.09000000000000001,0.5440391459074733,0.5433718861209964,0.2852535587188612,0.3388
100000002369874100,3,False,4,600000.0,4,0,0.0,0,0.0,False,False,0,9,0.0,4,1,0.0003373478549116593,0.0,0,terminal,0.974,"Конечный получатель: 600 тыс ₸ от 4 плательщиков, исходящих нет (колено 3)",3,0.4383,0.885008896797153,0.9094750889679716,0.48987989323843417,0.7322
100000003321895100,3,False,1,24000.0,1,2,553830.0,3,23.07625,False,True,0,7,0.0,1,4,0.00031125966376989726,2.1371326803205702e-05,0,peripheral,0.9,"Признаков роли не выявлено: вход 1 (24 тыс ₸), выход 2 (554 тыс ₸)",2,0.09000000000000001,0.8798932384341637,0.5433718861209964,0.682161921708185,0.5388
100000001875239100,3,False,3,712000.0,3,0,0.0,0,0.0,False,False,0,9,0.0,3,1,0.00033397863057687676,0.0,0,terminal,0.978,"Конечный получатель: 712 тыс ₸ от 3 плательщиков, исходящих нет (колено 3)",3,0.4401,0.8976868327402135,0.9094750889679716,0.48565391459074736,0.7358
100000002216999100,3,False,1,23677.0,1,0,0.0,0,0.0,False,False,0,1,0.0,1,1,0.0002892647477950034,0.0,1,peripheral,0.9,"Признаков роли не выявлено: вход 1 (24 тыс ₸), выход 0 (0 ₸)",7,0.09000000000000001,0.24332740213523132,0.14768683274021352,0.2632339857651246,0.1444
100000002653948100,3,False,1,85200.0,1,0,0.0,0,0.0,False,False,0,7,0.0,1,1,0.0002883305558484028,0.0,0,peripheral,0.9,"Признаков роли не выявлено: вход 1 (85 тыс ₸), выход 0 (0 ₸)",6,0.09000000000000001,0.5391459074733096,0.5433718861209964,0.24076957295373666,0.3264
100000008632060100,3,False,1,6000.0,1,9,339200.0,12,56.53333333333333,False,True,0,7,0.0,1,11,0.0002880256481640291,2.771945657896376e-05,0,peripheral,0.55,"Признаков роли не выявлено: вход 1 (6 тыс ₸), выход 9 (339 тыс ₸)",4,0.05500000000000001,0.7984875444839857,0.5433718861209964,0.49243772241992884,0.4524
100000008746449100,3,False,1,10000.0,1,10,1009000.0,10,100.9,False,True,0,8,0.0,1,5,0.00028700414108164825,0.00010340605520926092,0,distributor,0.5,"Веерное распределение: 10 получателей, 1,0 млн ₸, отдаёт в 100.9× больше видимого входа — есть внешние источники",3,0.4,0.9292704626334519,0.8387455516014235,0.5037811387900356,0.7154
100000003031761100,3,False,1,460408.0,1,0,0.0,0,0.0,False,False,0,1,0.0,1,1,0.0003183607828225481,0.0,0,terminal,0.958,"Конечный получатель: 460 тыс ₸ от 1 плательщиков, исходящих нет (колено 3)",21,0.4311,0.849644128113879,0.14768683274021352,0.4571841637010676,0.5237
100000008388049100,3,False,1,496400.0,1,0,0.0,0,0.0,False,False,0,2,0.0,1,1,0.00030921374363523924,0.0,0,terminal,0.963,"Конечный получатель: 496 тыс ₸ от 1 плательщиков, исходящих нет (колено 3)",11,0.43335,0.8612099644128114,0.28113879003558717,0.4249332740213523,0.553
100000002677201100,3,False,1,150000.0,1,1,87750.0,1,0.585,False,False,0,8,0.0,1,2,0.00030890584852738594,1.3357079252003563e-05,0,peripheral,0.9,"Признаков роли не выявлено: вход 1 (150 тыс ₸), выход 1 (88 тыс ₸)",3,0.09000000000000001,0.7402135231316725,0.8387455516014235,0.6634786476868327,0.5638
100000002901457100,3,False,1,340000.0,1,3,119000.0,3,0.35,False,False,0,7,0.0,1,4,0.00037426561132708236,4.096170970614426e-05,0,peripheral,0.85,"Признаков роли не выявлено: вход 1 (340 тыс ₸), выход 3 (119 тыс ₸)",1,0.085,0.8487544483985765,0.5433718861209964,0.7964857651245552,0.5551
100000001160401100,3,False,1,47190.0,2,0,0.0,0,0.0,False,False,0,7,0.0,1,2,0.00030488851800838674,0.0,0,peripheral,0.9,"Признаков роли не выявлено: вход 1 (47 тыс ₸), выход 0 (0 ₸)",4,0.09000000000000001,0.4099199288256228,0.5433718861209964,0.4091414590747331,0.328
100000002842321100,3,False,1,160000.0,1,0,0.0,0,0.0,False,False,0,7,0.0,1,1,0.00029075476206914423,0.0,0,peripheral,0.9,"Признаков роли не выявлено: вход 1 (160 тыс ₸), выход 0 (0 ₸)",6,0.09000000000000001,0.6672597864768683,0.5433718861209964,0.2892571174377224,0.3775
100000002547110100,3,False,6,1500000.0,10,0,0.0,0,0.0,False,False,0,8,0.0,5,2,0.0005516278220472679,0.0,0,consolidator,0.558,"Признаки консолидации: получает от 6 разных плательщиков, 1,5 млн ₸, отдаёт дальше 0% полученного",3,0.47430000000000005,0.9524021352313167,0.8387455516014235,0.6168816725978647,0.782
100000001600934100,3,False,1,180300.0,2,1,11000.0,1,0.06100942872989462,False,False,0,7,0.0,1,3,0.0023668517583921712,0.0,0,peripheral,0.9,"Признаков роли не выявлено: вход 1 (180 тыс ₸), выход 1 (11 тыс ₸)",1,0.09000000000000001,0.699288256227758,0.5433718861209964,0.688056049822064,0.4849
100000002818726100,3,False,1,10879.0,1,0,0.0,0,0.0,False,False,0,7,0.0,1,1,0.0002895964508153981,0.0,0,peripheral,0.9,"Признаков роли не выявлено: вход 1 (11 тыс ₸), выход 0 (0 ₸)",4,0.09000000000000001,0.09653024911032028,0.5433718861209964,0.26901690391459077,0.1978
100000008712827100,3,False,1,76000.0,1,0,0.0,0,0.0,False,False,0,1,0.0,1,1,0.0002974312054351879,0.0,1,peripheral,0.9,"Признаков роли не выявлено: вход 1 (76 тыс ₸), выход 0 (0 ₸)",7,0.09000000000000001,0.5146797153024911,0.14768683274021352,0.36376779359430605,0.2521
100000008259451100,3,False,1,55000.0,1,0,0.0,0,0.0,False,False,0,7,0.0,1,1,0.0003011151344797481,0.0,0,peripheral,0.9,"Признаков роли не выявлено: вход 1 (55 тыс ₸), выход 0 (0 ₸)",14,0.09000000000000001,0.45951957295373663,0.5433718861209964,0.3904581850533808,0.3386
100000003060517100,3,False,1,315955.0,1,0,0.0,0,0.0,False,False,0,7,0.0,1,1,0.00036188349261669046,0.0,0,terminal,0.933,"Конечный получатель: 316 тыс ₸ от 1 плательщиков, исходящих нет (колено 3)",6,0.41985000000000006,0.7873665480427047,0.5433718861209964,0.5174599644128114,0.6115
100000002621434100,3,False,1,81000.0,1,0,0.0,0,0.0,False,False,0,9,0.0,1,1,0.0002897423900896509,0.0,0,peripheral,0.9,"Признаков роли не выявлено: вход 1 (81 тыс ₸), выход 0 (0 ₸)",3,0.09000000000000001,0.5229092526690391,0.9094750889679716,0.2727980427046263,0.4189
100000001860090100,3,False,1,5000.0,1,0,0.0,0,0.0,False,False,0,1,0.0,1,1,0.00037803658179597294,0.0,0,peripheral,0.9,"Признаков роли не выявлено: вход 1 (5 тыс ₸), выход 0 (0 ₸)",20,0.09000000000000001,0.01601423487544484,0.14768683274021352,0.5301379003558719,0.1402
100000004689658100,3,False,1,456100.0,1,1,7092.0,1,0.015549221661916246,False,False,0,7,0.0,1,2,0.0003863163581277,1.0707077556716282e-05,0,terminal,0.958,"Конечный получатель: 456 тыс ₸ от 1 плательщиков, дальше уходит 2% (колено 3)",17,0.4311,0.8505338078291815,0.5433718861209964,0.7618994661921707,0.6955
100000003486970100,3,False,1,150000.0,1,0,0.0,0,0.0,False,False,0,7,0.0,1,1,0.00029043067032840335,0.0,0,peripheral,0.9,"Признаков роли не выявлено: вход 1 (150 тыс ₸), выход 0 (0 ₸)",6,0.09000000000000001,0.650355871886121,0.5433718861209964,0.2841414590747331,0.371
100000004659919100,3,False,1,110000.0,2,1,39000.0,1,0.35454545454545455,False,False,0,10,0.0,1,3,0.0007249529791849306,1.6918967052537847e-05,0,peripheral,0.9,"Признаков роли не выявлено: вход 1 (110 тыс ₸), выход 1 (39 тыс ₸)",8,0.09000000000000001,0.6472419928825622,0.9612989323843416,0.8947953736654803,0.622
100000006111439100,3,False,3,20570.0,3,4,24000.0,4,1.166747690811862,False,False,0,7,0.0,1,7,0.00036550170106991627,1.162312075026466e-05,0,peripheral,0.7,"Признаков роли не выявлено: вход 3 (21 тыс ₸), выход 4 (24 тыс ₸)",4,0.06999999999999999,0.3914590747330961,0.5433718861209964,0.7573398576512456,0.3991
100000002521039100,3,False,1,349370.0,1,0,0.0,0,0.0,False,False,0,7,0.0,1,1,0.00030524580110660585,0.0,0,terminal,0.939,"Конечный получатель: 349 тыс ₸ от 1 плательщиков, исходящих нет (колено 3)",10,0.42255,0.8002669039145908,0.5433718861209964,0.4102535587188612,0.5903
100000008493007100,3,False,1,26150.0,1,1,26150.0,1,1.0,False,False,0,1,1.0,1,2,0.0002896507281429226,2.6714158504007127e-06,1,peripheral,0.9,"Признаков роли не выявлено: вход 1 (26 тыс ₸), выход 1 (26 тыс ₸)",7,0.09000000000000001,0.445729537366548,0.14768683274021352,0.47141903914590744,0.2573
100000007793871100,3,False,1,26000.0,3,0,0.0,0,0.0,False,False,0,8,0.0,1,3,0.0006872267875117613,0.0,0,peripheral,0.9,"Признаков роли не выявлено: вход 1 (26 тыс ₸), выход 0 (0 ₸)",9,0.09000000000000001,0.2713523131672598,0.8387455516014235,0.6464635231316725,0.4161
100000001650895100,3,False,1,153500.0,1,1,10000.0,1,0.06514657980456026,False,False,0,9,0.0,1,2,0.00030927489327733915,1.3357079252003563e-05,0,peripheral,0.9,"Признаков роли не выявлено: вход 1 (154 тыс ₸), выход 1 (10 тыс ₸)",15,0.09000000000000001,0.6708185053380783,0.9094750889679716,0.6645907473309609,0.5601
100000002567887100,3,False,1,50915.0,1,0,0.0,0,0.0,False,False,0,7,0.0,1,1,0.00028721940731527283,0.0,0,peripheral,0.9,"Признаков роли не выявлено: вход 1 (51 тыс ₸), выход 0 (0 ₸)",6,0.09000000000000001,0.4377224199288256,0.5433718861209964,0.21919483985765126,0.29
100000008055972100,3,False,1,28300.0,1,0,0.0,0,0.0,False,False,0,1,0.0,1,1,0.0002899862953681657,0.0,1,peripheral,0.9,"Признаков роли не выявлено: вход 1 (28 тыс ₸), выход 0 (0 ₸)",7,0.09000000000000001,0.2915925266903915,0.14768683274021352,0.2772464412811388,0.1626
100000008684452100,3,False,1,51800.0,1,0,0.0,0,0.0,False,False,0,1,0.0,1,1,0.0002936541231789628,0.0,1,peripheral,0.9,"Признаков роли не выявлено: вход 1 (52 тыс ₸), выход 0 (0 ₸)",7,0.09000000000000001,0.44261565836298933,0.14768683274021352,0.3290702846975089,0.2215
100000000764836100,3,False,1,251716.0,1,2,50000.0,2,0.1986365586613485,False,False,0,7,0.0,1,2,0.00033678317937202955,2.1414155113432564e-05,0,terminal,0.917,"Конечный получатель: 252 тыс ₸ от 1 плательщиков, дальше уходит 20% (колено 3)",1,0.41265,0.7820284697508897,0.5433718861209964,0.7423265124555161,0.6618
100000003072676100,3,False,1,31545.0,1,0,0.0,0,0.0,False,False,0,7,0.0,1,1,0.00029318851653853617,0.0,0,peripheral,0.9,"Признаков роли не выявлено: вход 1 (32 тыс ₸), выход 0 (0 ₸)",6,0.09000000000000001,0.32428825622775803,0.5433718861209964,0.3228425266903915,0.2807
100000008757369100,3,False,1,25961.0,1,1,58398.0,3,2.249451099726513,False,True,0,7,1.0,1,3,0.0002878715741932152,1.0685663401602851e-05,0,peripheral,0.9,"Признаков роли не выявлено: вход 1 (26 тыс ₸), выход 1 (58 тыс ₸)",1,0.09000000000000001,0.5342526690391459,0.5433718861209964,0.44450622775800713,0.3748
100000007618425100,3,False,1,39348.0,1,0,0.0,0,0.0,False,False,0,7,0.0,1,1,0.0002950732143281281,0.0,0,peripheral,0.9,"Признаков роли не выявлено: вход 1 (39 тыс ₸), выход 0 (0 ₸)",6,0.09000000000000001,0.36565836298932386,0.5433718861209964,0.34352758007117434,0.2984
100000004671609100,3,False,1,100000.0,1,0,0.0,0,0.0,False,False,0,9,0.0,1,1,0.00030024211151879094,0.0,0,peripheral,0.9,"Признаков роли не выявлено: вход 1 (100 тыс ₸), выход 0 (0 ₸)",3,0.09000000000000001,0.5798487544483986,0.9094750889679716,0.3837855871886121,0.4635
100000004676985100,3,False,1,32260.0,1,1,27102.0,1,0.8401115933044018,False,False,0,7,0.0,1,2,0.0002873861763544214,1.0707077556716282e-05,0,peripheral,0.9,"Признаков роли не выявлено: вход 1 (32 тыс ₸), выход 1 (27 тыс ₸)",10,0.09000000000000001,0.4706405693950178,0.5433718861209964,0.4496218861209964,0.3565
100000002531406100,3,False,1,520000.0,1,1,500000.0,1,0.9615384615384616,False,False,0,1,0.0,1,2,0.00032260508437457255,1.7809439002671417e-06,0,transit,0.742,Признаки транзита: пропускает 96% полученного (520 тыс ₸),21,0.4452,0.9297153024911032,0.14768683274021352,0.6667037366548043,0.6056
100000002877262100,3,False,1,100000.0,1,0,0.0,0,0.0,False,False,0,8,0.0,1,1,0.00029991776286086456,0.0,0,peripheral,0.9,"Признаков роли не выявлено: вход 1 (100 тыс ₸), выход 0 (0 ₸)",3,0.09000000000000001,0.5798487544483986,0.8387455516014235,0.38178380782918153,0.4457
100000007591246100,3,False,1,12190.0,1,1,120000.0,1,9.844134536505333,False,True,0,7,0.0,1,2,0.00029789309382384895,8.904719501335708e-07,0,peripheral,0.9,"Признаков роли не выявлено: вход 1 (12 тыс ₸), выход 1 (120 тыс ₸)",2,0.09000000000000001,0.6276690391459074,0.5433718861209964,0.5597197508896797,0.4316
100000008712184100,3,False,1,18000.0,1,0,0.0,0,0.0,False,False,0,1,0.0,1,1,0.0002883786942425823,0.0,1,peripheral,0.9,"Признаков роли не выявлено: вход 1 (18 тыс ₸), выход 0 (0 ₸)",7,0.09000000000000001,0.1834964412811388,0.14768683274021352,0.2421040925266904,0.1209
100000002975437100,3,False,1,530000.0,2,1,8500.0,1,0.016037735849056604,False,False,0,7,0.0,1,2,0.000521005714309102,0.0,0,terminal,0.968,"Конечный получатель: 530 тыс ₸ от 1 плательщиков, дальше уходит 2% (колено 3)",28,0.4356,0.8736654804270463,0.5433718861209964,0.5857428825622776,0.6614
100000005008589100,3,False,1,42806.68,1,0,0.0,0,0.0,False,False,0,7,0.0,1,1,0.00030309402044475066,0.0,0,peripheral,0.9,"Признаков роли не выявлено: вход 1 (43 тыс ₸), выход 0 (0 ₸)",4,0.09000000000000001,0.38389679715302494,0.5433718861209964,0.400911921708185,0.3181
100000000782285100,3,False,1,6151.0,1,0,0.0,0,0.0,False,False,0,7,0.0,1,1,0.0003196030120468737,0.0,0,peripheral,0.9,"Признаков роли не выявлено: вход 1 (6 тыс ₸), выход 0 (0 ₸)",4,0.09000000000000001,0.03914590747330961,0.5433718861209964,0.46229982206405695,0.2275
100000005198498100,3,False,1,28800.0,1,0,0.0,0,0.0,False,False,0,1,0.0,1,1,0.00029006433425775714,0.0,1,peripheral,0.9,"Признаков роли не выявлено: вход 1 (29 тыс ₸), выход 0 (0 ₸)",7,0.09000000000000001,0.29537366548042704,0.14768683274021352,0.2783585409252669,0.164
100000008517538100,3,False,3,155500.0,6,17,1439000.0,18,9.254019292604502,False,True,0,8,1.0,1,13,0.00030701646079282416,0.00015255387380917575,0,distributor,0.608,"Веерное распределение: 17 получателей, 1,4 млн ₸, отдаёт в 9.3× больше видимого входа — есть внешние источники",3,0.4864,0.9568505338078291,0.8387455516014235,0.7088523131672597,0.8111
100000005756535100,3,False,1,20000.0,1,0,0.0,0,0.0,False,False,0,1,0.0,1,1,0.0005415991635083553,0.0,1,peripheral,0.9,"Признаков роли не выявлено: вход 1 (20 тыс ₸), выход 0 (0 ₸)",5,0.09000000000000001,0.20462633451957296,0.14768683274021352,0.6099866548042705,0.2175
100000004917367100,3,False,2,120000.0,2,0,0.0,0,0.0,False,False,0,7,0.0,1,2,0.0002940276420429223,0.0,0,terminal,0.848,"Конечный получатель: 120 тыс ₸ от 2 плательщиков, исходящих нет (колено 3)",6,0.3816,0.6158807829181495,0.5433718861209964,0.3328514234875445,0.4974
100000001222263100,3,False,1,745570.0,1,1,420000.0,5,0.5633273870998028,False,False,0,7,0.0,1,5,0.0003097326021317051,1.0707077556716282e-05,0,peripheral,0.9,"Признаков роли не выявлено: вход 1 (746 тыс ₸), выход 1 (420 тыс ₸)",6,0.09000000000000001,0.9377224199288257,0.5433718861209964,0.6553603202846975,0.5499
100000001149815100,3,False,1,12000.0,1,0,0.0,0,0.0,False,False,0,1,0.0,1,1,0.00028744222756748515,0.0,1,peripheral,0.9,"Признаков роли не выявлено: вход 1 (12 тыс ₸), выход 0 (0 ₸)",7,0.09000000000000001,0.1045373665480427,0.14768683274021352,0.22230871886120995,0.0919
100000006020215100,3,False,1,30000.0,1,2,33800.0,2,1.1266666666666667,False,False,0,7,0.0,1,3,0.00029667460701655716,3.399497124257419e-05,0,peripheral,0.9,"Признаков роли не выявлено: вход 1 (30 тыс ₸), выход 2 (34 тыс ₸)",4,0.09000000000000001,0.4835409252669039,0.5433718861209964,0.6234430604982206,0.4031
100000000673868100,3,False,1,2030650.0,5,5,383000.0,19,0.18860955851574618,False,False,0,7,0.0842587348878438,1,11,0.0011728050936714379,3.116651825467498e-05,0,terminal,0.997,"Конечный получатель: 2,0 млн ₸ от 1 плательщиков, дальше уходит 19% (колено 3)",11,0.44865,0.9764234875444839,0.5433718861209964,0.9334964412811388,0.7836
100000008749900100,3,False,1,17150.0,1,0,0.0,0,0.0,False,False,0,1,0.0,1,1,0.00028824602813027684,0.0,1,peripheral,0.9,"Признаков роли не выявлено: вход 1 (17 тыс ₸), выход 0 (0 ₸)",7,0.09000000000000001,0.1699288256227758,0.14768683274021352,0.23654359430604982,0.1154
100000002862113100,3,False,1,47405.0,2,0,0.0,0,0.0,False,False,0,7,0.0,1,2,0.00029896839526532333,0.0,0,peripheral,0.9,"Признаков роли не выявлено: вход 1 (47 тыс ₸), выход 0 (0 ₸)",14,0.09000000000000001,0.41147686832740216,0.5433718861209964,0.37266459074733094,0.3196
100000001066017100,3,False,2,136123.0,3,4,82500.0,4,0.6060695106631503,False,False,0,7,0.0,1,5,0.0003012384075340412,4.282831022686513e-05,0,peripheral,0.8,"Признаков роли не выявлено: вход 2 (136 тыс ₸), выход 4 (82 тыс ₸)",10,0.08000000000000002,0.7255338078291815,0.5433718861209964,0.662700177935943,0.4825
100000008436257100,3,False,2,35000.0,2,0,0.0,0,0.0,False,False,0,7,0.0,2,1,0.0002945798149854981,0.0,0,terminal,0.707,"Конечный получатель: 35 тыс ₸ от 2 плательщиков, исходящих нет (колено 3)",4,0.31815,0.34363879003558717,0.5433718861209964,0.33885676156583633,0.3883
100000003016438100,3,False,1,200000.0,1,1,300000.0,3,1.5,False,True,0,8,1.0,1,3,0.00031668469996408427,1.3357079252003563e-05,0,peripheral,0.9,"Признаков роли не выявлено: вход 1 (200 тыс ₸), выход 1 (300 тыс ₸)",3,0.09000000000000001,0.8643238434163701,0.8387455516014235,0.6923932384341638,0.6089
100000002534091100,3,False,1,22200.0,1,0,0.0,0,0.0,False,False,0,7,0.0,1,1,0.00029636616273709014,0.0,0,peripheral,0.9,"Признаков роли не выявлено: вход 1 (22 тыс ₸), выход 0 (0 ₸)",4,0.09000000000000001,0.23020462633451957,0.5433718861209964,0.3550934163701068,0.2598
100000006882208100,3,False,1,18000.0,1,0,0.0,0,0.0,False,False,0,7,0.0,1,1,0.0006403184460375346,0.0,0,peripheral,0.9,"Признаков роли не выявлено: вход 1 (18 тыс ₸), выход 0 (0 ₸)",2,0.09000000000000001,0.1834964412811388,0.5433718861209964,0.6402357651245552,0.3153
100000005362848100,3,False,1,29000.0,1,0,0.0,0,0.0,False,False,0,7,0.0,1,1,0.00029637417941000597,0.0,0,peripheral,0.9,"Признаков роли не выявлено: вход 1 (29 тыс ₸), выход 0 (0 ₸)",9,0.09000000000000001,0.297153024911032,0.5433718861209964,0.35553825622775803,0.2804
100000001073568100,3,False,1,707465.0,4,2,219503.0,3,0.31026693900051594,False,False,0,7,0.26429576021428625,1,3,0.000485535437513278,1.0685663401602851e-05,0,peripheral,0.9,"Признаков роли не выявлено: вход 1 (707 тыс ₸), выход 2 (220 тыс ₸)",14,0.09000000000000001,0.922153024911032,0.5433718861209964,0.7894795373665481,0.578
100000008687733100,3,False,1,14650.0,1,0,0.0,0,0.0,False,False,0,1,0.0,1,1,0.00028785583368231974,0.0,1,peripheral,0.9,"Признаков роли не выявлено: вход 1 (15 тыс ₸), выход 0 (0 ₸)",7,0.09000000000000001,0.13122775800711745,0.14768683274021352,0.2294261565836299,0.1018
100000007229557100,3,False,3,878000.0,3,0,0.0,0,0.0,False,False,0,9,0.0,3,1,0.00039420933069834953,0.0,0,terminal,0.985,"Конечный получатель: 878 тыс ₸ от 3 плательщиков, исходящих нет (колено 3)",3,0.44325,0.9159252669039146,0.9094750889679716,0.541258896797153,0.7564
100000001052789100,3,False,1,70975.0,1,0,0.0,0,0.0,False,False,0,7,0.0,1,1,0.00029770710734911807,0.0,0,peripheral,0.9,"Признаков роли не выявлено: вход 1 (71 тыс ₸), выход 0 (0 ₸)",18,0.09000000000000001,0.5048932384341637,0.5433718861209964,0.36510231316725983,0.3463
100000006967370100,3,False,1,33225.0,1,1,13526.27,1,0.40711121143717083,False,False,0,7,0.0,1,1,0.0002935942953782791,1.0685663401602851e-05,0,peripheral,0.9,"Признаков роли не выявлено: вход 1 (33 тыс ₸), выход 1 (14 тыс ₸)",6,0.09000000000000001,0.40391459074733094,0.5433718861209964,0.5425934163701067,0.3589
100000001837130100,3,False,1,172900.0,1,0,0.0,0,0.0,False,False,0,7,0.0,1,1,0.000300902455799561,0.0,0,peripheral,0.9,"Признаков роли не выявлено: вход 1 (173 тыс ₸), выход 0 (0 ₸)",1,0.09000000000000001,0.6846085409252669,0.5433718861209964,0.38934608540925264,0.4073
100000005820746100,3,False,1,1989000.0,2,1,60000.0,1,0.030165912518853696,False,False,0,1,0.0,1,2,0.000989461905456685,0.0,0,terminal,0.996,"Конечный получатель: 2,0 млн ₸ от 1 плательщиков, дальше уходит 3% (колено 3)",12,0.4482,0.9719750889679716,0.14768683274021352,0.6678158362989324,0.6201
100000002883402100,3,False,3,300000.0,3,0,0.0,0,0.0,False,False,0,10,0.0,1,3,0.0003006570717458922,0.0,0,terminal,0.93,"Конечный получатель: 300 тыс ₸ от 3 плательщиков, исходящих нет (колено 3)",3,0.41850000000000004,0.7784697508896797,0.9612989323843416,0.3871218861209964,0.6786
100000008582730100,3,False,1,5000.0,1,1,5000.0,1,1.0,False,False,0,7,1.0,1,1,0.0008925911171850297,0.0,0,peripheral,0.9,"Признаков роли не выявлено: вход 1 (5 тыс ₸), выход 1 (5 тыс ₸)",1,0.09000000000000001,0.07873665480427046,0.5433718861209964,0.6641459074733096,0.2891
100000003116106100,3,False,1,494050.0,2,0,0.0,0,0.0,False,False,0,7,0.0,1,2,0.0003015810466685917,0.0,0,terminal,0.962,"Конечный получатель: 494 тыс ₸ от 1 плательщиков, исходящих нет (колено 3)",6,0.4329,0.8598754448398577,0.5433718861209964,0.3935720640569395,0.6089
100000001818442100,3,False,1,42215.0,1,0,0.0,0,0.0,False,False,0,7,0.0,1,1,0.00030129785381765185,0.0,0,peripheral,0.9,"Признаков роли не выявлено: вход 1 (42 тыс ₸), выход 0 (0 ₸)",9,0.09000000000000001,0.38122775800711745,0.5433718861209964,0.39179270462633453,0.315
100000008690762100,3,False,1,26750.0,1,0,0.0,0,0.0,False,False,0,1,0.0,1,1,0.00028974437481043224,0.0,1,peripheral,0.9,"Признаков роли не выявлено: вход 1 (27 тыс ₸), выход 0 (0 ₸)",7,0.09000000000000001,0.2820284697508897,0.14768683274021352,0.273020462633452,0.1586
100000008712991100,3,False,1,66100.0,1,0,0.0,0,0.0,False,False,0,1,0.0,1,1,0.00029588603542127765,0.0,1,peripheral,0.9,"Признаков роли не выявлено: вход 1 (66 тыс ₸), выход 0 (0 ₸)",7,0.09000000000000001,0.49110320284697506,0.14768683274021352,0.35108985765124556,0.2418
100000003292191100,3,False,1,112000.0,1,0,0.0,0,0.0,False,False,0,8,0.0,1,1,0.0002996284816997216,0.0,0,peripheral,0.9,"Признаков роли не выявлено: вход 1 (112 тыс ₸), выход 0 (0 ₸)",3,0.09000000000000001,0.6034252669039146,0.8387455516014235,0.37933718861209964,0.4523
100000005367284100,3,False,1,13700.0,1,2,48300.0,5,3.5255474452554743,False,True,0,7,1.0,1,5,0.00028914323405377366,2.1371326803205702e-05,0,peripheral,0.9,"Признаков роли не выявлено: вход 1 (14 тыс ₸), выход 2 (48 тыс ₸)",1,0.09000000000000001,0.4806494661921708,0.5433718861209964,0.5080071174377224,0.3739
100000003216073100,3,False,1,37001.0,1,1,70000.0,1,1.891840761060512,False,True,0,1,0.0,1,2,0.0002882046043550016,1.7809439002671417e-06,0,peripheral,0.9,"Признаков роли не выявлено: вход 1 (37 тыс ₸), выход 1 (70 тыс ₸)",21,0.09000000000000001,0.594306049822064,0.14768683274021352,0.433385231316726,0.2935
100000006169033100,3,False,1,49000.0,1,3,1140271.0,10,23.270836734693876,False,True,0,7,0.0,1,10,0.0004180416339687668,2.3198668039551944e-05,0,peripheral,0.85,"Признаков роли не выявлено: вход 1 (49 тыс ₸), выход 3 (1,1 млн ₸)",33,0.085,0.9395017793594306,0.5433718861209964,0.8087188612099645,0.5859
100000004407753100,3,False,1,250000.0,4,1,100000.0,1,0.4,False,False,0,7,0.56,1,4,0.0008785641580238728,0.0,0,peripheral,0.9,"Признаков роли не выявлено: вход 1 (250 тыс ₸), выход 1 (100 тыс ₸)",22,0.09000000000000001,0.8013790035587188,0.5433718861209964,0.6624777580071174,0.5099
100000004420041100,3,False,1,69638.0,1,7,651830.0,11,9.360263074758034,False,True,0,7,0.0,1,8,0.00029973777192393526,0.0001080984931817785,0,peripheral,0.65,"Признаков роли не выявлено: вход 1 (70 тыс ₸), выход 7 (652 тыс ₸)",12,0.065,0.8990213523131673,0.5433718861209964,0.6681494661921707,0.5305
100000004715209100,3,False,1,5000.0,1,5,350450.0,17,70.09,False,True,0,7,1.0,1,13,0.0002875439757603291,4.6304541406945686e-05,0,peripheral,0.75,"Признаков роли не выявлено: вход 1 (5 тыс ₸), выход 5 (350 тыс ₸)",29,0.07500000000000001,0.8064946619217082,0.5433718861209964,0.4978870106761566,0.4648
100000004580254100,3,False,2,27940.0,2,0,0.0,0,0.0,False,False,0,7,0.0,1,2,0.0003122789899791896,0.0,0,terminal,0.679,"Конечный получатель: 28 тыс ₸ от 2 плательщиков, исходящих нет (колено 3)",4,0.30555000000000004,0.28870106761565834,0.5433718861209964,0.43738879003558717,0.3902
100000001056414100,3,False,1,250000.0,1,0,0.0,0,0.0,False,False,0,2,0.0,1,1,0.0002974772562529216,0.0,0,terminal,0.916,"Конечный получатель: 250 тыс ₸ от 1 плательщиков, исходящих нет (колено 3)",11,0.4122,0.7504448398576512,0.28113879003558717,0.36399021352313166,0.4951
100000008686494100,3,False,1,15700.0,1,0,0.0,0,0.0,False,False,0,1,0.0,1,1,0.00028801971535046174,0.0,1,peripheral,0.9,"Признаков роли не выявлено: вход 1 (16 тыс ₸), выход 0 (0 ₸)",7,0.09000000000000001,0.1534697508896797,0.14768683274021352,0.23198398576512455,0.1092
100000002822472100,3,False,2,266722.0,2,0,0.0,0,0.0,False,False,0,8,0.0,1,2,0.00031223557685989975,0.0,0,terminal,0.92,"Конечный получатель: 267 тыс ₸ от 2 плательщиков, исходящих нет (колено 3)",11,0.41400000000000003,0.7593416370106761,0.8387455516014235,0.43694395017793597,0.653
100000001831496100,3,False,1,25000.0,1,1,373000.0,1,14.92,False,True,0,7,0.0,1,2,0.0002926355852456805,0.0,0,peripheral,0.9,"Признаков роли не выявлено: вход 1 (25 тыс ₸), выход 1 (373 тыс ₸)",13,0.09000000000000001,0.8236209964412812,0.5433718861209964,0.3161699288256228,0.4319
100000008732488100,3,False,1,137000.0,1,1,10000.0,1,0.072992700729927,False,False,0,7,0.0,1,1,0.0003134431769510035,1.0707077556716282e-05,0,peripheral,0.9,"Признаков роли не выявлено: вход 1 (137 тыс ₸), выход 1 (10 тыс ₸)",1,0.09000000000000001,0.6452402135231317,0.5433718861209964,0.6693727758007118,0.4638
100000004007197100,3,False,1,10048.0,1,0,0.0,0,0.0,False,False,0,1,0.0,1,1,0.00028768870831810195,0.0,2,peripheral,0.9,"Признаков роли не выявлено: вход 1 (10 тыс ₸), выход 0 (0 ₸)",24,0.09000000000000001,0.09252669039145907,0.14768683274021352,0.2276467971530249,0.0895
100000002815005100,3,False,1,476500.0,1,0,0.0,0,0.0,False,False,0,8,0.0,1,1,0.00031901272651967556,0.0,0,terminal,0.959,"Конечный получатель: 476 тыс ₸ от 1 плательщиков, исходящих нет (колено 3)",3,0.43155,0.8540925266903915,0.8387455516014235,0.4596307829181495,0.6951
100000005756189100,3,False,1,65000.0,1,1,49050.0,1,0.7546153846153846,False,False,0,7,1.0,1,1,0.0002876758905321063,1.0685663401602851e-05,0,peripheral,0.9,"Признаков роли не выявлено: вход 1 (65 тыс ₸), выход 1 (49 тыс ₸)",6,0.09000000000000001,0.6072064056939501,0.5433718861209964,0.44183718861209964,0.3964
100000004877085100,3,False,1,25000.0,1,3,95600.0,9,3.824,False,True,0,7,1.0,1,5,0.00029482372155001277,3.205699020480855e-05,0,peripheral,0.85,"Признаков роли не выявлено: вход 1 (25 тыс ₸), выход 3 (96 тыс ₸)",4,0.085,0.6174377224199288,0.5433718861209964,0.6033140569395018,0.437
100000002713074100,3,False,2,700000.0,2,1,430000.0,2,0.6142857142857143,False,False,0,7,0.0,2,3,0.00043360981661775996,1.0685663401602851e-05,0,peripheral,0.8,"Признаков роли не выявлено: вход 2 (700 тыс ₸), выход 1 (430 тыс ₸)",6,0.08000000000000002,0.9359430604982206,0.5433718861209964,0.7734653024911032,0.574
100000002356167100,3,False,1,300000.0,1,2,29500.0,3,0.09833333333333333,False,False,0,7,0.0,1,3,0.0002952920464395158,2.1371326803205702e-05,0,terminal,0.93,"Конечный получатель: 300 тыс ₸ от 1 плательщиков, дальше уходит 10% (колено 3)",6,0.41850000000000004,0.7922597864768683,0.5433718861209964,0.5948620996441281,0.6314
100000004140487100,3,False,1,24510.0,1,10,262600.0,19,10.713994288045695,False,True,0,7,1.0,1,7,0.000289427144859754,0.0003272860481637795,0,distributor,0.5,"Веерное распределение: 10 получателей, 263 тыс ₸, отдаёт в 10.7× больше видимого входа — есть внешние источники",4,0.4,0.7713523131672598,0.5433718861209964,0.5638345195729537,0.6094
100000003147719100,3,False,1,100000.0,1,0,0.0,0,0.0,False,False,0,9,0.0,1,1,0.00029072126443008105,0.0,0,peripheral,0.9,"Признаков роли не выявлено: вход 1 (100 тыс ₸), выход 0 (0 ₸)",3,0.09000000000000001,0.5798487544483986,0.9094750889679716,0.2883674377224199,0.4401
100000008745884100,3,False,1,20000.0,1,0,0.0,0,0.0,False,False,0,1,0.0,1,1,0.000288690849800948,0.0,1,peripheral,0.9,"Признаков роли не выявлено: вход 1 (20 тыс ₸), выход 0 (0 ₸)",7,0.09000000000000001,0.20462633451957296,0.14768683274021352,0.2491103202846975,0.1291
100000002559089100,3,False,2,715000.0,2,0,0.0,0,0.0,False,False,0,9,0.0,2,1,0.0003924259537320126,0.0,0,terminal,0.978,"Конечный получатель: 715 тыс ₸ от 2 плательщиков, исходящих нет (колено 3)",3,0.4401,0.8981316725978647,0.9094750889679716,0.5399243772241993,0.7492
100000004984689100,3,False,1,53030.0,1,0,0.0,0,0.0,False,False,0,7,0.0,1,1,0.0002963587248842163,0.0,0,peripheral,0.9,"Признаков роли не выявлено: вход 1 (53 тыс ₸), выход 0 (0 ₸)",1,0.09000000000000001,0.44973309608540923,0.5433718861209964,0.3546485765124555,0.3269
100000004340038100,3,False,1,9978.0,1,1,49000.0,1,4.910803768290238,False,True,0,7,0.0,1,2,0.0002892629212543268,1.0685663401602851e-05,0,peripheral,0.9,"Признаков роли не выявлено: вход 1 (10 тыс ₸), выход 1 (49 тыс ₸)",4,0.09000000000000001,0.4697508896797153,0.5433718861209964,0.47764679715302494,0.3631
100000005052998100,3,False,1,9500.0,1,1,28400.0,1,2.9894736842105263,False,True,0,7,0.0,1,2,0.0002861043339042946,3.652057638091289e-06,0,peripheral,0.9,"Признаков роли не выявлено: вход 1 (10 тыс ₸), выход 1 (28 тыс ₸)",1,0.09000000000000001,0.35987544483985767,0.5433718861209964,0.4052491103202847,0.3118
100000007597382100,3,False,1,15700.0,1,0,0.0,0,0.0,False,False,0,7,0.0,1,1,0.00028607811825025404,0.0,0,peripheral,0.9,"Признаков роли не выявлено: вход 1 (16 тыс ₸), выход 0 (0 ₸)",6,0.09000000000000001,0.1534697508896797,0.5433718861209964,0.2020685053380783,0.1988
100000008697670100,3,False,1,25350.0,1,0,0.0,0,0.0,False,False,0,1,0.0,1,1,0.0002895258659195763,0.0,1,peripheral,0.9,"Признаков роли не выявлено: вход 1 (25 тыс ₸), выход 0 (0 ₸)",7,0.09000000000000001,0.26868327402135234,0.14768683274021352,0.26768238434163705,0.1532
100000008460102100,3,False,1,17500.0,1,31,476570.0,34,27.23257142857143,False,True,0,1,1.0,1,9,0.00029968918055683897,0.0,0,distributor,0.731,"Веерное распределение: 31 получателей, 477 тыс ₸, отдаёт в 27.2× больше видимого входа — есть внешние источники",11,0.5848,0.8603202846975089,0.14768683274021352,0.37989323843416367,0.5739
100000004399686100,3,False,1,806000.0,2,0,0.0,0,0.0,False,False,0,1,0.0,1,1,0.0005708068229548232,0.0,0,terminal,0.983,"Конечный получатель: 806 тыс ₸ от 1 плательщиков, исходящих нет (колено 3)",12,0.44235,0.9088078291814946,0.14768683274021352,0.6262233096085409,0.588
100000008688155100,3,False,1,23600.0,1,0,0.0,0,0.0,False,False,0,1,0.0,1,1,0.00028925272980600625,0.0,1,peripheral,0.9,"Признаков роли не выявлено: вход 1 (24 тыс ₸), выход 0 (0 ₸)",7,0.09000000000000001,0.24088078291814946,0.14768683274021352,0.26223309608540923,0.1434
100000004386331100,3,False,1,20000.0,1,2,17500.0,2,0.875,False,False,0,9,0.0,1,3,0.0005126940455197122,1.2491590482835661e-05,0,peripheral,0.9,"Признаков роли не выявлено: вход 1 (20 тыс ₸), выход 2 (18 тыс ₸)",12,0.09000000000000001,0.35765124555160144,0.9094750889679716,0.8212855871886121,0.5026
100000007999728100,3,False,1,23250.0,1,0,0.0,0,0.0,False,False,0,7,0.0,1,1,0.00029214094487369326,0.0,0,peripheral,0.9,"Признаков роли не выявлено: вход 1 (23 тыс ₸), выход 0 (0 ₸)",14,0.09000000000000001,0.23798932384341637,0.5433718861209964,0.31016459074733094,0.2512
100000001597424100,3,False,1,48100.0,1,0,0.0,0,0.0,False,False,0,7,0.0,1,1,0.00029916483815591255,0.0,0,peripheral,0.9,"Признаков роли не выявлено: вход 1 (48 тыс ₸), выход 0 (0 ₸)",14,0.09000000000000001,0.41459074733096085,0.5433718861209964,0.37444395017793597,0.321
100000003677936100,3,False,1,71000.0,1,1,13000.0,2,0.18309859154929578,False,False,0,7,0.0,1,2,0.000308883638599444,1.0685663401602851e-05,0,peripheral,0.9,"Признаков роли не выявлено: вход 1 (71 тыс ₸), выход 1 (13 тыс ₸)",18,0.09000000000000001,0.5331405693950177,0.5433718861209964,0.6384564056939501,0.4219
100000002943472100,3,False,1,170000.0,1,0,0.0,0,0.0,False,False,0,8,0.0,1,1,0.00030996169091136613,0.0,0,peripheral,0.9,"Признаков роли не выявлено: вход 1 (170 тыс ₸), выход 0 (0 ₸)",3,0.09000000000000001,0.6817170818505338,0.8387455516014235,0.4287144128113879,0.4884
100000004892144100,3,False,2,4500000.0,7,1,180300.0,1,0.04006666666666667,False,False,0,2,0.0,2,5,0.0027832036872124303,0.0,0,terminal,1.0,"Конечный получатель: 4,5 млн ₸ от 2 плательщиков, дальше уходит 4% (колено 3)",12,0.45,0.9928825622775801,0.28113879003558717,0.6900578291814947,0.6654
100000008077552100,3,False,1,214000.0,1,0,0.0,0,0.0,False,False,0,7,0.0,1,1,0.00032910951980133827,0.0,0,terminal,0.902,"Конечный получатель: 214 тыс ₸ от 1 плательщиков, исходящих нет (колено 3)",1,0.40590000000000004,0.7201957295373665,0.5433718861209964,0.47853647686832745,0.5754
100000002914245100,3,False,1,140611.0,1,0,0.0,0,0.0,False,False,0,1,0.0,1,1,0.00029558398554384,0.0,0,peripheral,0.9,"Признаков роли не выявлено: вход 1 (141 тыс ₸), выход 0 (0 ₸)",21,0.09000000000000001,0.6365658362989324,0.14768683274021352,0.34864323843416367,0.2857
100000004906181100,3,False,1,100000.0,1,7,2473417.91,33,24.734179100000002,False,True,0,7,1.0,1,13,0.00028881021162469923,7.479964381121995e-05,0,peripheral,0.65,"Признаков роли не выявлено: вход 1 (100 тыс ₸), выход 7 (2,5 млн ₸)",6,0.065,0.9804270462633452,0.5433718861209964,0.5336966192170819,0.5225
100000008514970100,3,False,1,379966.0,1,1,31000.0,1,0.0815862471905381,False,False,0,1,0.0,1,1,0.0003126314885305634,1.7809439002671417e-06,0,terminal,0.945,"Конечный получатель: 380 тыс ₸ от 1 плательщиков, дальше уходит 8% (колено 3)",21,0.42524999999999996,0.8282918149466192,0.14768683274021352,0.6364546263345197,0.5586
100000008258458100,3,False,1,19000.0,1,2,1557988.0,4,81.99936842105264,False,True,0,7,1.0,1,3,0.0002912603933485006,2.1414155113432564e-05,0,peripheral,0.9,"Признаков роли не выявлено: вход 1 (19 тыс ₸), выход 2 (1,6 млн ₸)",2,0.09000000000000001,0.9564056939501779,0.5433718861209964,0.5521574733096085,0.5304
100000003484058100,3,False,1,110000.0,1,1,6000.0,1,0.05454545454545454,False,False,0,7,0.0,1,2,0.0003166609747422053,1.0707077556716282e-05,0,peripheral,0.9,"Признаков роли не выявлено: вход 1 (110 тыс ₸), выход 1 (6 тыс ₸)",14,0.09000000000000001,0.6092081850533808,0.5433718861209964,0.6802713523131673,0.4554
100000003574895100,3,False,1,27968.0,1,1,20000.0,1,0.7151029748283753,False,False,0,7,1.0,1,1,0.00028714445105582987,1.0685663401602851e-05,0,peripheral,0.9,"Признаков роли не выявлено: вход 1 (28 тыс ₸), выход 1 (20 тыс ₸)",10,0.09000000000000001,0.41325622775800713,0.5433718861209964,0.4327179715302491,0.3348
100000000896111100,3,False,1,287100.0,1,0,0.0,0,0.0,False,False,0,1,0.0,1,1,0.00038717189285320344,0.0,0,terminal,0.927,"Конечный получатель: 287 тыс ₸ от 1 плательщиков, исходящих нет (колено 3)",12,0.41715,0.7709074733096085,0.14768683274021352,0.53480871886121,0.5126
100000008715887100,3,False,1,18000.0,1,0,0.0,0,0.0,False,False,0,1,0.0,1,1,0.0002883786942425823,0.0,1,peripheral,0.9,"Признаков роли не выявлено: вход 1 (18 тыс ₸), выход 0 (0 ₸)",7,0.09000000000000001,0.1834964412811388,0.14768683274021352,0.2421040925266904,0.1209
100000000560751100,3,False,1,25000.0,1,0,0.0,0,0.0,False,False,0,7,0.0,1,1,0.0005524500973404968,0.0,0,peripheral,0.9,"Признаков роли не выявлено: вход 1 (25 тыс ₸), выход 0 (0 ₸)",4,0.09000000000000001,0.26045373665480426,0.5433718861209964,0.6182161921708185,0.3335
100000008708207100,3,False,2,465000.0,2,0,0.0,0,0.0,False,False,0,9,0.0,2,1,0.00035978690472981295,0.0,0,terminal,0.958,"Конечный получатель: 465 тыс ₸ от 2 плательщиков, исходящих нет (колено 3)",3,0.4311,0.8514234875444839,0.9094750889679716,0.5152357651245552,0.725
100000003152964100,3,False,1,141847.0,1,1,5500.0,1,0.03877417217142414,False,False,0,7,0.0,1,2,0.0003144293427145823,1.0707077556716282e-05,0,peripheral,0.9,"Признаков роли не выявлено: вход 1 (142 тыс ₸), выход 1 (6 тыс ₸)",1,0.09000000000000001,0.6463523131672598,0.5433718861209964,0.6742660142348754,0.4654
100000004991812100,3,False,1,10000.0,1,0,0.0,0,0.0,False,False,0,7,0.0,1,1,0.0003463600077195257,0.0,0,peripheral,0.9,"Признаков роли не выявлено: вход 1 (10 тыс ₸), выход 0 (0 ₸)",23,0.09000000000000001,0.07873665480427046,0.5433718861209964,0.5021129893238434,0.2494
100000000291908100,3,False,1,295500.0,5,1,13300.0,1,0.045008460236886635,False,False,0,7,0.0,1,6,0.0007065527083397005,1.1576135351736421e-05,0,terminal,0.928,"Конечный получатель: 296 тыс ₸ от 1 плательщиков, дальше уходит 5% (колено 3)",38,0.4176,0.7851423487544484,0.5433718861209964,0.8816725978647686,0.699
100000003132484100,3,False,1,90000.0,1,0,0.0,0,0.0,False,False,0,1,0.0,1,1,0.0005388233251189476,0.0,0,peripheral,0.9,"Признаков роли не выявлено: вход 1 (90 тыс ₸), выход 0 (0 ₸)",16,0.09000000000000001,0.5513790035587188,0.14768683274021352,0.6062055160142349,0.3227
100000004077081100,3,False,1,140000.0,1,4,615000.0,6,4.392857142857143,False,True,0,7,1.0,1,5,0.0002901065785876625,7.07331552389433e-05,0,peripheral,0.8,"Признаков роли не выявлено: вход 1 (140 тыс ₸), выход 4 (615 тыс ₸)",8,0.08000000000000002,0.9025800711743772,0.5433718861209964,0.5600533807829181,0.5115
100000004770073100,3,False,1,5462.4,1,1,5466.97,1,1.0008366285881665,False,False,0,7,1.0,1,1,0.0002878055588504013,1.0685663401602851e-05,0,peripheral,0.9,"Признаков роли не выявлено: вход 1 (5 тыс ₸), выход 1 (5 тыс ₸)",4,0.09000000000000001,0.09697508896797152,0.5433718861209964,0.443394128113879,0.2406
100000003163886100,3,False,1,500000.0,1,0,0.0,0,0.0,False,False,0,10,0.0,1,1,0.0007338350680593709,0.0,0,terminal,0.964,"Конечный получатель: 500 тыс ₸ от 1 плательщиков, исходящих нет (колено 3)",19,0.4338,0.8643238434163701,0.9612989323843416,0.6511343416370107,0.7761
100000000795374100,3,False,1,50000.0,1,0,0.0,0,0.0,False,False,0,7,0.0,1,1,0.00029574224412010574,0.0,0,peripheral,0.9,"Признаков роли не выявлено: вход 1 (50 тыс ₸), выход 0 (0 ₸)",1,0.09000000000000001,0.42838078291814946,0.5433718861209964,0.349644128113879,0.3191
100000002391278100,3,False,1,30000.0,5,1,52700.0,2,1.7566666666666666,False,True,0,1,0.6666666666666666,1,6,0.00039132234113293564,0.0,0,peripheral,0.9,"Признаков роли не выявлено: вход 1 (30 тыс ₸), выход 1 (53 тыс ₸)",20,0.09000000000000001,0.5286921708185054,0.14768683274021352,0.5385898576512456,0.2992
100000004635886100,3,False,1,23000.0,1,0,0.0,0,0.0,False,False,0,7,0.0,1,1,0.00029245851948138683,0.0,0,peripheral,0.9,"Признаков роли не выявлено: вход 1 (23 тыс ₸), выход 0 (0 ₸)",2,0.09000000000000001,0.23465302491103202,0.5433718861209964,0.3143905693950178,0.2512
100000000413678100,3,False,2,306500.0,2,3,528198.0,18,1.723321370309951,False,True,0,7,0.4893964110929853,2,15,0.00030069885417385005,3.205699020480855e-05,0,peripheral,0.8,"Признаков роли не выявлено: вход 2 (306 тыс ₸), выход 3 (528 тыс ₸)",17,0.08000000000000002,0.9132562277580071,0.5433718861209964,0.6495774021352313,0.5367
100000008659950100,3,False,1,246000.0,1,0,0.0,0,0.0,False,False,0,8,0.0,1,1,0.0003208665270804821,0.0,0,terminal,0.914,"Конечный получатель: 246 тыс ₸ от 1 плательщиков, исходящих нет (колено 3)",3,0.4113,0.748220640569395,0.8387455516014235,0.46563612099644125,0.6555
100000003964910100,3,False,2,1000000.0,2,0,0.0,0,0.0,False,False,0,7,0.0,2,1,0.0005093616966720358,0.0,0,terminal,0.987,"Конечный получатель: 1,0 млн ₸ от 2 плательщиков, исходящих нет (колено 3)",4,0.44415,0.9268238434163701,0.5433718861209964,0.5832962633451957,0.6807
100000008764654100,3,False,1,26150.0,1,0,0.0,0,0.0,False,False,0,1,0.0,1,1,0.0002896507281429226,0.0,1,peripheral,0.9,"Признаков роли не выявлено: вход 1 (26 тыс ₸), выход 0 (0 ₸)",7,0.09000000000000001,0.2749110320284697,0.14768683274021352,0.2703514234875445,0.1558
100000005830339100,3,False,5,476341.0,12,1,339251.0,1,0.7122019729563485,False,False,0,7,0.0,1,12,0.00036360006135440447,2.6714158504007127e-06,0,consolidator,0.5,"Признаки консолидации: получает от 5 разных плательщиков, 476 тыс ₸, отдаёт дальше 71% полученного",1,0.425,0.9096975088967971,0.5433718861209964,0.7200845195729537,0.7008
100000002032323100,3,False,1,300000.0,1,1,1050000.0,2,3.5,False,True,0,7,1.0,1,2,0.00040405018679958674,1.1599334019775972e-05,0,peripheral,0.9,"Признаков роли не выявлено: вход 1 (300 тыс ₸), выход 1 (1,1 млн ₸)",29,0.09000000000000001,0.9448398576512456,0.5433718861209964,0.7828069395017794,0.5833
100000008668099100,3,False,1,15700.0,1,0,0.0,0,0.0,False,False,0,1,0.0,1,1,0.00028801971535046174,0.0,1,peripheral,0.9,"Признаков роли не выявлено: вход 1 (16 тыс ₸), выход 0 (0 ₸)",7,0.09000000000000001,0.1534697508896797,0.14768683274021352,0.23198398576512455,0.1092
100000008634520100,3,False,1,90000.0,1,0,0.0,0,0.0,False,False,0,8,0.0,1,1,0.00029848291599650714,0.0,0,peripheral,0.9,"Признаков роли не выявлено: вход 1 (90 тыс ₸), выход 0 (0 ₸)",3,0.09000000000000001,0.5513790035587188,0.8387455516014235,0.3686610320284698,0.4338
100000002103448100,3,False,1,27000.0,1,0,0.0,0,0.0,False,False,0,1,0.0,1,1,0.000289783394255228,0.0,1,peripheral,0.9,"Признаков роли не выявлено: вход 1 (27 тыс ₸), выход 0 (0 ₸)",7,0.09000000000000001,0.28536476868327404,0.14768683274021352,0.27424377224199287,0.16
100000005996909100,3,False,1,5500.0,1,0,0.0,0,0.0,False,False,0,7,0.0,1,1,0.00031594960600230085,0.0,0,peripheral,0.9,"Признаков роли не выявлено: вход 1 (6 тыс ₸), выход 0 (0 ₸)",2,0.09000000000000001,0.029804270462633453,0.5433718861209964,0.4511788256227758,0.222
100000007392365100,3,False,1,9613.0,1,6,1765600.0,9,183.66794965151357,False,True,0,7,0.0,1,9,0.0002861106980605716,6.42424653402977e-05,0,peripheral,0.7,"Признаков роли не выявлено: вход 1 (10 тыс ₸), выход 6 (1,8 млн ₸)",10,0.06999999999999999,0.9612989323843416,0.5433718861209964,0.4820951957295374,0.5061
100000008279405100,3,False,1,234738.0,2,0,0.0,0,0.0,False,False,0,7,0.0,1,2,0.00033332885250302973,0.0,0,terminal,0.909,"Конечный получатель: 235 тыс ₸ от 1 плательщиков, исходящих нет (колено 3)",1,0.40905,0.7370996441281139,0.5433718861209964,0.48520907473309605,0.5836
100000008343874100,3,False,2,283535.0,2,2,176400.0,5,0.6221454141464017,False,False,0,7,1.0,1,5,0.0003076522795593052,2.3152270703472843e-05,0,peripheral,0.8,"Признаков роли не выявлено: вход 2 (284 тыс ₸), выход 2 (176 тыс ₸)",21,0.08000000000000002,0.8491992882562278,0.5433718861209964,0.6761565836298933,0.5236
100000002548759100,3,False,2,375000.0,2,0,0.0,0,0.0,False,False,0,9,0.0,2,1,0.00030852903010496164,0.0,0,terminal,0.944,"Конечный получатель: 375 тыс ₸ от 2 плательщиков, исходящих нет (колено 3)",3,0.4248,0.8140569395017794,0.9094750889679716,0.42337633451957296,0.6884
100000003069463100,3,False,1,11500.0,1,1,17920.0,1,1.5582608695652174,False,True,0,7,0.0,1,2,0.0002884531759834954,1.0685663401602851e-05,0,peripheral,0.9,"Признаков роли не выявлено: вход 1 (12 тыс ₸), выход 1 (18 тыс ₸)",26,0.09000000000000001,0.29937722419928825,0.5433718861209964,0.4576290035587189,0.3061
100000008474391100,3,False,1,20000.0,1,0,0.0,0,0.0,False,False,0,7,0.0,1,1,0.0004071507212217605,0.0,0,peripheral,0.9,"Признаков роли не выявлено: вход 1 (20 тыс ₸), выход 0 (0 ₸)",23,0.09000000000000001,0.20462633451957296,0.5433718861209964,0.5479314946619217,0.2992
100000003097324100,3,False,2,294000.0,2,0,0.0,0,0.0,False,False,0,9,0.0,2,1,0.0003260131114572481,0.0,0,terminal,0.927,"Конечный получатель: 294 тыс ₸ от 2 плательщиков, исходящих нет (колено 3)",3,0.41715,0.7744661921708185,0.9094750889679716,0.47386565836298933,0.6854
100000001852140100,3,False,1,30000.0,1,0,0.0,0,0.0,False,False,0,1,0.0,1,1,0.0008047208113869022,0.0,10,peripheral,0.9,"Признаков роли не выявлено: вход 1 (30 тыс ₸), выход 0 (0 ₸)",43,0.09000000000000001,0.3082740213523132,0.14768683274021352,0.6558051601423488,0.2604
100000003293377100,3,False,1,50000.0,1,0,0.0,0,0.0,False,False,0,7,0.0,1,1,0.000287189752920995,0.0,0,peripheral,0.9,"Признаков роли не выявлено: вход 1 (50 тыс ₸), выход 0 (0 ₸)",6,0.09000000000000001,0.42838078291814946,0.5433718861209964,0.21830516014234874,0.2869
100000006048193100,3,False,1,41559.0,1,0,0.0,0,0.0,False,False,0,7,0.0,1,1,0.00029641085375483743,0.0,0,peripheral,0.9,"Признаков роли не выявлено: вход 1 (42 тыс ₸), выход 0 (0 ₸)",1,0.09000000000000001,0.3790035587188612,0.5433718861209964,0.35576067615658363,0.3055
100000002435265100,3,False,1,132628.0,3,0,0.0,0,0.0,False,False,0,7,0.0,1,3,0.00029303889880759933,0.0,0,peripheral,0.9,"Признаков роли не выявлено: вход 1 (133 тыс ₸), выход 0 (0 ₸)",10,0.09000000000000001,0.6281138790035588,0.5433718861209964,0.32084074733096085,0.3732
100000004587414100,3,False,2,533603.0,2,0,0.0,0,0.0,False,False,0,7,0.0,1,2,0.0003148717706403767,0.0,0,terminal,0.968,"Конечный получатель: 534 тыс ₸ от 2 плательщиков, исходящих нет (колено 3)",6,0.4356,0.873220640569395,0.5433718861209964,0.448732206405694,0.6277
100000001726614100,3,False,1,138717.0,1,0,0.0,0,0.0,False,False,0,7,0.0,1,1,0.0002978710303376365,0.0,0,peripheral,0.9,"Признаков роли не выявлено: вход 1 (139 тыс ₸), выход 0 (0 ₸)",1,0.09000000000000001,0.6330071174377224,0.5433718861209964,0.3659919928825623,0.3858
100000003934614100,3,False,2,17000.0,2,1,11500.0,2,0.6764705882352942,False,False,0,7,0.5882352941176471,1,3,0.0003134906893691794,2.9682398337785693e-07,0,peripheral,0.8,"Признаков роли не выявлено: вход 2 (17 тыс ₸), выход 1 (12 тыс ₸)",22,0.08000000000000002,0.29359430604982206,0.5433718861209964,0.6345640569395017,0.3433
100000008772246100,3,False,1,44500.0,1,0,0.0,0,0.0,False,False,0,1,0.0,1,1,0.00029251475539092793,0.0,1,peripheral,0.9,"Признаков роли не выявлено: вход 1 (44 тыс ₸), выход 0 (0 ₸)",7,0.09000000000000001,0.3899021352313167,0.14768683274021352,0.31494661921708184,0.2019
100000002603371100,3,False,1,9300.0,1,0,0.0,0,0.0,False,False,0,7,0.0,1,1,0.0002893766428347351,0.0,0,peripheral,0.9,"Признаков роли не выявлено: вход 1 (9 тыс ₸), выход 0 (0 ₸)",4,0.09000000000000001,0.06227758007117438,0.5433718861209964,0.2656806049822064,0.1865
100000004445291100,3,False,1,19500.0,2,0,0.0,0,0.0,False,False,0,7,0.0,1,2,0.0003192394235172127,0.0,0,peripheral,0.9,"Признаков роли не выявлено: вход 1 (20 тыс ₸), выход 0 (0 ₸)",25,0.09000000000000001,0.19306049822064056,0.5433718861209964,0.4605204626334519,0.2742
100000008571243100,3,False,1,134000.0,1,0,0.0,0,0.0,False,False,0,9,0.0,1,1,0.00030626343281042745,0.0,0,peripheral,0.9,"Признаков роли не выявлено: вход 1 (134 тыс ₸), выход 0 (0 ₸)",15,0.09000000000000001,0.6294483985765125,0.9094750889679716,0.4144795373665481,0.4862
100000001138283100,3,False,1,81805.0,1,2,50000.0,2,0.6112095837662734,False,False,0,7,0.0,1,2,0.0003022132575532862,1.0685663401602851e-05,0,peripheral,0.9,"Признаков роли не выявлено: вход 1 (82 тыс ₸), выход 2 (50 тыс ₸)",1,0.09000000000000001,0.6272241992882562,0.5433718861209964,0.6113211743772242,0.4441
100000002593344100,3,False,2,431000.0,2,0,0.0,0,0.0,False,False,0,9,0.0,2,1,0.0003589615897510939,0.0,0,terminal,0.953,"Конечный получатель: 431 тыс ₸ от 2 плательщиков, исходящих нет (колено 3)",3,0.42885,0.8358540925266904,0.9094750889679716,0.5143460854092526,0.7191
100000007390016100,3,False,1,511000.0,13,1,346500.0,14,0.678082191780822,False,False,0,7,0.6575342465753424,1,7,0.0018430013608097095,0.0,0,peripheral,0.9,"Признаков роли не выявлено: вход 1 (511 тыс ₸), выход 1 (346 тыс ₸)",6,0.09000000000000001,0.9145907473309609,0.5433718861209964,0.6831628113879004,0.5497
100000001285440100,3,False,2,243000.0,2,0,0.0,0,0.0,False,False,0,9,0.0,2,1,0.0003203647790984497,0.0,0,terminal,0.913,"Конечный получатель: 243 тыс ₸ от 2 плательщиков, исходящих нет (колено 3)",3,0.41085000000000005,0.7451067615658363,0.9094750889679716,0.46430160142348753,0.6713
100000006746688100,3,False,1,41000.0,1,0,0.0,0,0.0,False,False,0,1,0.0,1,1,0.000291968483163788,0.0,1,peripheral,0.9,"Признаков роли не выявлено: вход 1 (41 тыс ₸), выход 0 (0 ₸)",7,0.09000000000000001,0.3765569395017794,0.14768683274021352,0.306605871886121,0.1958
100000006471232100,3,False,1,41800.0,1,0,0.0,0,0.0,False,False,0,1,0.0,1,1,0.00029209334538713425,0.0,1,peripheral,0.9,"Признаков роли не выявлено: вход 1 (42 тыс ₸), выход 0 (0 ₸)",7,0.09000000000000001,0.3798932384341637,0.14768683274021352,0.3094973309608541,0.1975
100000008662805100,3,False,1,16500.0,1,0,0.0,0,0.0,False,False,0,1,0.0,1,1,0.000288144577573808,0.0,1,peripheral,0.9,"Признаков роли не выявлено: вход 1 (16 тыс ₸), выход 0 (0 ₸)",7,0.09000000000000001,0.16347864768683273,0.14768683274021352,0.2352090747330961,0.1131
100000004292885100,3,False,1,112700.0,1,0,0.0,0,0.0,False,False,0,1,0.0,1,1,0.00030315925993119875,0.0,1,peripheral,0.9,"Признаков роли не выявлено: вход 1 (113 тыс ₸), выход 0 (0 ₸)",7,0.09000000000000001,0.6045373665480427,0.14768683274021352,0.40180160142348753,0.2889
100000008190442100,3,False,1,13000.0,1,0,0.0,0,0.0,False,False,0,1,0.0,1,1,0.000287598305346668,0.0,1,peripheral,0.9,"Признаков роли не выявлено: вход 1 (13 тыс ₸), выход 0 (0 ₸)",7,0.09000000000000001,0.11543594306049822,0.14768683274021352,0.22631227758007116,0.0962
100000007131370100,3,False,1,30000.0,1,1,30000.0,1,1.0,False,False,0,7,0.0,1,2,0.0008999890359090033,0.0,0,peripheral,0.9,"Признаков роли не выявлено: вход 1 (30 тыс ₸), выход 1 (30 тыс ₸)",2,0.09000000000000001,0.474644128113879,0.5433718861209964,0.6647019572953736,0.4104
100000008717802100,3,False,1,26150.0,1,0,0.0,0,0.0,False,False,0,1,0.0,1,1,0.0002896507281429226,0.0,1,peripheral,0.9,"Признаков роли не выявлено: вход 1 (26 тыс ₸), выход 0 (0 ₸)",7,0.09000000000000001,0.2749110320284697,0.14768683274021352,0.2703514234875445,0.1558
100000005357034100,3,False,1,9754.0,1,0,0.0,0,0.0,False,False,0,7,0.0,1,1,0.0002861186391759261,0.0,0,peripheral,0.9,"Признаков роли не выявлено: вход 1 (10 тыс ₸), выход 0 (0 ₸)",10,0.09000000000000001,0.0645017793594306,0.5433718861209964,0.20295818505338079,0.1718
100000005532138100,3,False,1,25046.0,1,0,0.0,0,0.0,False,False,0,7,0.0,1,1,0.00029379367547638114,0.0,0,peripheral,0.9,"Признаков роли не выявлено: вход 1 (25 тыс ₸), выход 0 (0 ₸)",18,0.09000000000000001,0.2664590747330961,0.5433718861209964,0.3310720640569395,0.265
100000005264874100,3,False,1,30000.0,1,2,78000.0,3,2.6,False,True,0,1,0.0,1,4,0.00042829267239375297,8.904719501335708e-07,0,peripheral,0.9,"Признаков роли не выявлено: вход 1 (30 тыс ₸), выход 2 (78 тыс ₸)",32,0.09000000000000001,0.5956405693950177,0.14768683274021352,0.7497775800711743,0.3714
100000008193258100,3,False,1,75000.0,2,1,30000.0,1,0.4,False,False,0,7,0.0,1,3,0.00029737422274379974,1.0685663401602851e-05,0,peripheral,0.9,"Признаков роли не выявлено: вход 1 (75 тыс ₸), выход 1 (30 тыс ₸)",4,0.09000000000000001,0.5916370106761566,0.5433718861209964,0.5775133451957295,0.4249
100000003190207100,3,False,1,5000.0,1,1,377000.0,8,75.4,False,True,0,8,1.0,1,8,0.0002991258827616204,1.0685663401602851e-05,0,peripheral,0.9,"Признаков роли не выявлено: вход 1 (5 тыс ₸), выход 1 (377 тыс ₸)",16,0.09000000000000001,0.8176156583629893,0.8387455516014235,0.5885231316725978,0.5691
100000004321983100,3,False,1,10840.0,1,2,36200.0,3,3.339483394833948,False,True,0,1,0.0,1,3,0.0003237813951694772,0.0,0,peripheral,0.9,"Признаков роли не выявлено: вход 1 (11 тыс ₸), выход 2 (36 тыс ₸)",20,0.09000000000000001,0.40791814946619215,0.14768683274021352,0.47097419928825623,0.2457
100000002633108100,3,False,1,320000.0,3,0,0.0,0,0.0,False,False,0,7,0.0,1,3,0.0003760178193806783,0.0,0,terminal,0.934,"Конечный получатель: 320 тыс ₸ от 1 плательщиков, исходящих нет (колено 3)",14,0.4203,0.7891459074733096,0.5433718861209964,0.5285809608540926,0.615
100000005941908100,3,False,1,10000.0,1,0,0.0,0,0.0,False,False,0,8,0.0,1,1,0.0006923487710335455,0.0,0,peripheral,0.9,"Признаков роли не выявлено: вход 1 (10 тыс ₸), выход 0 (0 ₸)",14,0.09000000000000001,0.07873665480427046,0.8387455516014235,0.6471307829181495,0.3573
100000001835625100,3,False,1,75130.0,1,0,0.0,0,0.0,False,False,0,7,0.0,1,1,0.0002880041954654767,0.0,0,peripheral,0.9,"Признаков роли не выявлено: вход 1 (75 тыс ₸), выход 0 (0 ₸)",6,0.09000000000000001,0.5124555160142349,0.5433718861209964,0.2314279359430605,0.3159
100000008671081100,3,False,1,37200.0,1,0,0.0,0,0.0,False,False,0,1,0.0,1,1,0.0002913753876028931,0.0,1,peripheral,0.9,"Признаков роли не выявлено: вход 1 (37 тыс ₸), выход 0 (0 ₸)",7,0.09000000000000001,0.35587188612099646,0.14768683274021352,0.30015569395017794,0.1879
100000002908521100,3,False,1,44500.0,1,0,0.0,0,0.0,False,False,0,1,0.0,1,1,0.00029251475539092793,0.0,1,peripheral,0.9,"Признаков роли не выявлено: вход 1 (44 тыс ₸), выход 0 (0 ₸)",7,0.09000000000000001,0.3899021352313167,0.14768683274021352,0.31494661921708184,0.2019
100000000749118100,3,False,1,10330.0,1,1,16500.0,1,1.5972894482090998,False,True,0,7,0.0,1,2,0.00028615107947694863,1.0685663401602851e-05,0,peripheral,0.9,"Признаков роли не выявлено: вход 1 (10 тыс ₸), выход 1 (16 тыс ₸)",10,0.09000000000000001,0.28291814946619215,0.5433718861209964,0.4184830960854093,0.2914
100000008652094100,3,False,1,35000.0,1,0,0.0,0,0.0,False,False,0,7,0.0,1,1,0.0002875404930641467,0.0,0,peripheral,0.9,"Признаков роли не выявлено: вход 1 (35 тыс ₸), выход 0 (0 ₸)",10,0.09000000000000001,0.34363879003558717,0.5433718861209964,0.22475533807829182,0.2626
100000007647294100,3,False,1,385000.0,1,0,0.0,0,0.0,False,False,0,7,0.0,1,1,0.000579218128600068,0.0,0,terminal,0.946,"Конечный получатель: 385 тыс ₸ от 1 плательщиков, исходящих нет (колено 3)",31,0.42569999999999997,0.8185053380782918,0.5433718861209964,0.6284475088967971,0.6507
100000003270419100,3,False,1,150000.0,1,0,0.0,0,0.0,False,False,0,10,0.0,1,1,0.0008334814098706033,0.0,0,peripheral,0.9,"Признаков роли не выявлено: вход 1 (150 тыс ₸), выход 0 (0 ₸)",30,0.09000000000000001,0.650355871886121,0.9612989323843416,0.6584741992882562,0.5651
100000003050771100,3,False,1,229000.0,1,0,0.0,0,0.0,False,False,0,7,0.0,1,1,0.00037033984858502356,0.0,0,terminal,0.906,"Конечный получатель: 229 тыс ₸ от 1 плательщиков, исходящих нет (колено 3)",4,0.4077,0.7308718861209964,0.5433718861209964,0.524799822064057,0.5908
100000008427027100,3,False,1,300000.0,1,0,0.0,0,0.0,False,False,0,10,0.0,1,1,0.0005512640793595238,0.0,0,terminal,0.93,"Конечный получатель: 300 тыс ₸ от 1 плательщиков, исходящих нет (колено 3)",8,0.41850000000000004,0.7784697508896797,0.9612989323843416,0.6164368327402135,0.7348
100000004291560100,3,False,1,47190.0,1,0,0.0,0,0.0,False,False,0,7,0.0,1,1,0.00028822703346252307,0.0,0,peripheral,0.9,"Признаков роли не выявлено: вход 1 (47 тыс ₸), выход 0 (0 ₸)",10,0.09000000000000001,0.4099199288256228,0.5433718861209964,0.23609875444839856,0.2857
100000003594472100,3,False,1,20000.0,1,0,0.0,0,0.0,False,False,0,7,0.0,1,1,0.0002944536874283026,0.0,0,peripheral,0.9,"Признаков роли не выявлено: вход 1 (20 тыс ₸), выход 0 (0 ₸)",28,0.09000000000000001,0.20462633451957296,0.5433718861209964,0.3370774021352313,0.2475
100000002575080100,3,False,1,13000.0,1,1,12500.0,1,0.9615384615384616,False,False,0,7,1.0,1,1,0.0005518178489503663,1.0685663401602851e-05,0,peripheral,0.9,"Признаков роли не выявлено: вход 1 (13 тыс ₸), выход 1 (12 тыс ₸)",2,0.09000000000000001,0.2695729537366548,0.5433718861209964,0.8321841637010676,0.3887
100000008038077100,3,False,1,499850.0,2,0,0.0,0,0.0,False,False,0,7,0.0,1,1,0.0003017690198782214,0.0,0,terminal,0.963,"Конечный получатель: 500 тыс ₸ от 1 плательщиков, исходящих нет (колено 3)",6,0.43335,0.8625444839857651,0.5433718861209964,0.39446174377224197,0.6102
100000003899325100,3,False,1,50120.0,1,0,0.0,0,0.0,False,False,0,7,0.0,1,1,0.0002966402059541681,0.0,0,peripheral,0.9,"Признаков роли не выявлено: вход 1 (50 тыс ₸), выход 0 (0 ₸)",17,0.09000000000000001,0.43505338078291816,0.5433718861209964,0.3575400355871886,0.3231
100000001155773100,3,False,1,21500.0,1,0,0.0,0,0.0,False,False,0,1,0.0,1,1,0.0002889249664697223,0.0,1,peripheral,0.9,"Признаков роли не выявлено: вход 1 (22 тыс ₸), выход 0 (0 ₸)",7,0.09000000000000001,0.22597864768683273,0.14768683274021352,0.2561165480427046,0.1373
100000000611474100,3,False,1,32000.0,1,0,0.0,0,0.0,False,False,0,7,0.0,1,1,0.0005956216679556007,0.0,0,peripheral,0.9,"Признаков роли не выявлено: вход 1 (32 тыс ₸), выход 0 (0 ₸)",23,0.09000000000000001,0.327846975088968,0.5433718861209964,0.6317838078291815,0.3574
100000006704530100,3,False,1,450500.0,1,3,428000.0,5,0.9500554938956715,False,False,0,7,0.0,1,5,0.0003985422277542583,3.205699020480855e-05,0,transit,0.725,Признаки транзита: пропускает 95% полученного (450 тыс ₸),26,0.435,0.9163701067615658,0.5433718861209964,0.8061610320284698,0.7282
100000003996562100,3,False,1,7700.0,1,0,0.0,0,0.0,False,False,0,7,0.0,1,1,0.0003281736881837659,0.0,0,peripheral,0.9,"Признаков роли не выявлено: вход 1 (8 тыс ₸), выход 0 (0 ₸)",4,0.09000000000000001,0.05004448398576512,0.5433718861209964,0.4774243772241993,0.2346
100000002646887100,3,False,1,24354.0,1,0,0.0,0,0.0,False,False,0,7,0.0,1,1,0.00029518757307712165,0.0,0,peripheral,0.9,"Признаков роли не выявлено: вход 1 (24 тыс ₸), выход 0 (0 ₸)",29,0.09000000000000001,0.25222419928825623,0.5433718861209964,0.3446396797153025,0.264
100000002556775100,3,False,1,300000.0,1,0,0.0,0,0.0,False,False,0,7,0.0,1,1,0.0002952920464395158,0.0,0,terminal,0.93,"Конечный получатель: 300 тыс ₸ от 1 плательщиков, исходящих нет (колено 3)",6,0.41850000000000004,0.7784697508896797,0.5433718861209964,0.3454181494661922,0.5661
100000002722108100,3,False,1,800000.0,2,0,0.0,0,0.0,False,False,0,2,0.0,1,2,0.00032367477273130915,0.0,0,terminal,0.982,"Конечный получатель: 800 тыс ₸ от 1 плательщиков, исходящих нет (колено 3)",11,0.4419,0.9074733096085409,0.28113879003558717,0.4707517793594306,0.582
100000002737980100,3,False,1,32900.0,1,0,0.0,0,0.0,False,False,0,7,0.0,1,1,0.00029542388166028027,0.0,0,peripheral,0.9,"Признаков роли не выявлено: вход 1 (33 тыс ₸), выход 0 (0 ₸)",2,0.09000000000000001,0.33140569395017794,0.5433718861209964,0.3461966192170819,0.2886
100000002913340100,3,False,1,23600.0,1,0,0.0,0,0.0,False,False,0,1,0.0,1,1,0.00028925272980600625,0.0,1,peripheral,0.9,"Признаков роли не выявлено: вход 1 (24 тыс ₸), выход 0 (0 ₸)",7,0.09000000000000001,0.24088078291814946,0.14768683274021352,0.26223309608540923,0.1434
100000003610172100,3,False,1,70000.0,1,0,0.0,0,0.0,False,False,0,7,0.0,1,1,0.0002878379364024767,0.0,0,peripheral,0.9,"Признаков роли не выявлено: вход 1 (70 тыс ₸), выход 0 (0 ₸)",6,0.09000000000000001,0.5002224199288257,0.5433718861209964,0.22920373665480426,0.3116
100000001052945100,3,False,1,56520.0,1,3,1595700.0,6,28.23248407643312,False,True,0,7,0.0,1,6,0.0003015447649742742,3.205699020480855e-05,0,peripheral,0.85,"Признаков роли не выявлено: вход 1 (57 тыс ₸), выход 3 (1,6 млн ₸)",14,0.085,0.9586298932384342,0.5433718861209964,0.6555827402135231,0.5542
100000002369510100,3,False,1,37150.0,1,0,0.0,0,0.0,False,False,0,1,0.0,1,1,0.000291367583713934,0.0,1,peripheral,0.9,"Признаков роли не выявлено: вход 1 (37 тыс ₸), выход 0 (0 ₸)",7,0.09000000000000001,0.35520462633451955,0.14768683274021352,0.2998220640569395,0.1876
100000001954534100,3,False,1,13000.0,1,1,40000.0,1,3.076923076923077,False,True,0,7,0.0,1,2,0.0003659515092221361,1.0685663401602851e-05,0,peripheral,0.9,"Признаков роли не выявлено: вход 1 (13 тыс ₸), выход 1 (40 тыс ₸)",1,0.09000000000000001,0.4486209964412811,0.5433718861209964,0.7356539145907474,0.4199
100000008488166100,3,False,1,5600.0,1,0,0.0,0,0.0,False,False,0,1,0.0,1,1,0.0002864433297807149,0.0,1,peripheral,0.9,"Признаков роли не выявлено: вход 1 (6 тыс ₸), выход 0 (0 ₸)",7,0.09000000000000001,0.03158362989323844,0.14768683274021352,0.20829626334519574,0.0661
100000005100475100,3,False,1,40000.0,1,0,0.0,0,0.0,False,False,0,1,0.0,1,1,0.0003377497462501435,0.0,0,peripheral,0.9,"Признаков роли не выявлено: вход 1 (40 тыс ₸), выход 0 (0 ₸)",20,0.09000000000000001,0.37055160142348753,0.14768683274021352,0.49054715302491103,0.239
100000002708624100,3,False,1,25000.0,1,0,0.0,0,0.0,False,False,0,7,0.0,1,1,0.000328736126653088,0.0,0,peripheral,0.9,"Признаков роли не выявлено: вход 1 (25 тыс ₸), выход 0 (0 ₸)",25,0.09000000000000001,0.26045373665480426,0.5433718861209964,0.47809163701067614,0.2992
100000004591973100,3,False,1,10000.0,1,1,100000.0,1,10.0,False,True,0,9,0.0,1,2,0.0003991316698685015,1.3357079252003563e-05,0,peripheral,0.9,"Признаков роли не выявлено: вход 1 (10 тыс ₸), выход 1 (100 тыс ₸)",12,0.09000000000000001,0.5991992882562278,0.9094750889679716,0.7839190391459074,0.5674
100000000802149100,3,False,1,104128.0,1,0,0.0,0,0.0,False,False,0,7,0.0,1,1,0.0002948035998809035,0.0,0,peripheral,0.9,"Признаков роли не выявлено: вход 1 (104 тыс ₸), выход 0 (0 ₸)",1,0.09000000000000001,0.5903024911032029,0.5433718861209964,0.3408585409252669,0.3665
100000003095610100,3,False,1,23665.0,1,0,0.0,0,0.0,False,False,0,7,0.0,1,1,0.00029438645311679446,0.0,0,peripheral,0.9,"Признаков роли не выявлено: вход 1 (24 тыс ₸), выход 0 (0 ₸)",9,0.09000000000000001,0.24243772241992884,0.5433718861209964,0.3366325622775801,0.259
100000004183610100,3,False,1,22000.0,1,1,915000.0,3,41.59090909090909,False,True,0,7,1.0,1,4,0.0003407627226653414,1.0707077556716282e-05,0,peripheral,0.9,"Признаков роли не выявлено: вход 1 (22 тыс ₸), выход 1 (915 тыс ₸)",17,0.09000000000000001,0.9230427046263345,0.5433718861209964,0.7231983985765125,0.562
100000005198906100,3,False,1,227970.0,1,1,60000.0,1,0.26319252533228055,False,False,0,7,0.0,1,2,0.0002929576136309596,1.0685663401602851e-05,0,peripheral,0.9,"Признаков роли не выявлено: вход 1 (228 тыс ₸), выход 1 (60 тыс ₸)",6,0.09000000000000001,0.7722419928825622,0.5433718861209964,0.5341414590747331,0.4696
100000008599354100,3,False,1,177000.0,1,1,38200.0,2,0.21581920903954802,False,False,0,7,0.0,1,3,0.0003317435534185647,1.7809439002671417e-06,0,peripheral,0.9,"Признаков роли не выявлено: вход 1 (177 тыс ₸), выход 1 (38 тыс ₸)",1,0.09000000000000001,0.7219750889679716,0.5433718861209964,0.6807161921708185,0.4901
100000001303311100,3,False,5,1324000.0,5,0,0.0,0,0.0,False,False,0,9,0.0,4,2,0.0005016994290161644,0.0,0,consolidator,0.5,"Признаки консолидации: получает от 5 разных плательщиков, 1,3 млн ₸, отдаёт дальше 0% полученного",3,0.425,0.9435053380782918,0.9094750889679716,0.580182384341637,0.7665
100000008776420100,3,False,1,69500.0,1,0,0.0,0,0.0,False,False,0,1,0.0,1,1,0.00029641669987049937,0.0,1,peripheral,0.9,"Признаков роли не выявлено: вход 1 (70 тыс ₸), выход 0 (0 ₸)",7,0.09000000000000001,0.4973309608540925,0.14768683274021352,0.35598309608540923,0.2449
100000004737764100,3,False,1,600000.0,1,0,0.0,0,0.0,False,False,0,7,0.0,1,1,0.0006766224227546178,0.0,0,terminal,0.974,"Конечный получатель: 600 тыс ₸ от 1 плательщиков, исходящих нет (колено 3)",8,0.4383,0.885008896797153,0.5433718861209964,0.6451290035587188,0.6806
100000003154105100,3,False,1,60000.0,1,7,338000.0,9,5.633333333333334,False,True,0,7,1.0,1,6,0.000550680796574537,8.11953381384318e-05,0,peripheral,0.65,"Признаков роли не выявлено: вход 1 (60 тыс ₸), выход 7 (338 тыс ₸)",19,0.065,0.8236209964412812,0.5433718861209964,0.8987989323843417,0.5639
100000008708025100,3,False,1,10000.0,1,0,0.0,0,0.0,False,False,0,7,0.0,1,1,0.0003092890887695541,0.0,0,peripheral,0.9,"Признаков роли не выявлено: вход 1 (10 тыс ₸), выход 0 (0 ₸)",22,0.09000000000000001,0.07873665480427046,0.5433718861209964,0.42548932384341637,0.2306
100000008740793100,3,False,1,21000.0,1,0,0.0,0,0.0,False,False,0,1,0.0,1,1,0.00028884692758013086,0.0,1,peripheral,0.9,"Признаков роли не выявлено: вход 1 (21 тыс ₸), выход 0 (0 ₸)",7,0.09000000000000001,0.22197508896797152,0.14768683274021352,0.25411476868327404,0.1356
100000008459449100,3,False,1,53700.0,1,0,0.0,0,0.0,False,False,0,7,0.0,1,1,0.0002995780948902197,0.0,0,peripheral,0.9,"Признаков роли не выявлено: вход 1 (54 тыс ₸), выход 0 (0 ₸)",1,0.09000000000000001,0.452846975088968,0.5433718861209964,0.3784475088967971,0.3337
100000008677518100,3,False,1,48700.0,1,0,0.0,0,0.0,False,False,0,1,0.0,1,1,0.000293170282063496,0.0,1,peripheral,0.9,"Признаков роли не выявлено: вход 1 (49 тыс ₸), выход 0 (0 ₸)",7,0.09000000000000001,0.41637010676156583,0.14768683274021352,0.3223976868327402,0.2119
100000002212494100,3,False,1,160000.0,1,0,0.0,0,0.0,False,False,0,7,0.0,1,1,0.00035664443990538483,0.0,0,peripheral,0.9,"Признаков роли не выявлено: вход 1 (160 тыс ₸), выход 0 (0 ₸)",28,0.09000000000000001,0.6672597864768683,0.5433718861209964,0.5114546263345195,0.4319
100000001825934100,3,False,1,40000.0,1,1,97000.0,1,2.425,False,True,0,1,0.0,1,2,0.00047586713178590694,8.922564630596902e-07,0,peripheral,0.9,"Признаков роли не выявлено: вход 1 (40 тыс ₸), выход 1 (97 тыс ₸)",32,0.09000000000000001,0.6316725978647687,0.14768683274021352,0.7667927046263345,0.3866
100000003736419100,3,False,1,23300.0,1,1,10000.0,1,0.4291845493562232,False,False,0,7,0.0,1,1,0.0002916476006545207,1.0685663401602851e-05,0,peripheral,0.9,"Признаков роли не выявлено: вход 1 (23 тыс ₸), выход 1 (10 тыс ₸)",1,0.09000000000000001,0.3334074733096085,0.5433718861209964,0.517682384341637,0.3312
100000008430691100,3,False,1,20000.0,1,2,604900.0,2,30.245,False,True,0,7,1.0,1,2,0.0003069779355111296,1.0685663401602851e-05,0,peripheral,0.9,"Признаков роли не выявлено: вход 1 (20 тыс ₸), выход 2 (605 тыс ₸)",2,0.09000000000000001,0.8896797153024911,0.5433718861209964,0.6317838078291815,0.5294
100000003073635100,3,False,1,129231.0,1,0,0.0,0,0.0,False,False,0,7,0.0,1,1,0.0003118625039951041,0.0,0,peripheral,0.9,"Признаков роли не выявлено: вход 1 (129 тыс ₸), выход 0 (0 ₸)",1,0.09000000000000001,0.6241103202846975,0.5433718861209964,0.43560943060498225,0.4001
100000001686328100,3,False,1,140000.0,1,0,0.0,0,0.0,False,False,0,9,0.0,1,1,0.0003150543933476953,0.0,0,peripheral,0.9,"Признаков роли не выявлено: вход 1 (140 тыс ₸), выход 0 (0 ₸)",3,0.09000000000000001,0.6352313167259787,0.9094750889679716,0.4491770462633452,0.4965
100000008707810100,3,False,1,26200.0,1,0,0.0,0,0.0,False,False,0,1,0.0,1,1,0.00028965853203188175,0.0,1,peripheral,0.9,"Признаков роли не выявлено: вход 1 (26 тыс ₸), выход 0 (0 ₸)",7,0.09000000000000001,0.2782473309608541,0.14768683274021352,0.27157473309608543,0.1571
100000001236706100,3,False,3,142700.0,3,2,36000.0,2,0.25227750525578135,False,False,0,7,0.0,2,4,0.0007662915221773794,2.1371326803205702e-05,0,peripheral,0.7,"Признаков роли не выявлено: вход 3 (143 тыс ₸), выход 2 (36 тыс ₸)",1,0.06999999999999999,0.6872775800711743,0.5433718861209964,0.9030249110320285,0.5253
100000008536546100,3,False,2,250000.0,2,0,0.0,0,0.0,False,False,0,8,0.0,2,1,0.0003172528720016747,0.0,0,terminal,0.916,"Конечный получатель: 250 тыс ₸ от 2 плательщиков, исходящих нет (колено 3)",3,0.4122,0.7504448398576512,0.8387455516014235,0.4540702846975089,0.6537
100000007140834100,3,False,1,10200.0,2,0,0.0,0,0.0,False,False,0,7,0.0,1,2,0.0007122600056993952,0.0,0,peripheral,0.9,"Признаков роли не выявлено: вход 1 (10 тыс ₸), выход 0 (0 ₸)",10,0.09000000000000001,0.09341637010676157,0.5433718861209964,0.6486877224199288,0.2898
100000007022818100,3,False,1,17200.0,1,0,0.0,0,0.0,False,False,0,1,0.0,1,1,0.000288253832019236,0.0,1,peripheral,0.9,"Признаков роли не выявлено: вход 1 (17 тыс ₸), выход 0 (0 ₸)",7,0.09000000000000001,0.17148576512455516,0.14768683274021352,0.2374332740213523,0.1161
100000007484343100,3,False,2,26757.0,2,0,0.0,0,0.0,False,False,0,7,0.0,2,1,0.0002891334225528798,0.0,0,terminal,0.676,"Конечный получатель: 27 тыс ₸ от 2 плательщиков, исходящих нет (колено 3)",10,0.3042,0.28247330960854095,0.5433718861209964,0.25834074733096085,0.3439
100000001379511100,3,False,1,55000.0,1,0,0.0,0,0.0,False,False,0,7,0.0,1,1,0.0003072907911907118,0.0,0,peripheral,0.9,"Признаков роли не выявлено: вход 1 (55 тыс ₸), выход 0 (0 ₸)",29,0.09000000000000001,0.45951957295373663,0.5433718861209964,0.4187055160142349,0.3456
100000004569484100,3,False,2,98312.0,3,4,156000.0,4,1.586784929611848,False,True,0,7,0.0,1,6,0.00031938100409198596,0.0003167323919772718,0,peripheral,0.8,"Признаков роли не выявлено: вход 2 (98 тыс ₸), выход 4 (156 тыс ₸)",9,0.08000000000000002,0.7526690391459074,0.5433718861209964,0.7584519572953736,0.5142
100000002948492100,3,False,1,23660.0,1,0,0.0,0,0.0,False,False,0,7,0.0,1,1,0.00029225683204655884,0.0,0,peripheral,0.9,"Признаков роли не выявлено: вход 1 (24 тыс ₸), выход 0 (0 ₸)",14,0.09000000000000001,0.24199288256227758,0.5433718861209964,0.3117215302491103,0.2528
100000002116705100,3,False,1,17600.0,1,0,0.0,0,0.0,False,False,0,1,0.0,1,1,0.00028831626313090915,0.0,1,peripheral,0.9,"Признаков роли не выявлено: вход 1 (18 тыс ₸), выход 0 (0 ₸)",7,0.09000000000000001,0.17793594306049823,0.14768683274021352,0.23965747330960854,0.1186
100000002481974100,3,False,2,89447.0,2,2,318000.0,4,3.5551779265934016,False,True,0,7,0.7205048799847955,1,5,0.0003316686610389915,2.1371326803205702e-05,0,peripheral,0.8,"Признаков роли не выявлено: вход 2 (89 тыс ₸), выход 2 (318 тыс ₸)",17,0.08000000000000002,0.827846975088968,0.5433718861209964,0.7319839857651246,0.5308
100000003920950100,3,False,1,323290.0,1,0,0.0,0,0.0,False,False,0,7,0.0,1,1,0.0003917283702075202,0.0,0,terminal,0.934,"Конечный получатель: 323 тыс ₸ от 1 плательщиков, исходящих нет (колено 3)",18,0.4203,0.7900355871886121,0.5433718861209964,0.5390346975088968,0.6178
100000000733451100,3,False,1,70000.0,2,1,300000.0,1,4.285714285714286,False,True,0,10,0.0,1,2,0.0005412616148555033,1.7845129261193803e-05,0,peripheral,0.9,"Признаков роли не выявлено: вход 1 (70 тыс ₸), выход 1 (300 тыс ₸)",30,0.09000000000000001,0.8118327402135231,0.9612989323843416,0.8553158362989324,0.6627
100000005182219100,3,False,2,55000.0,2,0,0.0,0,0.0,False,False,0,7,0.0,1,2,0.000354129497884144,0.0,0,terminal,0.769,"Конечный получатель: 55 тыс ₸ от 2 плательщиков, исходящих нет (колено 3)",33,0.34605,0.45951957295373663,0.5433718861209964,0.5085631672597865,0.4773
100000008633099100,3,False,1,19468.0,1,1,13500.0,1,0.6934456544072324,False,False,0,7,0.0,1,2,0.00029196202177266776,1.0685663401602851e-05,0,peripheral,0.9,"Признаков роли не выявлено: вход 1 (19 тыс ₸), выход 1 (14 тыс ₸)",18,0.09000000000000001,0.3318505338078292,0.5433718861209964,0.5210186832740213,0.3315
100000001380107100,3,False,1,6000.0,1,0,0.0,0,0.0,False,False,0,10,0.0,1,1,0.00029094848350339587,0.0,0,peripheral,0.9,"Признаков роли не выявлено: вход 1 (6 тыс ₸), выход 0 (0 ₸)",19,0.09000000000000001,0.03536476868327402,0.9612989323843416,0.2921485765124555,0.2871
100000008755168100,3,False,1,17600.0,1,0,0.0,0,0.0,False,False,0,1,0.0,1,1,0.00028831626313090915,0.0,1,peripheral,0.9,"Признаков роли не выявлено: вход 1 (18 тыс ₸), выход 0 (0 ₸)",7,0.09000000000000001,0.17793594306049823,0.14768683274021352,0.23965747330960854,0.1186
100000002628576100,3,False,2,727882.0,3,2,539000.0,2,0.7405046422359668,False,False,0,7,0.8718240044402802,1,2,0.0003113901539132389,2.1371326803205702e-05,0,peripheral,0.8,"Признаков роли не выявлено: вход 2 (728 тыс ₸), выход 2 (539 тыс ₸)",6,0.08000000000000002,0.9417259786476868,0.5433718861209964,0.6828291814946619,0.5536
100000001611488100,3,False,2,779300.0,3,0,0.0,0,0.0,False,False,0,7,0.0,1,3,0.0008775368508533171,0.0,0,terminal,0.981,"Конечный получатель: 779 тыс ₸ от 2 плательщиков, исходящих нет (колено 3)",6,0.44145,0.9052491103202847,0.5433718861209964,0.6620329181494662,0.6922
100000005375968100,3,False,1,170082.0,1,2,86000.0,4,0.5056384567443939,False,False,0,7,0.0,1,4,0.0002951483068536033,2.1414155113432564e-05,0,peripheral,0.9,"Признаков роли не выявлено: вход 1 (170 тыс ₸), выход 2 (86 тыс ₸)",10,0.09000000000000001,0.7540035587188612,0.5433718861209964,0.59730871886121,0.4795
100000003581109100,3,False,1,42750.0,1,0,0.0,0,0.0,False,False,0,7,0.0,1,1,0.00028797697280880764,0.0,0,peripheral,0.9,"Признаков роли не выявлено: вход 1 (43 тыс ₸), выход 0 (0 ₸)",10,0.09000000000000001,0.3827846975088968,0.5433718861209964,0.230538256227758,0.276
100000002933386100,3,False,1,15000.0,1,1,58000.0,1,3.8666666666666667,False,True,0,7,0.0,1,2,0.000652782324912921,1.1576135351736421e-05,0,peripheral,0.9,"Признаков роли не выявлено: вход 1 (15 тыс ₸), выход 1 (58 тыс ₸)",1,0.09000000000000001,0.5066725978647687,0.5433718861209964,0.8756672597864769,0.4719
100000002284426100,3,False,1,90000.0,2,0,0.0,0,0.0,False,False,0,7,0.0,1,2,0.00028848611988395835,0.0,0,peripheral,0.9,"Признаков роли не выявлено: вход 1 (90 тыс ₸), выход 0 (0 ₸)",6,0.09000000000000001,0.5513790035587188,0.5433718861209964,0.24366103202846975,0.3308
100000008579978100,3,False,1,34000.0,1,1,77000.0,6,2.264705882352941,False,True,0,7,1.0,1,3,0.0002866712061358097,1.0685663401602851e-05,0,peripheral,0.9,"Признаков роли не выявлено: вход 1 (34 тыс ₸), выход 1 (77 тыс ₸)",6,0.09000000000000001,0.6018683274021353,0.5433718861209964,0.42604537366548045,0.3909
100000001549194100,3,False,1,46500.0,1,0,0.0,0,0.0,False,False,0,7,0.0,1,1,0.0002987125955300956,0.0,0,peripheral,0.9,"Признаков роли не выявлено: вход 1 (46 тыс ₸), выход 0 (0 ₸)",14,0.09000000000000001,0.4025800711743772,0.5433718861209964,0.37066281138790036,0.3164
100000001427082100,3,False,1,5000.0,1,5,124900.0,6,24.98,False,True,0,7,0.0,1,7,0.0004392450523980504,4.2742653606411403e-05,0,peripheral,0.75,"Признаков роли не выявлено: вход 1 (5 тыс ₸), выход 5 (125 тыс ₸)",19,0.07500000000000001,0.6245551601423488,0.5433718861209964,0.831961743772242,0.4909
100000004657034100,3,False,1,141250.0,1,0,0.0,0,0.0,False,False,0,7,0.0,1,1,0.0002901470900552552,0.0,0,peripheral,0.9,"Признаков роли не выявлено: вход 1 (141 тыс ₸), выход 0 (0 ₸)",6,0.09000000000000001,0.6383451957295374,0.5433718861209964,0.2796930604982206,0.3663
100000003796063100,3,False,1,35000.0,1,15,959150.0,23,27.404285714285713,False,True,0,7,1.0,1,11,0.0006852648705720575,0.00021230080868761217,0,distributor,0.583,"Веерное распределение: 15 получателей, 959 тыс ₸, отдаёт в 27.4× больше видимого входа — есть внешние источники",4,0.4664,0.9252669039145908,0.5433718861209964,0.9397241992882562,0.7771
100000005268319100,3,False,1,19712.8,2,5,91000.0,10,4.6162899232985675,False,True,0,7,1.0,1,8,0.0002936395632308343,2.2211878356134813e-05,0,peripheral,0.75,"Признаков роли не выявлено: вход 1 (20 тыс ₸), выход 5 (91 тыс ₸)",4,0.07500000000000001,0.6009786476868327,0.5433718861209964,0.5836298932384342,0.4228
100000008744799100,3,False,1,12600.0,1,0,0.0,0,0.0,False,False,0,1,0.0,1,1,0.00028753587423499484,0.0,1,peripheral,0.9,"Признаков роли не выявлено: вход 1 (13 тыс ₸), выход 0 (0 ₸)",7,0.09000000000000001,0.11209964412811388,0.14768683274021352,0.2243104982206406,0.0947
100000008677215100,3,False,1,9000.0,1,0,0.0,0,0.0,False,False,0,7,0.0,1,1,0.0003043767156368611,0.0,0,peripheral,0.9,"Признаков роли не выявлено: вход 1 (9 тыс ₸), выход 0 (0 ₸)",23,0.09000000000000001,0.06005338078291815,0.5433718861209964,0.4075845195729537,0.2205
100000007593823100,3,False,3,25000.0,3,13,162900.0,21,6.516,False,True,0,7,0.6,1,13,0.000290592094563477,0.0003151467971081664,0,distributor,0.554,"Веерное распределение: 13 получателей, 163 тыс ₸, отдаёт в 6.5× больше видимого входа — есть внешние источники",4,0.44320000000000004,0.6948398576512456,0.5433718861209964,0.5845195729537367,0.6096
100000001282143100,3,False,5,1700000.0,6,0,0.0,0,0.0,False,False,0,10,0.0,4,3,0.00040176306143270535,0.0,0,consolidator,0.5,"Признаки консолидации: получает от 5 разных плательщиков, 1,7 млн ₸, отдаёт дальше 0% полученного",3,0.425,0.9604092526690391,0.9612989323843416,0.5459297153024911,0.776
100000008029279100,3,False,1,17000.0,1,0,0.0,0,0.0,False,False,0,7,0.0,1,1,0.0002890280971842479,0.0,0,peripheral,0.9,"Признаков роли не выявлено: вход 1 (17 тыс ₸), выход 0 (0 ₸)",1,0.09000000000000001,0.16614768683274023,0.5433718861209964,0.2574510676156584,0.2163
100000000594783100,3,False,1,2635000.0,10,2,152500.0,2,0.05787476280834915,False,False,0,2,0.0,1,8,0.0013815888060884878,0.0,0,terminal,0.998,"Конечный получатель: 2,6 млн ₸ от 1 плательщиков, дальше уходит 6% (колено 3)",12,0.4491,0.9822064056939501,0.28113879003558717,0.6776023131672598,0.6587
100000002705460100,3,False,1,95000.0,1,0,0.0,0,0.0,False,False,0,7,0.0,1,1,0.000557727242255144,0.0,0,peripheral,0.9,"Признаков роли не выявлено: вход 1 (95 тыс ₸), выход 0 (0 ₸)",2,0.09000000000000001,0.5665035587188612,0.5433718861209964,0.6215524911032029,0.428
100000002952756100,3,False,1,47000.0,1,0,0.0,0,0.0,False,False,0,1,0.0,1,1,0.0003677090010006242,0.0,0,peripheral,0.9,"Признаков роли не выявлено: вход 1 (47 тыс ₸), выход 0 (0 ₸)",9,0.09000000000000001,0.40636120996441283,0.14768683274021352,0.5232428825622776,0.258
100000004634420100,3,False,1,26150.0,1,0,0.0,0,0.0,False,False,0,1,0.0,1,1,0.0002896507281429226,0.0,1,peripheral,0.9,"Признаков роли не выявлено: вход 1 (26 тыс ₸), выход 0 (0 ₸)",7,0.09000000000000001,0.2749110320284697,0.14768683274021352,0.2703514234875445,0.1558
100000000583220100,3,False,1,5000.0,1,1,761255.0,4,152.251,False,True,0,7,1.0,1,5,0.0002981132552282115,1.0685663401602851e-05,0,peripheral,0.9,"Признаков роли не выявлено: вход 1 (5 тыс ₸), выход 1 (761 тыс ₸)",17,0.09000000000000001,0.9039145907473309,0.5433718861209964,0.581961743772242,0.5216
100000003286537100,3,False,2,153000.0,2,0,0.0,0,0.0,False,False,0,8,0.0,2,1,0.0003010947151858364,0.0,0,terminal,0.87,"Конечный получатель: 153 тыс ₸ от 2 плательщиков, исходящих нет (колено 3)",3,0.3915,0.6581405693950177,0.8387455516014235,0.39023576512455516,0.601
100000002958345100,3,False,1,307000.0,1,0,0.0,0,0.0,False,False,0,2,0.0,1,1,0.0003001922715970454,0.0,0,terminal,0.933,"Конечный получатель: 307 тыс ₸ от 1 плательщиков, исходящих нет (колено 3)",11,0.41985000000000006,0.7846975088967971,0.28113879003558717,0.38356316725978645,0.5137
100000005055454100,3,False,1,6500.0,1,0,0.0,0,0.0,False,False,0,1,0.0,1,1,0.000505981015832426,0.0,3,peripheral,0.9,"Признаков роли не выявлено: вход 1 (6 тыс ₸), выход 0 (0 ₸)",27,0.09000000000000001,0.04048042704626335,0.14768683274021352,0.5821841637010676,0.1604
100000008738526100,3,False,1,15000.0,1,1,140000.0,1,9.333333333333334,False,True,0,8,0.0,1,2,0.0002874522211122593,1.3383846945895353e-05,0,peripheral,0.9,"Признаков роли не выявлено: вход 1 (15 тыс ₸), выход 1 (140 тыс ₸)",3,0.09000000000000001,0.6619217081850534,0.8387455516014235,0.4639679715302491,0.491
100000001298099100,3,False,1,19000.0,1,0,0.0,0,0.0,False,False,0,7,0.0,1,1,0.0002926483569297594,0.0,0,peripheral,0.9,"Признаков роли не выявлено: вход 1 (19 тыс ₸), выход 0 (0 ₸)",9,0.09000000000000001,0.19061387900355872,0.5433718861209964,0.31683718861209964,0.2383
100000006491272100,3,False,1,26200.0,1,0,0.0,0,0.0,False,False,0,1,0.0,1,1,0.00028965853203188175,0.0,1,peripheral,0.9,"Признаков роли не выявлено: вход 1 (26 тыс ₸), выход 0 (0 ₸)",7,0.09000000000000001,0.2782473309608541,0.14768683274021352,0.27157473309608543,0.1571
100000000552584100,3,False,1,2500000.0,3,1,57500.0,1,0.023,False,False,0,2,0.0,1,3,0.0013254360037725063,0.0,0,terminal,0.998,"Конечный получатель: 2,5 млн ₸ от 1 плательщиков, дальше уходит 2% (колено 3)",12,0.4491,0.9795373665480427,0.28113879003558717,0.676267793594306,0.6575
100000005187208100,3,False,1,14160.0,1,0,0.0,0,0.0,False,False,0,7,0.0,1,1,0.0003119707842377321,0.0,0,peripheral,0.9,"Признаков роли не выявлено: вход 1 (14 тыс ₸), выход 0 (0 ₸)",4,0.09000000000000001,0.12722419928825623,0.5433718861209964,0.43605427046263345,0.2481
100000003528285100,3,False,4,118870.0,5,4,548000.0,6,4.6100782367292,False,True,0,7,0.6814166736771263,1,9,0.00040427564554845465,0.00016102925728556574,0,peripheral,0.6,"Признаков роли не выявлено: вход 4 (119 тыс ₸), выход 4 (548 тыс ₸)",10,0.06,0.8936832740213523,0.5433718861209964,0.8387455516014235,0.5685
100000001484381100,3,False,2,95585.0,4,0,0.0,0,0.0,False,False,0,7,0.0,1,3,0.0003213079861341874,0.0,0,terminal,0.823,"Конечный получатель: 96 тыс ₸ от 2 плательщиков, исходящих нет (колено 3)",9,0.37035,0.5685053380782918,0.5433718861209964,0.4674154804270463,0.511
100000002508637100,3,False,1,306410.0,1,1,8000.0,1,0.02610880845925394,False,False,0,1,0.0,1,2,0.00030739263356746913,1.7845129261193803e-06,0,terminal,0.932,"Конечный получатель: 306 тыс ₸ от 1 плательщиков, дальше уходит 3% (колено 3)",21,0.41940000000000005,0.7864768683274022,0.14768683274021352,0.6179937722419929,0.5387
100000003149149100,3,False,1,245000.0,1,0,0.0,0,0.0,False,False,0,7,0.0,1,1,0.00029350954186544125,0.0,0,terminal,0.914,"Конечный получатель: 245 тыс ₸ от 1 плательщиков, исходящих нет (колено 3)",6,0.4113,0.7468861209964412,0.5433718861209964,0.32662366548042704,0.5487
100000001538095100,3,False,2,280000.0,2,0,0.0,0,0.0,False,False,0,9,0.0,2,1,0.00033013522666239774,0.0,0,terminal,0.924,"Конечный получатель: 280 тыс ₸ от 2 плательщиков, исходящих нет (колено 3)",3,0.4158,0.7662366548042705,0.9094750889679716,0.4803158362989324,0.6839
100000008695133100,3,False,1,36610.0,1,0,0.0,0,0.0,False,False,0,1,0.0,1,1,0.00029128330171317526,0.0,1,peripheral,0.9,"Признаков роли не выявлено: вход 1 (37 тыс ₸), выход 0 (0 ₸)",7,0.09000000000000001,0.35231316725978645,0.14768683274021352,0.2990435943060498,0.1865
100000008749405100,3,False,1,37150.0,1,0,0.0,0,0.0,False,False,0,1,0.0,1,1,0.000291367583713934,0.0,1,peripheral,0.9,"Признаков роли не выявлено: вход 1 (37 тыс ₸), выход 0 (0 ₸)",7,0.09000000000000001,0.35520462633451955,0.14768683274021352,0.2998220640569395,0.1876
100000005815602100,3,False,1,20000.0,1,1,165000.0,1,8.25,False,True,0,7,0.0,1,2,0.0005521710322392155,1.1576135351736421e-05,0,peripheral,0.9,"Признаков роли не выявлено: вход 1 (20 тыс ₸), выход 1 (165 тыс ₸)",2,0.09000000000000001,0.6923932384341637,0.5433718861209964,0.8514234875444839,0.5228
100000006641671100,3,False,2,22000.0,2,1,25000.0,3,1.1363636363636365,False,False,0,7,1.0,1,3,0.0004399911079982389,7.123775601068567e-06,0,peripheral,0.8,"Признаков роли не выявлено: вход 2 (22 тыс ₸), выход 1 (25 тыс ₸)",4,0.08000000000000002,0.40636120996441283,0.5433718861209964,0.766459074733096,0.4102
100000002945031100,3,False,1,15000.0,1,0,0.0,0,0.0,False,False,0,7,0.0,1,1,0.000291121950616924,0.0,0,peripheral,0.9,"Признаков роли не выявлено: вход 1 (15 тыс ₸), выход 0 (0 ₸)",4,0.09000000000000001,0.13856761565836298,0.5433718861209964,0.2950400355871886,0.217
100000003497735100,3,False,1,125000.0,1,0,0.0,0,0.0,False,False,0,7,0.0,1,1,0.00030694621061712747,0.0,0,peripheral,0.9,"Признаков роли не выявлено: вход 1 (125 тыс ₸), выход 0 (0 ₸)",18,0.09000000000000001,0.6207740213523132,0.5433718861209964,0.4167037366548043,0.3944
100000004644615100,3,False,1,50810.0,1,2,379665.0,14,7.472249557173785,False,True,0,1,0.0,1,12,0.00037436756021008163,0.0,0,peripheral,0.9,"Признаков роли не выявлено: вход 1 (51 тыс ₸), выход 2 (380 тыс ₸)",9,0.09000000000000001,0.8354092526690391,0.14768683274021352,0.5272464412811388,0.3903
100000002755292100,3,False,1,203400.0,1,0,0.0,0,0.0,False,False,0,7,0.0,1,1,0.0002921613202239594,0.0,0,terminal,0.899,"Конечный получатель: 203 тыс ₸ от 1 плательщиков, исходящих нет (колено 3)",6,0.40455,0.7157473309608541,0.5433718861209964,0.31083185053380785,0.5324
100000005142492100,3,False,1,10000.0,1,1,57000.0,1,5.7,False,True,0,7,1.0,1,1,0.0019077900971988637,0.0,0,peripheral,0.9,"Признаков роли не выявлено: вход 1 (10 тыс ₸), выход 1 (57 тыс ₸)",20,0.09000000000000001,0.4942170818505338,0.5433718861209964,0.6840524911032029,0.4212
100000002893020100,3,False,1,18340.0,1,0,0.0,0,0.0,False,False,0,7,0.0,1,1,0.00029240245264606314,0.0,0,peripheral,0.9,"Признаков роли не выявлено: вход 1 (18 тыс ₸), выход 0 (0 ₸)",9,0.09000000000000001,0.18772241992882563,0.5433718861209964,0.31372330960854095,0.2366
100000004500444100,3,False,2,180000.0,7,1,74000.0,5,0.4111111111111111,False,False,0,7,0.5555555555555556,1,8,0.0004643947559108734,1.0707077556716282e-05,0,peripheral,0.8,"Признаков роли не выявлено: вход 2 (180 тыс ₸), выход 1 (74 тыс ₸)",14,0.08000000000000002,0.7522241992882562,0.5433718861209964,0.7950400355871886,0.5231
100000008454065100,3,False,1,24050.0,1,0,0.0,0,0.0,False,False,0,7,0.0,1,1,0.00029236706618660175,0.0,0,peripheral,0.9,"Признаков роли не выявлено: вход 1 (24 тыс ₸), выход 0 (0 ₸)",14,0.09000000000000001,0.2511120996441281,0.5433718861209964,0.3132784697508897,0.2559
100000008416433100,3,False,1,20000.0,1,0,0.0,0,0.0,False,False,0,7,0.0,1,1,0.0002912223270400026,0.0,0,peripheral,0.9,"Признаков роли не выявлено: вход 1 (20 тыс ₸), выход 0 (0 ₸)",14,0.09000000000000001,0.20462633451957296,0.5433718861209964,0.2970418149466192,0.2377
100000005265073100,3,False,1,5000.0,1,1,9000.0,1,1.8,False,True,0,8,0.0,1,2,0.0002991258827616204,1.0685663401602851e-05,0,peripheral,0.9,"Признаков роли не выявлено: вход 1 (5 тыс ₸), выход 1 (9 тыс ₸)",16,0.09000000000000001,0.12433274021352313,0.8387455516014235,0.5885231316725978,0.3569
100000006734214100,3,False,5,610000.0,10,3,36000.0,4,0.05901639344262295,False,False,0,7,0.05737704918032787,2,11,0.0006063901366273082,3.4798002059327916e-05,0,consolidator,0.5,"Признаки консолидации: получает от 5 разных плательщиков, 610 тыс ₸, отдаёт дальше 6% полученного",6,0.425,0.8923487544483986,0.5433718861209964,0.9018016014234875,0.74
100000002611334100,3,False,1,48288.0,1,1,15500.0,1,0.3209907223326706,False,False,0,7,0.0,1,2,0.0003053380307806398,1.0685663401602851e-05,0,peripheral,0.9,"Признаков роли не выявлено: вход 1 (48 тыс ₸), выход 1 (16 тыс ₸)",4,0.09000000000000001,0.4830960854092527,0.5433718861209964,0.6251112099644128,0.4033
100000006225798100,3,False,3,722000.0,4,2,26300.0,2,0.03642659279778394,False,False,0,7,0.0,1,5,0.00035996892038230857,2.1371326803205702e-05,0,terminal,0.979,"Конечный получатель: 722 тыс ₸ от 3 плательщиков, дальше уходит 4% (колено 3)",6,0.44055,0.9008007117437722,0.5433718861209964,0.7649021352313168,0.7157
100000002849158100,3,False,3,723000.0,3,1,1313000.0,3,1.8160442600276625,False,True,0,9,1.0,3,3,0.00033624556849174277,1.6952872798134113e-05,0,peripheral,0.7,"Признаков роли не выявлено: вход 3 (723 тыс ₸), выход 1 (1,3 млн ₸)",3,0.06999999999999999,0.9715302491103203,0.9094750889679716,0.7338745551601423,0.6606
100000008686214100,3,False,1,25000.0,1,0,0.0,0,0.0,False,False,0,7,0.0,1,1,0.00029772792993778554,0.0,0,peripheral,0.9,"Признаков роли не выявлено: вход 1 (25 тыс ₸), выход 0 (0 ₸)",4,0.09000000000000001,0.26045373665480426,0.5433718861209964,0.3653247330960854,0.2715
100000004931931100,3,False,1,23938.0,1,1,45000.0,1,1.8798562954298605,False,True,0,7,0.0,1,2,0.000291814036684862,1.0685663401602851e-05,0,peripheral,0.9,"Признаков роли не выявлено: вход 1 (24 тыс ₸), выход 1 (45 тыс ₸)",1,0.09000000000000001,0.4968861209964413,0.5433718861209964,0.5196841637010676,0.3817
100000007510875100,3,False,1,5000.0,1,0,0.0,0,0.0,False,False,0,1,0.0,1,1,0.00035624626017075875,0.0,0,peripheral,0.9,"Признаков роли не выявлено: вход 1 (5 тыс ₸), выход 0 (0 ₸)",16,0.09000000000000001,0.01601423487544484,0.14768683274021352,0.5103425266903915,0.1353
100000005233755100,3,False,1,25000.0,1,1,5000.0,1,0.2,False,False,0,7,0.0,1,1,0.00029160766980870415,1.0707077556716282e-05,0,peripheral,0.9,"Признаков роли не выявлено: вход 1 (25 тыс ₸), выход 1 (5 тыс ₸)",6,0.09000000000000001,0.3082740213523132,0.5433718861209964,0.5303603202846975,0.3266
100000008042075100,3,False,1,5000.0,1,0,0.0,0,0.0,False,False,0,1,0.0,1,1,0.00029195667457243503,0.0,0,peripheral,0.9,"Признаков роли не выявлено: вход 1 (5 тыс ₸), выход 0 (0 ₸)",12,0.09000000000000001,0.01601423487544484,0.14768683274021352,0.3061610320284698,0.0853
100000001680944100,3,False,1,393000.0,1,0,0.0,0,0.0,False,False,0,9,0.0,1,1,0.00034558988439926675,0.0,0,terminal,0.947,"Конечный получатель: 393 тыс ₸ от 1 плательщиков, исходящих нет (колено 3)",3,0.42615,0.8202846975088968,0.9094750889679716,0.5007784697508897,0.7099
100000008417029100,3,False,1,100000.0,1,0,0.0,0,0.0,False,False,0,9,0.0,1,1,0.00030663007931043686,0.0,0,peripheral,0.9,"Признаков роли не выявлено: вход 1 (100 тыс ₸), выход 0 (0 ₸)",3,0.09000000000000001,0.5798487544483986,0.9094750889679716,0.41648131672597866,0.4715
100000004975919100,3,False,1,22351.0,1,2,15000.0,2,0.6711109122634334,False,False,0,7,0.0,1,3,0.00029011680628284717,2.1371326803205702e-05,0,peripheral,0.9,"Признаков роли не выявлено: вход 1 (22 тыс ₸), выход 2 (15 тыс ₸)",1,0.09000000000000001,0.35631672597864766,0.5433718861209964,0.5284697508896797,0.3408
100000003087877100,3,False,1,91486.0,1,0,0.0,0,0.0,False,False,0,1,0.0,1,1,0.00029208517171407756,0.0,0,peripheral,0.9,"Признаков роли не выявлено: вход 1 (91 тыс ₸), выход 0 (0 ₸)",21,0.09000000000000001,0.5573843416370107,0.14768683274021352,0.3090524911032029,0.2518
100000008295429100,3,False,1,352000.0,1,0,0.0,0,0.0,False,False,0,7,0.0,1,1,0.00029697732349136816,0.0,0,terminal,0.94,"Конечный получатель: 352 тыс ₸ от 1 плательщиков, исходящих нет (колено 3)",6,0.423,0.8042704626334519,0.5433718861209964,0.3599866548042705,0.5795
100000003254277100,3,False,1,49200.0,1,1,44997.0,1,0.9145731707317073,False,False,0,7,1.0,1,1,0.0002883402365962997,1.0707077556716282e-05,0,peripheral,0.9,"Признаков роли не выявлено: вход 1 (49 тыс ₸), выход 1 (45 тыс ₸)",10,0.09000000000000001,0.5618327402135231,0.5433718861209964,0.46875,0.3891
100000005314565100,3,False,1,218500.0,3,0,0.0,0,0.0,False,False,0,7,0.0,1,1,0.0003750215171110066,0.0,0,terminal,0.903,"Конечный получатель: 218 тыс ₸ от 1 плательщиков, исходящих нет (колено 3)",4,0.40635000000000004,0.7250889679715302,0.5433718861209964,0.52769128113879,0.5891
100000002951898100,3,False,1,39990.0,1,0,0.0,0,0.0,False,False,0,7,0.0,1,1,0.00029687253334630294,0.0,0,peripheral,0.9,"Признаков роли не выявлено: вход 1 (40 тыс ₸), выход 0 (0 ₸)",14,0.09000000000000001,0.3678825622775801,0.5433718861209964,0.359096975088968,0.3029
100000001009583100,3,False,1,393740.0,1,0,0.0,0,0.0,False,False,0,7,0.0,1,1,0.00029833008241722037,0.0,0,terminal,0.947,"Конечный получатель: 394 тыс ₸ от 1 плательщиков, исходящих нет (колено 3)",6,0.42615,0.8211743772241993,0.5433718861209964,0.3679937722419929,0.5879
100000004064431100,3,False,1,26000.0,1,1,10000.0,1,0.38461538461538464,False,False,0,1,0.0,1,2,0.0002910534469463005,8.922564630596902e-07,2,peripheral,0.9,"Признаков роли не выявлено: вход 1 (26 тыс ₸), выход 1 (10 тыс ₸)",24,0.09000000000000001,0.3503113879003559,0.14768683274021352,0.48876779359430605,0.2324
100000001927599100,3,False,2,188000.0,2,0,0.0,0,0.0,False,False,0,9,0.0,2,1,0.0003272554677154655,0.0,0,terminal,0.888,"Конечный получатель: 188 тыс ₸ от 2 плательщиков, исходящих нет (колено 3)",15,0.3996,0.6957295373665481,0.9094750889679716,0.47608985765124556,0.6543
100000007737775100,3,False,1,6000.0,1,0,0.0,0,0.0,False,False,0,8,0.0,1,1,0.00030312962676534933,0.0,0,peripheral,0.9,"Признаков роли не выявлено: вход 1 (6 тыс ₸), выход 0 (0 ₸)",13,0.09000000000000001,0.03536476868327402,0.8387455516014235,0.40135676156583633,0.2838
100000003157679100,3,False,4,541000.0,4,0,0.0,0,0.0,False,False,0,9,0.0,2,3,0.0003728530959036694,0.0,0,terminal,0.968,"Конечный получатель: 541 тыс ₸ от 4 плательщиков, исходящих нет (колено 3)",3,0.4356,0.8741103202846975,0.9094750889679716,0.525911921708185,0.7365
100000001229743100,3,False,1,7000.0,1,1,9000.0,1,1.2857142857142858,False,True,0,7,0.0,1,2,0.0002884350404884854,1.0685663401602851e-05,0,peripheral,0.9,"Признаков роли не выявлено: вход 1 (7 тыс ₸), выход 1 (9 тыс ₸)",4,0.09000000000000001,0.15769572953736655,0.5433718861209964,0.4574065836298933,0.2626
100000003795588100,3,False,1,400000.0,2,0,0.0,0,0.0,False,False,0,7,0.0,1,1,0.00032104219550652184,0.0,0,terminal,0.949,"Конечный получатель: 400 тыс ₸ от 1 плательщиков, исходящих нет (колено 3)",1,0.42705,0.8256227758007118,0.5433718861209964,0.46652580071174377,0.6138
100000002301828100,3,False,1,46977.0,1,0,0.0,0,0.0,False,False,0,7,0.0,1,1,0.00029296342924915497,0.0,0,peripheral,0.9,"Признаков роли не выявлено: вход 1 (47 тыс ₸), выход 0 (0 ₸)",4,0.09000000000000001,0.4052491103202847,0.5433718861209964,0.3199510676156584,0.3048
100000005409156100,3,False,2,260080.0,2,0,0.0,0,0.0,False,False,0,7,0.0,1,2,0.00042393100512820185,0.0,0,terminal,0.918,"Конечный получатель: 260 тыс ₸ от 2 плательщиков, исходящих нет (колено 3)",6,0.4131,0.7566725978647687,0.5433718861209964,0.5532695729537367,0.608
100000002513028100,3,False,1,9500.0,1,3,332709.0,24,35.022,False,True,0,7,0.0,1,16,0.0003055978968624265,3.472840605520926e-05,0,peripheral,0.85,"Признаков роли не выявлено: вход 1 (10 тыс ₸), выход 3 (333 тыс ₸)",4,0.085,0.7967081850533808,0.5433718861209964,0.6782695729537367,0.5102
100000003218308100,3,False,1,11165.0,1,0,0.0,0,0.0,False,False,0,7,0.0,1,1,0.0002861981066494379,0.0,0,peripheral,0.9,"Признаков роли не выявлено: вход 1 (11 тыс ₸), выход 0 (0 ₸)",10,0.09000000000000001,0.10053380782918149,0.5433718861209964,0.20451512455516013,0.1832
100000008489604100,3,False,1,11000.0,1,0,0.0,0,0.0,False,False,0,1,0.0,1,1,0.0002872861497883023,0.0,1,peripheral,0.9,"Признаков роли не выявлено: вход 1 (11 тыс ₸), выход 0 (0 ₸)",7,0.09000000000000001,0.09830960854092527,0.14768683274021352,0.22097419928825623,0.0896
100000004450649100,3,False,2,192528.0,2,2,46527.0,2,0.24166355023684866,False,False,0,7,0.0,1,4,0.0002989552239324566,5.491243692490353e-05,0,peripheral,0.8,"Признаков роли не выявлено: вход 2 (193 тыс ₸), выход 2 (47 тыс ₸)",6,0.08000000000000002,0.7415480427046264,0.5433718861209964,0.6487989323843416,0.484
100000008767065100,3,False,1,10000.0,1,0,0.0,0,0.0,False,False,0,9,0.0,1,1,0.0002870965356977483,0.0,0,peripheral,0.9,"Признаков роли не выявлено: вход 1 (10 тыс ₸), выход 0 (0 ₸)",3,0.09000000000000001,0.07873665480427046,0.9094750889679716,0.21763790035587188,0.2694
100000003035737100,3,False,2,809170.0,3,1,6544.53,1,0.008087954323566123,False,False,0,7,0.0,1,4,0.0003788112784639957,1.0685663401602851e-05,0,terminal,0.983,"Конечный получатель: 809 тыс ₸ от 2 плательщиков, дальше уходит 1% (колено 3)",17,0.44235,0.9101423487544484,0.5433718861209964,0.7452179715302492,0.7145
100000002748761100,3,False,1,796800.0,3,0,0.0,0,0.0,False,False,0,2,0.0,1,2,0.0003235223508172531,0.0,0,terminal,0.982,"Конечный получатель: 797 тыс ₸ от 1 плательщиков, исходящих нет (колено 3)",11,0.4419,0.9070284697508897,0.28113879003558717,0.4703069395017794,0.5818
100000008432942100,3,False,1,44542.0,2,0,0.0,0,0.0,False,False,0,7,0.0,1,2,0.0002880778981897667,0.0,0,peripheral,0.9,"Признаков роли не выявлено: вход 1 (45 тыс ₸), выход 0 (0 ₸)",10,0.09000000000000001,0.3905693950177936,0.5433718861209964,0.23320729537366547,0.279
100000004278574100,3,False,1,25000.0,1,1,12500.0,1,0.5,False,False,0,7,0.0,1,2,0.000286379523569143,1.0685663401602851e-05,0,peripheral,0.9,"Признаков роли не выявлено: вход 1 (25 тыс ₸), выход 1 (12 тыс ₸)",6,0.09000000000000001,0.35765124555160144,0.5433718861209964,0.4217081850533808,0.3151
100000000926766100,3,False,1,18750.0,1,1,6000.0,1,0.32,False,False,0,7,0.0,1,1,0.00031794441854413876,0.0,0,peripheral,0.9,"Признаков роли не выявлено: вход 1 (19 тыс ₸), выход 1 (6 тыс ₸)",25,0.09000000000000001,0.2540035587188612,0.5433718861209964,0.4562944839857651,0.2918
100000008661550100,3,False,1,22800.0,1,0,0.0,0,0.0,False,False,0,1,0.0,1,1,0.00028912786758266,0.0,1,peripheral,0.9,"Признаков роли не выявлено: вход 1 (23 тыс ₸), выход 0 (0 ₸)",7,0.09000000000000001,0.2326512455516014,0.14768683274021352,0.25811832740213525,0.1399
100000000783406100,3,False,1,6066.0,1,0,0.0,0,0.0,False,False,0,7,0.0,1,1,0.0002901959794883712,0.0,0,peripheral,0.9,"Признаков роли не выявлено: вход 1 (6 тыс ₸), выход 0 (0 ₸)",31,0.09000000000000001,0.0380338078291815,0.5433718861209964,0.2804715302491103,0.1827
100000008730371100,3,False,2,520000.0,3,0,0.0,0,0.0,False,False,0,7,0.0,1,3,0.0008583627263123976,0.0,0,terminal,0.967,"Конечный получатель: 520 тыс ₸ от 2 плательщиков, исходящих нет (колено 3)",1,0.43515,0.869661921708185,0.5433718861209964,0.6602535587188613,0.6782
100000002878467100,3,False,2,200000.0,2,0,0.0,0,0.0,False,False,0,8,0.0,1,2,0.00031440364212176087,0.0,0,terminal,0.896,"Конечный получатель: 200 тыс ₸ от 2 плательщиков, исходящих нет (колено 3)",3,0.4032,0.7106316725978647,0.8387455516014235,0.4462855871886121,0.6358
100000003171587100,3,False,2,700000.0,2,2,431300.0,7,0.6161428571428571,False,False,0,7,0.0,2,8,0.00031601841593021003,2.3198668039551944e-05,0,peripheral,0.8,"Признаков роли не выявлено: вход 2 (700 тыс ₸), выход 2 (431 тыс ₸)",21,0.08000000000000002,0.9363879003558719,0.5433718861209964,0.7088523131672598,0.5583
100000002696152100,3,False,1,21800.0,3,2,69000.0,8,3.165137614678899,False,True,0,8,0.7706422018348624,1,10,0.0012050605596790834,1.0685663401602851e-05,0,peripheral,0.9,"Признаков роли не выявлено: вход 1 (22 тыс ₸), выход 2 (69 тыс ₸)",13,0.09000000000000001,0.5551601423487544,0.8387455516014235,0.8889012455516014,0.5623
100000002109656100,3,False,1,500000.0,1,0,0.0,0,0.0,False,False,0,2,0.0,1,1,0.00030938521828855235,0.0,0,terminal,0.964,"Конечный получатель: 500 тыс ₸ от 1 плательщиков, исходящих нет (колено 3)",11,0.4338,0.8643238434163701,0.28113879003558717,0.42649021352313166,0.5545
100000001317336100,3,False,1,131196.0,1,2,1752000.0,3,13.354065672733924,False,True,0,7,0.0,1,3,0.0003438491368028857,2.3152270703472843e-05,0,peripheral,0.9,"Признаков роли не выявлено: вход 1 (131 тыс ₸), выход 2 (1,8 млн ₸)",28,0.09000000000000001,0.9679715302491103,0.5433718861209964,0.7540035587188612,0.5833
100000005222360100,3,False,1,5000.0,1,1,27000.0,1,5.4,False,True,0,7,0.0,1,2,0.0006008605701429425,0.0007916406108771484,0,peripheral,0.9,"Признаков роли не выявлено: вход 1 (5 тыс ₸), выход 1 (27 тыс ₸)",14,0.09000000000000001,0.327846975088968,0.5433718861209964,0.9354982206405694,0.4318
100000001445848100,3,False,1,546000.0,13,1,351850.0,14,0.6444139194139195,False,False,0,7,0.3956043956043956,1,19,0.0007020167320692293,0.0,0,peripheral,0.9,"Признаков роли не выявлено: вход 1 (546 тыс ₸), выход 1 (352 тыс ₸)",31,0.09000000000000001,0.9181494661921709,0.5433718861209964,0.6475756227758007,0.542
100000008720856100,3,False,1,18105.0,1,1,46000.0,2,2.5407346037006353,False,True,0,7,0.0,1,3,0.00031932628410571523,1.0685663401602851e-05,0,peripheral,0.9,"Признаков роли не выявлено: вход 1 (18 тыс ₸), выход 1 (46 тыс ₸)",4,0.09000000000000001,0.4853202846975089,0.5433718861209964,0.6753781138790036,0.4163
100000002448088100,3,False,3,20000.0,3,1,25000.0,1,1.25,False,True,0,7,0.5,2,2,0.0005086560796474201,1.1576135351736421e-05,0,peripheral,0.7,"Признаков роли не выявлено: вход 3 (20 тыс ₸), выход 1 (25 тыс ₸)",19,0.06999999999999999,0.39524021352313166,0.5433718861209964,0.8165035587188612,0.4147
100000003109805100,3,False,1,36929.0,1,0,0.0,0,0.0,False,False,0,7,0.0,1,1,0.00029138188362469686,0.0,0,peripheral,0.9,"Признаков роли не выявлено: вход 1 (37 тыс ₸), выход 0 (0 ₸)",4,0.09000000000000001,0.35320284697508897,0.5433718861209964,0.3003781138790036,0.284
100000008223661100,3,False,2,202000.0,2,5,262580.0,5,1.29990099009901,False,True,0,8,0.0,2,5,0.00031466917502238233,0.00039626001780943904,0,peripheral,0.75,"Признаков роли не выявлено: вход 2 (202 тыс ₸), выход 5 (263 тыс ₸)",3,0.07500000000000001,0.8509786476868327,0.8387455516014235,0.7455516014234875,0.6114
100000004096559100,3,False,1,46200.0,1,0,0.0,0,0.0,False,False,0,1,0.0,1,1,0.0009765877187482858,0.0,0,peripheral,0.9,"Признаков роли не выявлено: вход 1 (46 тыс ₸), выход 0 (0 ₸)",15,0.09000000000000001,0.40080071174377224,0.14768683274021352,0.6673709964412812,0.2916
100000002257794100,3,False,1,154000.0,1,0,0.0,0,0.0,False,False,0,1,0.0,1,1,0.000860634101132436,0.0,2,peripheral,0.9,"Признаков роли не выявлено: вход 1 (154 тыс ₸), выход 0 (0 ₸)",24,0.09000000000000001,0.660364768683274,0.14768683274021352,0.6604759786476868,0.3694
100000003112578100,3,False,1,101080.0,1,0,0.0,0,0.0,False,False,0,2,0.0,1,1,0.0002903839214275371,0.0,0,peripheral,0.9,"Признаков роли не выявлено: вход 1 (101 тыс ₸), выход 0 (0 ₸)",11,0.09000000000000001,0.5871886120996441,0.28113879003558717,0.2823620996441281,0.287
100000007020162100,3,False,1,86395.0,1,0,0.0,0,0.0,False,False,0,7,0.0,1,1,0.0003099889827531998,0.0,0,peripheral,0.9,"Признаков роли не выявлено: вход 1 (86 тыс ₸), выход 0 (0 ₸)",14,0.09000000000000001,0.5422597864768683,0.5433718861209964,0.42893683274021355,0.3734
100000001934935100,3,False,1,118935.0,1,0,0.0,0,0.0,False,False,0,7,0.0,1,1,0.0002922677094987423,0.0,0,peripheral,0.9,"Признаков роли не выявлено: вход 1 (119 тыс ₸), выход 0 (0 ₸)",10,0.09000000000000001,0.6138790035587188,0.5433718861209964,0.31194395017793597,0.3667
100000002663511100,3,False,1,268940.0,1,0,0.0,0,0.0,False,False,0,7,0.0,1,1,0.00030941949939910536,0.0,0,terminal,0.921,"Конечный получатель: 269 тыс ₸ от 1 плательщиков, исходящих нет (колено 3)",1,0.41445000000000004,0.7615658362989324,0.5433718861209964,0.4269350533807829,0.5791
100000003338583100,3,False,1,21765.0,1,0,0.0,0,0.0,False,False,0,1,0.0,1,1,0.00029016016283832526,0.0,2,peripheral,0.9,"Признаков роли не выявлено: вход 1 (22 тыс ₸), выход 0 (0 ₸)",24,0.09000000000000001,0.22686832740213522,0.14768683274021352,0.2799154804270463,0.1434
100000002904919100,3,False,1,60325.0,1,1,5500.0,1,0.09117281392457521,False,False,0,7,0.0,1,2,0.00029091905114297305,1.0685663401602851e-05,0,peripheral,0.9,"Признаков роли не выявлено: вход 1 (60 тыс ₸), выход 1 (6 тыс ₸)",1,0.09000000000000001,0.4902135231316726,0.5433718861209964,0.5063389679715302,0.3764
100000005127767100,3,False,1,7000.0,1,0,0.0,0,0.0,False,False,0,7,0.0,1,1,0.00042253166627963235,0.0,0,peripheral,0.9,"Признаков роли не выявлено: вход 1 (7 тыс ₸), выход 0 (0 ₸)",2,0.09000000000000001,0.04581850533807829,0.5433718861209964,0.5529359430604982,0.2518
100000004066647100,3,False,1,51000.0,1,0,0.0,0,0.0,False,False,0,7,0.0,1,1,0.0002942910761084242,0.0,0,peripheral,0.9,"Признаков роли не выявлено: вход 1 (51 тыс ₸), выход 0 (0 ₸)",18,0.09000000000000001,0.4388345195729537,0.5433718861209964,0.3357428825622776,0.3189
100000002394199100,3,False,1,277398.0,3,1,76777.0,1,0.2767756076107254,False,False,0,1,0.2790142683076302,1,3,0.0029678523915121872,0.0,0,peripheral,0.9,"Признаков роли не выявлено: вход 1 (277 тыс ₸), выход 1 (77 тыс ₸)",15,0.09000000000000001,0.8051601423487544,0.14768683274021352,0.6907250889679716,0.4211
100000003968044100,3,False,1,40000.0,1,3,311000.0,4,7.775,False,True,0,7,0.0,1,5,0.000296004155053737,1.6535832252035937e-05,0,peripheral,0.85,"Признаков роли не выявлено: вход 1 (40 тыс ₸), выход 3 (311 тыс ₸)",1,0.085,0.8038256227758007,0.5433718861209964,0.5954181494661922,0.4921
100000001808684100,3,False,1,48400.0,3,1,37700.0,2,0.7789256198347108,False,False,0,1,0.640495867768595,1,4,0.0011690957183659054,0.0,0,peripheral,0.9,"Признаков роли не выявлено: вход 1 (48 тыс ₸), выход 1 (38 тыс ₸)",20,0.09000000000000001,0.5413701067615658,0.14768683274021352,0.6722642348754448,0.3358
100000008097580100,3,False,2,32000.0,4,0,0.0,0,0.0,False,False,0,7,0.0,1,4,0.0006747919200885517,0.0,0,terminal,0.699,"Конечный получатель: 32 тыс ₸ от 2 плательщиков, исходящих нет (колено 3)",4,0.31455,0.327846975088968,0.5433718861209964,0.6446841637010676,0.4568
100000008687617100,3,False,1,43350.0,2,0,0.0,0,0.0,False,False,0,1,0.0,1,2,0.0002923352659448677,0.0,1,peripheral,0.9,"Признаков роли не выявлено: вход 1 (43 тыс ₸), выход 0 (0 ₸)",7,0.09000000000000001,0.3847864768683274,0.14768683274021352,0.31283362989323843,0.1998
100000005667841100,3,False,2,186000.0,2,0,0.0,0,0.0,False,False,0,8,0.0,2,1,0.00031222556371948533,0.0,0,terminal,0.887,"Конечный получатель: 186 тыс ₸ от 2 плательщиков, исходящих нет (колено 3)",3,0.39915,0.6935053380782918,0.8387455516014235,0.4367215302491103,0.6265
100000001329153100,3,False,1,150687.0,1,0,0.0,0,0.0,False,False,0,7,0.0,1,1,0.00029405598109260987,0.0,0,peripheral,0.9,"Признаков роли не выявлено: вход 1 (151 тыс ₸), выход 0 (0 ₸)",10,0.09000000000000001,0.6539145907473309,0.5433718861209964,0.33351868327402134,0.3842
100000007689942100,3,False,1,5000.0,1,2,25000.0,2,5.0,False,True,0,7,0.0,1,3,0.0008925911171850297,1.1576135351736421e-05,0,peripheral,0.9,"Признаков роли не выявлено: вход 1 (5 тыс ₸), выход 2 (25 тыс ₸)",1,0.09000000000000001,0.3082740213523132,0.5433718861209964,0.8977980427046264,0.4166
100000006476758100,3,False,1,5200.0,1,0,0.0,0,0.0,False,False,0,8,0.0,1,1,0.0005168074362570573,0.0,0,peripheral,0.9,"Признаков роли не выявлено: вход 1 (5 тыс ₸), выход 0 (0 ₸)",13,0.09000000000000001,0.02468861209964413,0.8387455516014235,0.5852980427046264,0.3256
100000002184107100,3,False,1,6066.0,1,0,0.0,0,0.0,False,False,0,7,0.0,1,1,0.0002901959794883712,0.0,0,peripheral,0.9,"Признаков роли не выявлено: вход 1 (6 тыс ₸), выход 0 (0 ₸)",31,0.09000000000000001,0.0380338078291815,0.5433718861209964,0.2804715302491103,0.1827
100000008663723100,3,False,1,15600.0,1,0,0.0,0,0.0,False,False,0,1,0.0,1,1,0.00028800410757254345,0.0,1,peripheral,0.9,"Признаков роли не выявлено: вход 1 (16 тыс ₸), выход 0 (0 ₸)",7,0.09000000000000001,0.1512455516014235,0.14768683274021352,0.23109430604982206,0.1083
100000000254336100,3,False,2,97177.0,2,1,60000.0,1,0.6174300503205491,False,False,0,7,1.0,1,2,0.0002919351427687482,1.0685663401602851e-05,0,peripheral,0.8,"Признаков роли не выявлено: вход 2 (97 тыс ₸), выход 1 (60 тыс ₸)",10,0.08000000000000002,0.6650355871886121,0.5433718861209964,0.5205738434163701,0.4291
100000008750464100,3,False,1,8500.0,1,0,0.0,0,0.0,False,False,0,1,0.0,1,1,0.00028689595534034515,0.0,1,peripheral,0.9,"Признаков роли не выявлено: вход 1 (8 тыс ₸), выход 0 (0 ₸)",7,0.09000000000000001,0.05604982206405694,0.14768683274021352,0.21563612099644128,0.0754
100000001530709100,3,False,1,53961.0,1,0,0.0,0,0.0,False,False,0,7,0.0,1,1,0.00028860837595943913,0.0,0,peripheral,0.9,"Признаков роли не выявлено: вход 1 (54 тыс ₸), выход 0 (0 ₸)",10,0.09000000000000001,0.4541814946619217,0.5433718861209964,0.245885231316726,0.3016
100000000656682100,3,False,1,71000.0,1,2,80000.0,3,1.1267605633802817,False,False,0,7,0.0,1,4,0.0002895680118780556,2.1371326803205702e-05,0,transit,0.61,Признаки транзита: пропускает 113% полученного (71 тыс ₸),10,0.366,0.6548042704626335,0.5433718861209964,0.5177935943060499,0.5479
100000008755754100,3,False,1,7000.0,1,0,0.0,0,0.0,False,False,0,1,0.0,1,1,0.0002958990020703291,0.0,0,peripheral,0.9,"Признаков роли не выявлено: вход 1 (7 тыс ₸), выход 0 (0 ₸)",9,0.09000000000000001,0.04581850533807829,0.14768683274021352,0.35131227758007116,0.1055
100000002691583100,3,False,1,285200.0,1,0,0.0,0,0.0,False,False,0,7,0.0,1,1,0.0003570895620191624,0.0,0,terminal,0.926,"Конечный получатель: 285 тыс ₸ от 1 плательщиков, исходящих нет (колено 3)",26,0.4167,0.7695729537366548,0.5433718861209964,0.5123443060498221,0.6034
100000005241556100,3,False,1,100000.0,1,0,0.0,0,0.0,False,False,0,8,0.0,1,1,0.0005490718879795894,0.0,0,peripheral,0.9,"Признаков роли не выявлено: вход 1 (100 тыс ₸), выход 0 (0 ₸)",3,0.09000000000000001,0.5798487544483986,0.8387455516014235,0.6153247330960854,0.5029
100000004713684100,3,False,1,37500.0,1,0,0.0,0,0.0,False,False,0,7,0.0,1,1,0.00028768129298177927,0.0,0,peripheral,0.9,"Признаков роли не выявлено: вход 1 (38 тыс ₸), выход 0 (0 ₸)",10,0.09000000000000001,0.35765124555160144,0.5433718861209964,0.22742437722419928,0.2675
100000006919124100,3,False,1,25000.0,1,0,0.0,0,0.0,False,False,0,7,0.0,1,1,0.0002869772933936165,0.0,0,peripheral,0.9,"Признаков роли не выявлено: вход 1 (25 тыс ₸), выход 0 (0 ₸)",10,0.09000000000000001,0.26045373665480426,0.5433718861209964,0.21652580071174377,0.2351
100000003006633100,3,False,1,10000.0,1,0,0.0,0,0.0,False,False,0,7,0.0,1,1,0.0002931965366687916,0.0,0,peripheral,0.9,"Признаков роли не выявлено: вход 1 (10 тыс ₸), выход 0 (0 ₸)",31,0.09000000000000001,0.07873665480427046,0.5433718861209964,0.3230649466192171,0.2056
100000008306857100,3,False,1,125000.0,1,0,0.0,0,0.0,False,False,0,2,0.0,1,1,0.0002915232752351062,0.0,0,peripheral,0.9,"Признаков роли не выявлено: вход 1 (125 тыс ₸), выход 0 (0 ₸)",11,0.09000000000000001,0.6207740213523132,0.28113879003558717,0.3021574733096085,0.3022
100000003671721100,3,False,1,5000.0,1,0,0.0,0,0.0,False,False,0,9,0.0,1,1,0.000558742155523584,0.0,0,peripheral,0.9,"Признаков роли не выявлено: вход 1 (5 тыс ₸), выход 0 (0 ₸)",15,0.09000000000000001,0.01601423487544484,0.9094750889679716,0.6224421708185054,0.3493
100000002613929100,3,False,1,28560.0,1,0,0.0,0,0.0,False,False,0,8,0.0,1,1,0.0007809340979896417,0.0,0,peripheral,0.9,"Признаков роли не выявлено: вход 1 (29 тыс ₸), выход 0 (0 ₸)",16,0.09000000000000001,0.2944839857651246,0.8387455516014235,0.654470640569395,0.4251
100000008669310100,3,False,1,59567.0,2,0,0.0,0,0.0,False,False,0,7,0.0,1,2,0.00028892410569473836,0.0,0,peripheral,0.9,"Признаков роли не выявлено: вход 1 (60 тыс ₸), выход 0 (0 ₸)",10,0.09000000000000001,0.47108540925266906,0.5433718861209964,0.255894128113879,0.3092
100000006573438100,3,False,1,5000.0,1,0,0.0,0,0.0,False,False,0,7,0.0,1,1,0.000299086879906217,0.0,0,peripheral,0.9,"Признаков роли не выявлено: вход 1 (5 тыс ₸), выход 0 (0 ₸)",33,0.09000000000000001,0.01601423487544484,0.5433718861209964,0.3733318505338078,0.1987
100000006165886100,3,False,2,184481.0,2,1,75000.0,1,0.4065459315593476,False,False,0,7,0.43589312720551165,1,2,0.00029856163893927847,0.0,0,peripheral,0.8,"Признаков роли не выявлено: вход 2 (184 тыс ₸), выход 1 (75 тыс ₸)",1,0.08000000000000002,0.7557829181494662,0.5433718861209964,0.36955071174377224,0.4199
100000008491390100,3,False,1,36000.0,1,0,0.0,0,0.0,False,False,0,7,0.0,1,1,0.00028759681303119975,0.0,0,peripheral,0.9,"Признаков роли не выявлено: вход 1 (36 тыс ₸), выход 0 (0 ₸)",10,0.09000000000000001,0.3503113879003559,0.5433718861209964,0.22608985765124556,0.265
100000005186131100,3,False,1,10000.0,1,1,10000.0,1,1.0,False,False,0,7,1.0,1,1,0.00028613249388782113,1.0685663401602851e-05,0,peripheral,0.9,"Признаков роли не выявлено: вход 1 (10 тыс ₸), выход 1 (10 тыс ₸)",10,0.09000000000000001,0.20462633451957296,0.5433718861209964,0.41803825622775803,0.2674
100000001550419100,3,False,1,23000.0,1,0,0.0,0,0.0,False,False,0,7,0.0,1,1,0.0002920702819634094,0.0,0,peripheral,0.9,"Признаков роли не выявлено: вход 1 (23 тыс ₸), выход 0 (0 ₸)",14,0.09000000000000001,0.23465302491103202,0.5433718861209964,0.3086076512455516,0.2498
100000004979283100,3,False,1,40132.0,1,0,0.0,0,0.0,False,False,0,7,0.0,1,1,0.0003005217649950165,0.0,0,peripheral,0.9,"Признаков роли не выявлено: вход 1 (40 тыс ₸), выход 0 (0 ₸)",9,0.09000000000000001,0.3736654804270463,0.5433718861209964,0.3857873665480427,0.3112
100000002537811100,3,False,1,52000.0,1,1,15000.0,1,0.28846153846153844,False,False,0,11,0.0,1,2,0.0012313777249476486,1.8737385724253492e-05,0,peripheral,0.9,"Признаков роли не выявлено: вход 1 (52 тыс ₸), выход 1 (15 тыс ₸)",13,0.09000000000000001,0.4942170818505338,0.9922153024911032,0.9212633451957295,0.5892
100000002990675100,3,False,1,51143.0,1,0,0.0,0,0.0,False,False,0,7,0.0,1,1,0.00028722679660696173,0.0,0,peripheral,0.9,"Признаков роли не выявлено: вход 1 (51 тыс ₸), выход 0 (0 ₸)",6,0.09000000000000001,0.4403914590747331,0.5433718861209964,0.2196396797153025,0.291
100000008763688100,3,False,1,21000.0,1,0,0.0,0,0.0,False,False,0,1,0.0,1,1,0.00028884692758013086,0.0,1,peripheral,0.9,"Признаков роли не выявлено: вход 1 (21 тыс ₸), выход 0 (0 ₸)",7,0.09000000000000001,0.22197508896797152,0.14768683274021352,0.25411476868327404,0.1356
100000002809896100,3,False,1,38000.0,1,0,0.0,0,0.0,False,False,0,7,0.0,1,1,0.0002997274196422279,0.0,0,peripheral,0.9,"Признаков роли не выявлено: вход 1 (38 тыс ₸), выход 0 (0 ₸)",9,0.09000000000000001,0.36076512455516013,0.5433718861209964,0.38044928825622776,0.306
100000008716072100,3,False,1,12100.0,1,0,0.0,0,0.0,False,False,0,1,0.0,1,1,0.00028745783534540344,0.0,1,peripheral,0.9,"Признаков роли не выявлено: вход 1 (12 тыс ₸), выход 0 (0 ₸)",7,0.09000000000000001,0.10676156583629894,0.14768683274021352,0.22342081850533807,0.0928
100000001279272100,3,False,1,250000.0,1,2,136758.0,2,0.547032,False,False,0,7,1.0,1,3,0.0003077398575230603,0.0001877072988039629,0,peripheral,0.9,"Признаков роли не выявлено: вход 1 (250 тыс ₸), выход 2 (137 тыс ₸)",1,0.09000000000000001,0.8193950177935944,0.5433718861209964,0.7135231316725978,0.5279
100000001714173100,3,False,1,638905.0,6,0,0.0,0,0.0,False,False,0,9,0.0,1,3,0.0005706777097822566,0.0,0,terminal,0.976,"Конечный получатель: 639 тыс ₸ от 1 плательщиков, исходящих нет (колено 3)",3,0.4392,0.891459074733096,0.9094750889679716,0.6260008896797153,0.7679
100000008729597100,3,False,1,83090.0,1,0,0.0,0,0.0,False,False,0,7,0.0,1,1,0.0003024747023657885,0.0,0,peripheral,0.9,"Признаков роли не выявлено: вход 1 (83 тыс ₸), выход 0 (0 ₸)",1,0.09000000000000001,0.530693950177936,0.5433718861209964,0.3982428825622776,0.3623
100000002255058100,3,False,1,491500.0,2,0,0.0,0,0.0,False,False,0,1,0.0,1,2,0.0004261286722180512,0.0,0,terminal,0.962,"Конечный получатель: 492 тыс ₸ от 1 плательщиков, исходящих нет (колено 3)",19,0.4329,0.8594306049822064,0.14768683274021352,0.5548265124555161,0.5514
100000006111442100,3,False,1,64000.0,1,0,0.0,0,0.0,False,False,0,8,0.0,1,1,0.00029552622405626476,0.0,0,peripheral,0.9,"Признаков роли не выявлено: вход 1 (64 тыс ₸), выход 0 (0 ₸)",3,0.09000000000000001,0.4844306049822064,0.8387455516014235,0.3475311387900356,0.4081
100000008686247100,3,False,1,22000.0,2,1,5000.0,1,0.22727272727272727,False,False,0,1,0.0,1,3,0.0003136737677799251,0.0,0,peripheral,0.9,"Признаков роли не выявлено: вход 1 (22 тыс ₸), выход 1 (5 тыс ₸)",12,0.09000000000000001,0.28536476868327404,0.14768683274021352,0.4436165480427047,0.2014
100000001893287100,3,False,1,18000.0,3,1,152700.0,14,8.483333333333333,False,True,0,1,1.0,1,12,0.0006184515295005462,0.0,0,peripheral,0.9,"Признаков роли не выявлено: вход 1 (18 тыс ₸), выход 1 (153 тыс ₸)",20,0.09000000000000001,0.6832740213523132,0.14768683274021352,0.6368994661921709,0.3706
100000005172860100,3,False,1,15209.2,1,0,0.0,0,0.0,False,False,0,7,0.0,1,1,0.00029179582395841264,0.0,0,peripheral,0.9,"Признаков роли не выявлено: вход 1 (15 тыс ₸), выход 0 (0 ₸)",4,0.09000000000000001,0.14546263345195729,0.5433718861209964,0.304826512455516,0.2215
100000001788284100,3,False,1,8000.0,1,5,296700.0,8,37.0875,False,True,0,7,1.0,1,6,0.000299382680596746,3.472840605520926e-05,0,peripheral,0.75,"Признаков роли не выявлено: вход 1 (8 тыс ₸), выход 5 (297 тыс ₸)",25,0.07500000000000001,0.7838078291814946,0.5433718861209964,0.6426823843416369,0.4933
100000008755580100,3,False,1,16000.0,1,0,0.0,0,0.0,False,False,0,1,0.0,1,1,0.0002880665386842166,0.0,1,peripheral,0.9,"Признаков роли не выявлено: вход 1 (16 тыс ₸), выход 0 (0 ₸)",7,0.09000000000000001,0.15769572953736655,0.14768683274021352,0.23287366548042704,0.1107
100000003896956100,3,False,1,10000.0,1,1,27000.0,2,2.7,False,True,0,7,1.0,1,3,0.0002885646095495065,1.0707077556716282e-05,0,peripheral,0.9,"Признаков роли не выявлено: вход 1 (10 тыс ₸), выход 1 (27 тыс ₸)",2,0.09000000000000001,0.3540925266903915,0.5433718861209964,0.4727535587188612,0.3265
100000002475601100,3,False,1,232301.0,1,0,0.0,0,0.0,False,False,0,1,0.0,1,1,0.0003021143924659961,0.0,0,terminal,0.908,"Конечный получатель: 232 тыс ₸ от 1 плательщиков, исходящих нет (колено 3)",21,0.4086,0.7353202846975089,0.14768683274021352,0.39579626334519574,0.464
100000008619857100,3,False,1,29000.0,1,2,13000.0,2,0.4482758620689655,False,False,0,7,0.0,1,2,0.0002872025732618286,2.1797449112676184e-06,0,peripheral,0.9,"Признаков роли не выявлено: вход 1 (29 тыс ₸), выход 2 (13 тыс ₸)",4,0.09000000000000001,0.3807829181494662,0.5433718861209964,0.41814946619217086,0.3213
100000001373265100,3,False,1,142482.0,1,1,5000.0,1,0.0350921519911287,False,False,0,7,0.0,1,2,0.0003145585391783481,1.0685663401602851e-05,0,peripheral,0.9,"Признаков роли не выявлено: вход 1 (142 тыс ₸), выход 1 (5 тыс ₸)",1,0.09000000000000001,0.646797153024911,0.5433718861209964,0.661588078291815,0.4624
100000004185681100,3,False,1,10000.0,1,0,0.0,0,0.0,False,False,0,7,0.0,1,1,0.0005352962052822021,0.0,0,peripheral,0.9,"Признаков роли не выявлено: вход 1 (10 тыс ₸), выход 0 (0 ₸)",4,0.09000000000000001,0.07873665480427046,0.5433718861209964,0.6024243772241993,0.274
100000003031633100,3,False,1,414000.0,2,0,0.0,0,0.0,False,False,0,8,0.0,1,1,0.00031462612731946766,0.0,0,terminal,0.951,"Конечный получатель: 414 тыс ₸ от 1 плательщиков, исходящих нет (колено 3)",3,0.42795,0.8309608540925267,0.8387455516014235,0.4471752669039146,0.6834
100000002632742100,3,False,2,235500.0,2,0,0.0,0,0.0,False,False,0,8,0.0,1,2,0.0003175643151957891,0.0,0,terminal,0.91,"Конечный получатель: 236 тыс ₸ от 2 плательщиков, исходящих нет (колено 3)",3,0.40950000000000003,0.7379893238434164,0.8387455516014235,0.45518238434163705,0.649
100000005847078100,3,False,1,16300.0,1,0,0.0,0,0.0,False,False,0,1,0.0,1,1,0.0002881133620179714,0.0,1,peripheral,0.9,"Признаков роли не выявлено: вход 1 (16 тыс ₸), выход 0 (0 ₸)",7,0.09000000000000001,0.16080960854092527,0.14768683274021352,0.23443060498220641,0.1121
100000002807334100,3,False,1,54715.0,1,0,0.0,0,0.0,False,False,0,7,0.0,1,1,0.00028734256217675437,0.0,0,peripheral,0.9,"Признаков роли не выявлено: вход 1 (55 тыс ₸), выход 0 (0 ₸)",6,0.09000000000000001,0.45729537366548045,0.5433718861209964,0.22141903914590746,0.2966
100000008748795100,3,False,1,47057.0,1,0,0.0,0,0.0,False,False,0,7,0.0,1,1,0.000288219542906905,0.0,0,peripheral,0.9,"Признаков роли не выявлено: вход 1 (47 тыс ₸), выход 0 (0 ₸)",10,0.09000000000000001,0.4083629893238434,0.5433718861209964,0.23587633451957296,0.2851
100000003899899100,3,False,2,218500.0,5,1,10000.0,1,0.04576659038901602,False,False,0,7,0.0,1,5,0.0006539846029635868,1.0685663401602851e-05,0,terminal,0.903,"Конечный получатель: 218 тыс ₸ от 2 плательщиков, дальше уходит 5% (колено 3)",2,0.40635000000000004,0.7304270462633452,0.5433718861209964,0.8573176156583631,0.6715
100000002308091100,3,False,1,186720.0,1,0,0.0,0,0.0,False,False,0,1,0.0,1,1,0.0005611068728343333,0.0,0,peripheral,0.9,"Признаков роли не выявлено: вход 1 (187 тыс ₸), выход 0 (0 ₸)",9,0.09000000000000001,0.693950177935943,0.14768683274021352,0.6235542704626335,0.3706
100000008680912100,3,False,1,45112.0,2,1,5990.85,1,0.13279947685759888,False,False,0,7,0.1335786486965774,1,3,0.0005351757124790597,0.0,0,peripheral,0.9,"Признаков роли не выявлено: вход 1 (45 тыс ₸), выход 1 (6 тыс ₸)",4,0.09000000000000001,0.43994661921708184,0.5433718861209964,0.6019795373665481,0.3845
100000008742053100,3,False,1,10000.0,1,12,2789000.0,12,278.9,False,True,0,8,0.0,1,7,0.0002862711500893241,8.26201159191271e-05,0,distributor,0.537,"Веерное распределение: 12 получателей, 2,8 млн ₸, отдаёт в 278.9× больше видимого входа — есть внешние источники",3,0.42960000000000004,0.9826512455516014,0.8387455516014235,0.4891014234875445,0.7409
100000008473765100,3,False,1,30000.0,1,0,0.0,0,0.0,False,False,0,7,0.0,1,1,0.0002916730641589798,0.0,0,peripheral,0.9,"Признаков роли не выявлено: вход 1 (30 тыс ₸), выход 0 (0 ₸)",1,0.09000000000000001,0.3082740213523132,0.5433718861209964,0.3034919928825623,0.271
100000007472293100,3,False,1,5000.0,1,3,345900.0,3,69.18,False,True,0,9,0.0,1,2,0.00028633291495751956,3.576461322764257e-05,0,peripheral,0.85,"Признаков роли не выявлено: вход 1 (5 тыс ₸), выход 3 (346 тыс ₸)",3,0.085,0.8029359430604982,0.9094750889679716,0.4737544483985765,0.5517
100000008753061100,3,False,1,28400.0,2,0,0.0,0,0.0,False,False,0,1,0.0,1,2,0.000290001903146084,0.0,1,peripheral,0.9,"Признаков роли не выявлено: вход 1 (28 тыс ₸), выход 0 (0 ₸)",7,0.09000000000000001,0.29225978647686834,0.14768683274021352,0.2774688612099644,0.1629
100000008501413100,3,False,1,5000.0,1,1,5100.0,1,1.02,False,False,0,8,1.0,1,2,0.0003666452836068578,1.0685663401602851e-05,0,peripheral,0.9,"Признаков роли не выявлено: вход 1 (5 тыс ₸), выход 1 (5 тыс ₸)",13,0.09000000000000001,0.09297153024911033,0.8387455516014235,0.7365435943060499,0.3835
100000002748581100,3,False,1,41180.0,1,0,0.0,0,0.0,False,False,0,7,0.0,1,1,0.0002972088887992543,0.0,0,peripheral,0.9,"Признаков роли не выявлено: вход 1 (41 тыс ₸), выход 0 (0 ₸)",14,0.09000000000000001,0.37722419928825623,0.5433718861209964,0.3619884341637011,0.3065
100000001384826100,3,False,1,364260.0,1,1,10000.0,1,0.027452918245209467,False,False,0,7,0.0,1,2,0.0002973746599655164,1.0685663401602851e-05,0,terminal,0.942,"Конечный получатель: 364 тыс ₸ от 1 плательщиков, дальше уходит 3% (колено 3)",6,0.4239,0.8136120996441281,0.5433718861209964,0.5777357651245552,0.636
100000004099450100,3,False,1,31000.0,1,0,0.0,0,0.0,False,False,0,7,0.0,1,1,0.00029616586394753193,0.0,0,peripheral,0.9,"Признаков роли не выявлено: вход 1 (31 тыс ₸), выход 0 (0 ₸)",10,0.09000000000000001,0.3193950177935943,0.5433718861209964,0.3535364768683274,0.2867
100000002926970100,3,False,1,85000.0,1,0,0.0,0,0.0,False,False,0,7,0.0,1,1,0.0003172387852993868,0.0,0,peripheral,0.9,"Признаков роли не выявлено: вход 1 (85 тыс ₸), выход 0 (0 ₸)",9,0.09000000000000001,0.5375889679715302,0.5433718861209964,0.45384786476868333,0.3781
100000002753146100,3,False,1,803540.0,3,0,0.0,0,0.0,False,False,0,2,0.0,1,2,0.00032384338947373374,0.0,0,terminal,0.983,"Конечный получатель: 804 тыс ₸ от 1 плательщиков, исходящих нет (колено 3)",11,0.44235,0.9083629893238434,0.28113879003558717,0.4711966192170819,0.5826
100000003943247100,3,False,1,40000.0,1,0,0.0,0,0.0,False,False,0,7,0.0,1,1,0.0002878220928994118,0.0,0,peripheral,0.9,"Признаков роли не выявлено: вход 1 (40 тыс ₸), выход 0 (0 ₸)",10,0.09000000000000001,0.37055160142348753,0.5433718861209964,0.22898131672597866,0.2719
100000002872399100,3,False,1,1090000.0,9,0,0.0,0,0.0,False,False,0,1,0.0,1,8,0.0007057669186571367,0.0,0,terminal,0.988,"Конечный получатель: 1,1 млн ₸ от 1 плательщиков, исходящих нет (колено 3)",15,0.4446,0.9341637010676157,0.14768683274021352,0.6477980427046264,0.6021
100000008417359100,3,False,1,40810.0,2,2,110760.0,3,2.714040676304827,False,True,0,7,0.7549620191129625,1,5,0.0002919927493261819,0.0,0,peripheral,0.9,"Признаков роли не выявлено: вход 1 (41 тыс ₸), выход 2 (111 тыс ₸)",4,0.09000000000000001,0.6565836298932385,0.5433718861209964,0.3074955516014235,0.3787
100000002614095100,3,False,1,5300.0,1,0,0.0,0,0.0,False,False,0,1,0.0,1,1,0.00028639650644696,0.0,1,peripheral,0.9,"Признаков роли не выявлено: вход 1 (5 тыс ₸), выход 0 (0 ₸)",7,0.09000000000000001,0.026690391459074734,0.14768683274021352,0.20740658362989323,0.0644
100000004717647100,3,False,1,300000.0,2,5,2240000.0,10,7.466666666666667,False,True,0,7,0.16666666666666666,1,8,0.0010233609552644499,4.282831022686513e-05,0,peripheral,0.75,"Признаков роли не выявлено: вход 1 (300 тыс ₸), выход 5 (2,2 млн ₸)",1,0.07500000000000001,0.9790925266903915,0.5433718861209964,0.9396129893238434,0.6258
100000008537380100,3,False,1,8000.0,1,0,0.0,0,0.0,False,False,0,1,0.0,1,1,0.00028681791645075375,0.0,1,peripheral,0.9,"Признаков роли не выявлено: вход 1 (8 тыс ₸), выход 0 (0 ₸)",7,0.09000000000000001,0.052713523131672595,0.14768683274021352,0.21341192170818507,0.0738
100000001534244100,3,False,2,366000.0,2,1,45000.0,1,0.12295081967213115,False,False,0,8,0.0,2,2,0.00034150708804052437,1.3357079252003563e-05,0,terminal,0.943,"Конечный получатель: 366 тыс ₸ от 2 плательщиков, дальше уходит 12% (колено 3)",3,0.42435,0.828959074733096,0.8387455516014235,0.7359875444839858,0.752
100000008767950100,3,False,1,17350.0,1,0,0.0,0,0.0,False,False,0,1,0.0,1,1,0.0002882772436861134,0.0,1,peripheral,0.9,"Признаков роли не выявлено: вход 1 (17 тыс ₸), выход 0 (0 ₸)",7,0.09000000000000001,0.17304270462633453,0.14768683274021352,0.23899021352313168,0.1169
100000004613582100,3,False,1,5000.0,1,1,9500.0,1,1.9,False,True,0,1,0.0,1,2,0.0005534434661680617,0.0,0,peripheral,0.9,"Признаков роли не выявлено: вход 1 (5 тыс ₸), выход 1 (10 тыс ₸)",15,0.09000000000000001,0.12922597864768684,0.14768683274021352,0.619105871886121,0.1966
100000008121806100,3,False,1,67000.0,1,4,248509.0,6,3.709089552238806,False,True,0,7,1.0,1,5,0.0003003687971376974,0.0008904065278453607,0,peripheral,0.8,"Признаков роли не выявлено: вход 1 (67 тыс ₸), выход 4 (249 тыс ₸)",17,0.08000000000000002,0.7869217081850534,0.5433718861209964,0.6879448398576512,0.5074
100000002369443100,3,False,1,50000.0,1,0,0.0,0,0.0,False,False,0,1,0.0,1,1,0.00029337318317643364,0.0,1,peripheral,0.9,"Признаков роли не выявлено: вход 1 (50 тыс ₸), выход 0 (0 ₸)",7,0.09000000000000001,0.42838078291814946,0.14768683274021352,0.3250667259786477,0.2162
100000008655779100,3,False,1,47000.0,1,2,24704.0,2,0.5256170212765957,False,False,0,7,0.0,1,3,0.00039705232861292827,3.713268032056991e-05,0,peripheral,0.9,"Признаков роли не выявлено: вход 1 (47 тыс ₸), выход 2 (25 тыс ₸)",22,0.09000000000000001,0.5057829181494662,0.5433718861209964,0.8116103202846975,0.456
100000008561016100,3,False,1,180000.0,2,1,185000.0,4,1.0277777777777777,False,False,0,9,1.0,1,2,0.0002948428406003132,1.6060616335074423e-05,0,transit,0.958,"Признаки транзита: пропускает 103% полученного (180 тыс ₸), 100% уходит дальше за ≤2 дня",3,0.5748,0.8091637010676157,0.9094750889679716,0.584297153024911,0.7906
100000002727288100,3,False,1,16000.0,1,0,0.0,0,0.0,False,False,0,7,0.0,1,1,0.00036616923373624543,0.0,0,peripheral,0.9,"Признаков роли не выявлено: вход 1 (16 тыс ₸), выход 0 (0 ₸)",2,0.09000000000000001,0.15769572953736655,0.5433718861209964,0.521241103202847,0.2783
100000001270349100,3,False,1,200000.0,1,0,0.0,0,0.0,False,False,0,1,0.0,1,1,0.00035530033832396505,0.0,0,terminal,0.896,"Конечный получатель: 200 тыс ₸ от 1 плательщиков, исходящих нет (колено 3)",3,0.4032,0.7106316725978647,0.14768683274021352,0.5096752669039146,0.482
100000004722765100,3,False,1,230000.0,1,3,2284500.0,9,9.932608695652174,False,True,0,7,1.0,1,6,0.0005815882668655411,3.472840605520926e-05,0,peripheral,0.85,"Признаков роли не выявлено: вход 1 (230 тыс ₸), выход 3 (2,3 млн ₸)",4,0.085,0.9773131672597865,0.5433718861209964,0.89557384341637,0.6187
100000001677389100,3,False,1,11000.0,1,1,5400.0,1,0.4909090909090909,False,False,0,7,0.0,1,2,0.00028863096954467773,1.0707077556716282e-05,0,peripheral,0.9,"Признаков роли не выявлено: вход 1 (11 тыс ₸), выход 1 (5 тыс ₸)",4,0.09000000000000001,0.16169928825622776,0.5433718861209964,0.47408807829181493,0.2679
100000005857058100,3,False,3,80222.0,3,0,0.0,0,0.0,False,False,0,7,0.0,1,3,0.0003899337552291797,0.0,0,terminal,0.804,"Конечный получатель: 80 тыс ₸ от 3 плательщиков, исходящих нет (колено 3)",2,0.3618,0.521797153024911,0.5433718861209964,0.5368104982206405,0.51
100000008760098100,3,False,1,7000.0,1,1,390000.0,1,55.714285714285715,False,True,0,9,0.0,1,2,0.00028663836325361103,6.0424882330492306e-06,0,peripheral,0.9,"Признаков роли не выявлено: вход 1 (7 тыс ₸), выход 1 (390 тыс ₸)",3,0.09000000000000001,0.8229537366548043,0.9094750889679716,0.4147019572953736,0.5455
100000002838519100,3,False,1,46900.0,1,0,0.0,0,0.0,False,False,0,7,0.0,1,1,0.0002988256561865499,0.0,0,peripheral,0.9,"Признаков роли не выявлено: вход 1 (47 тыс ₸), выход 0 (0 ₸)",14,0.09000000000000001,0.4043594306049822,0.5433718861209964,0.3711076512455516,0.317
100000002597623100,3,False,1,16418.0,1,0,0.0,0,0.0,False,False,0,7,0.0,1,1,0.0002864939554363674,0.0,0,peripheral,0.9,"Признаков роли не выявлено: вход 1 (16 тыс ₸), выход 0 (0 ₸)",10,0.09000000000000001,0.16236654804270462,0.5433718861209964,0.20963078291814946,0.2034
100000003635660100,3,False,1,18985.0,1,0,0.0,0,0.0,False,False,0,7,0.0,1,1,0.0002905219400417891,0.0,0,peripheral,0.9,"Признаков роли не выявлено: вход 1 (19 тыс ₸), выход 0 (0 ₸)",1,0.09000000000000001,0.1895017793594306,0.5433718861209964,0.28592081850533807,0.2304
100000008676812100,3,False,1,230800.0,1,0,0.0,0,0.0,False,False,0,7,0.0,1,1,0.00047313415798956024,0.0,0,terminal,0.907,"Конечный получатель: 231 тыс ₸ от 1 плательщиков, исходящих нет (колено 3)",18,0.40815,0.733540925266904,0.5433718861209964,0.5706183274021353,0.603
100000003213473100,3,False,1,57500.0,2,11,240000.0,12,4.173913043478261,False,True,0,7,1.0,1,12,0.00028880769232283976,7.01822651289731e-05,0,distributor,0.519,"Веерное распределение: 11 получателей, 240 тыс ₸, отдаёт в 4.2× больше видимого входа — есть внешние источники",18,0.4152,0.7758007117437722,0.5433718861209964,0.5322508896797153,0.6096
100000003071649100,3,False,1,189500.0,1,0,0.0,0,0.0,False,False,0,9,0.0,1,1,0.00029533227777052824,0.0,0,peripheral,0.9,"Признаков роли не выявлено: вход 1 (190 тыс ₸), выход 0 (0 ₸)",3,0.09000000000000001,0.6966192170818505,0.9094750889679716,0.3457517793594306,0.4899
100000002433697100,3,False,1,130000.0,1,1,110000.0,1,0.8461538461538461,False,False,0,7,1.0,1,1,0.0002897824868469217,1.0707077556716282e-05,0,transit,0.769,"Признаки транзита: пропускает 85% полученного (130 тыс ₸), 100% уходит дальше за ≤2 дня",6,0.4614,0.7433274021352313,0.5433718861209964,0.5014457295373665,0.6119
100000008612257100,3,False,1,9500.0,1,0,0.0,0,0.0,False,False,0,7,0.0,1,1,0.00028786387694202796,0.0,0,peripheral,0.9,"Признаков роли не выявлено: вход 1 (10 тыс ₸), выход 0 (0 ₸)",6,0.09000000000000001,0.06361209964412812,0.5433718861209964,0.22964857651245552,0.1781
100000002736033100,3,False,1,34530.0,1,1,11000.0,1,0.3185635679119606,False,False,0,7,0.0,1,2,0.0002951801714040789,1.0707077556716282e-05,0,peripheral,0.9,"Признаков роли не выявлено: вход 1 (35 тыс ₸), выход 1 (11 тыс ₸)",4,0.09000000000000001,0.39902135231316727,0.5433718861209964,0.571952846975089,0.3646
100000008687990100,3,False,1,17600.0,1,0,0.0,0,0.0,False,False,0,1,0.0,1,1,0.00028831626313090915,0.0,1,peripheral,0.9,"Признаков роли не выявлено: вход 1 (18 тыс ₸), выход 0 (0 ₸)",7,0.09000000000000001,0.17793594306049823,0.14768683274021352,0.23965747330960854,0.1186
100000008776310100,3,False,1,19200.0,1,0,0.0,0,0.0,False,False,0,1,0.0,1,1,0.00028856598757760174,0.0,1,peripheral,0.9,"Признаков роли не выявлено: вход 1 (19 тыс ₸), выход 0 (0 ₸)",7,0.09000000000000001,0.19217081850533807,0.14768683274021352,0.24544039145907473,0.1244
100000007267915100,3,False,2,21000.0,3,1,10000.0,1,0.47619047619047616,False,False,0,7,0.23809523809523808,1,4,0.00029139460697907583,1.3211479220077003e-06,0,peripheral,0.8,"Признаков роли не выявлено: вход 2 (21 тыс ₸), выход 1 (10 тыс ₸)",4,0.08000000000000002,0.3193950177935943,0.5433718861209964,0.4979982206405694,0.3178
100000004217419100,3,False,2,118200.0,3,1,7700.0,1,0.06514382402707276,False,False,0,7,0.05922165820642978,1,3,0.0005841829530235464,1.0685663401602851e-05,0,terminal,0.846,"Конечный получатель: 118 тыс ₸ от 2 плательщиков, дальше уходит 7% (колено 3)",1,0.3807,0.6223309608540926,0.5433718861209964,0.8441948398576513,0.6242
100000002773323100,3,False,2,285000.0,2,1,1171644.0,2,4.111031578947369,False,True,0,8,0.0,2,3,0.00032549778860022544,1.3357079252003563e-05,0,peripheral,0.8,"Признаков роли не выявлено: вход 2 (285 тыс ₸), выход 1 (1,2 млн ₸)",3,0.08000000000000002,0.9506227758007118,0.8387455516014235,0.7126334519572954,0.636
100000002528544100,3,False,1,192912.0,1,0,0.0,0,0.0,False,False,0,1,0.0,1,1,0.0002993090025842554,0.0,0,peripheral,0.9,"Признаков роли не выявлено: вход 1 (193 тыс ₸), выход 0 (0 ₸)",21,0.09000000000000001,0.7015124555160143,0.14768683274021352,0.3757784697508897,0.3122
100000003760160100,3,False,1,104470.0,1,0,0.0,0,0.0,False,False,0,7,0.0,1,1,0.00028895508063281035,0.0,0,peripheral,0.9,"Признаков роли не выявлено: вход 1 (104 тыс ₸), выход 0 (0 ₸)",6,0.09000000000000001,0.5907473309608541,0.5433718861209964,0.2565613879003559,0.346
100000000640800100,3,False,1,80000.0,1,4,518135.0,6,6.4766875,False,True,0,7,0.0,1,5,0.00030324034248046286,9.793364450140155e-05,0,peripheral,0.8,"Признаков роли не выявлено: вход 1 (80 тыс ₸), выход 4 (518 тыс ₸)",17,0.08000000000000002,0.8838967971530249,0.5433718861209964,0.6897241992882562,0.5376
100000008238112100,3,False,1,190000.0,1,0,0.0,0,0.0,False,False,0,7,0.0,1,1,0.0002917270372913667,0.0,0,peripheral,0.9,"Признаков роли не выявлено: вход 1 (190 тыс ₸), выход 0 (0 ₸)",6,0.09000000000000001,0.6977313167259787,0.5433718861209964,0.30438167259786475,0.3905
100000008751349100,3,False,1,11630.0,1,0,0.0,0,0.0,False,False,0,7,0.0,1,1,0.00028848577638606985,0.0,0,peripheral,0.9,"Признаков роли не выявлено: вход 1 (12 тыс ₸), выход 0 (0 ₸)",26,0.09000000000000001,0.10142348754448399,0.5433718861209964,0.24343861209964412,0.193
100000002963189100,3,False,1,490000.0,3,7,5219000.0,15,10.651020408163266,False,True,0,7,0.0,1,7,0.00042406859837372784,4.461733139616629e-05,0,peripheral,0.65,"Признаков роли не выявлено: вход 1 (490 тыс ₸), выход 7 (5,2 млн ₸)",14,0.065,0.99644128113879,0.5433718861209964,0.8256227758007118,0.5989
100000008548853100,3,False,1,14000.0,1,0,0.0,0,0.0,False,False,0,1,0.0,1,1,0.00028775438312585085,0.0,1,peripheral,0.9,"Признаков роли не выявлено: вход 1 (14 тыс ₸), выход 0 (0 ₸)",7,0.09000000000000001,0.12433274021352313,0.14768683274021352,0.22820284697508897,0.0994
100000003164661100,3,False,1,596200.0,3,0,0.0,0,0.0,False,False,0,1,0.0,1,3,0.0006007384807220605,0.0,3,terminal,0.973,"Конечный получатель: 596 тыс ₸ от 1 плательщиков, исходящих нет (колено 3)",27,0.43785,0.8834519572953736,0.14768683274021352,0.6333407473309609,0.5801
100000000791285100,3,False,1,1120000.0,2,3,650000.0,3,0.5803571428571429,False,False,0,7,1.0,1,2,0.0005664343010128592,2.1371326803205702e-05,0,peripheral,0.85,"Признаков роли не выявлено: вход 1 (1,1 млн ₸), выход 3 (650 тыс ₸)",26,0.085,0.9608540925266904,0.5433718861209964,0.8741103202846975,0.6084
100000003192309100,3,False,1,17200.0,1,1,213000.0,1,12.383720930232558,False,True,0,1,0.0,1,2,0.000288253832019236,2.6714158504007127e-06,1,peripheral,0.9,"Признаков роли не выявлено: вход 1 (17 тыс ₸), выход 1 (213 тыс ₸)",7,0.09000000000000001,0.7330960854092526,0.14768683274021352,0.4385008896797153,0.3373
100000002891765100,3,False,1,55576.0,1,0,0.0,0,0.0,False,False,0,7,0.0,1,1,0.0003012779418250422,0.0,0,peripheral,0.9,"Признаков роли не выявлено: вход 1 (56 тыс ₸), выход 0 (0 ₸)",14,0.09000000000000001,0.4621886120996441,0.5433718861209964,0.3915702846975089,0.3397
100000001740277100,3,False,1,8700.0,1,1,5000.0,1,0.5747126436781609,False,False,0,1,1.0,1,2,0.0003696934153229427,0.0,0,peripheral,0.9,"Признаков роли не выявлено: вход 1 (9 тыс ₸), выход 1 (5 тыс ₸)",15,0.09000000000000001,0.12099644128113879,0.14768683274021352,0.5243549822064058,0.1709
100000002232266100,3,False,1,45000.0,1,0,0.0,0,0.0,False,False,0,7,0.0,1,1,0.0002947249491298242,0.0,0,peripheral,0.9,"Признаков роли не выявлено: вход 1 (45 тыс ₸), выход 0 (0 ₸)",1,0.09000000000000001,0.39524021352313166,0.5433718861209964,0.34019128113879005,0.3067
100000006701983100,3,False,1,27000.0,1,0,0.0,0,0.0,False,False,0,1,0.0,1,1,0.000289783394255228,0.0,1,peripheral,0.9,"Признаков роли не выявлено: вход 1 (27 тыс ₸), выход 0 (0 ₸)",7,0.09000000000000001,0.28536476868327404,0.14768683274021352,0.27424377224199287,0.16
100000002871199100,3,False,1,23186.0,1,0,0.0,0,0.0,False,False,0,7,0.0,1,1,0.00029212285516866057,0.0,0,peripheral,0.9,"Признаков роли не выявлено: вход 1 (23 тыс ₸), выход 0 (0 ₸)",14,0.09000000000000001,0.23709964412811388,0.5433718861209964,0.30971975088967973,0.2508
100000002757791100,3,False,1,73050.0,1,0,0.0,0,0.0,False,False,0,1,0.0,1,1,0.0003110385580772536,0.0,0,peripheral,0.9,"Признаков роли не выявлено: вход 1 (73 тыс ₸), выход 0 (0 ₸)",3,0.09000000000000001,0.5073398576512456,0.14768683274021352,0.43227313167259784,0.2666
100000000572276100,3,False,1,13075.0,1,1,34547.0,1,2.6422179732313578,False,True,0,1,0.0,1,2,0.00028761001118010675,2.6714158504007127e-06,1,peripheral,0.9,"Признаков роли не выявлено: вход 1 (13 тыс ₸), выход 1 (35 тыс ₸)",7,0.09000000000000001,0.4128113879003559,0.14768683274021352,0.4278247330960854,0.2366
100000001853812100,3,False,1,70000.0,1,0,0.0,0,0.0,False,False,0,7,0.0,1,1,0.00029981142408123165,0.0,0,peripheral,0.9,"Признаков роли не выявлено: вход 1 (70 тыс ₸), выход 0 (0 ₸)",1,0.09000000000000001,0.5002224199288257,0.5433718861209964,0.380894128113879,0.3488
100000004726132100,3,False,1,349000.0,1,1,24000.0,2,0.06876790830945559,False,False,0,7,0.0,1,3,0.00031651940059214493,1.0685663401602851e-05,0,terminal,0.939,"Конечный получатель: 349 тыс ₸ от 1 плательщиков, дальше уходит 7% (колено 3)",1,0.42255,0.8127224199288257,0.5433718861209964,0.66692615658363,0.657
100000001785161100,3,False,2,30000.0,2,0,0.0,0,0.0,False,False,0,7,0.0,1,2,0.0003312208709043081,0.0,0,terminal,0.689,"Конечный получатель: 30 тыс ₸ от 2 плательщиков, исходящих нет (колено 3)",11,0.31005,0.3082740213523132,0.5433718861209964,0.48142793594306055,0.4089
100000002612809100,3,False,1,30000.0,2,3,114000.0,4,3.8,False,True,0,1,0.5,1,5,0.00042829267239375297,1.7809439002671417e-06,0,peripheral,0.85,"Признаков роли не выявлено: вход 1 (30 тыс ₸), выход 3 (114 тыс ₸)",32,0.085,0.6405693950177936,0.14768683274021352,0.7542259786476868,0.3841
100000008769097100,3,False,1,31100.0,1,0,0.0,0,0.0,False,False,0,1,0.0,1,1,0.0002904233131498777,0.0,1,peripheral,0.9,"Признаков роли не выявлено: вход 1 (31 тыс ₸), выход 0 (0 ₸)",7,0.09000000000000001,0.32184163701067614,0.14768683274021352,0.28358540925266906,0.1734
100000004488265100,3,False,1,38740.0,1,0,0.0,0,0.0,False,False,0,7,0.0,1,1,0.0002934512958019918,0.0,0,peripheral,0.9,"Признаков роли не выявлено: вход 1 (39 тыс ₸), выход 0 (0 ₸)",1,0.09000000000000001,0.3625444839857651,0.5433718861209964,0.3261788256227758,0.2932
100000002509598100,3,False,1,305550.0,1,0,0.0,0,0.0,False,False,0,2,0.0,1,1,0.00030012320541723873,0.0,0,terminal,0.932,"Конечный получатель: 306 тыс ₸ от 1 плательщиков, исходящих нет (колено 3)",11,0.41940000000000005,0.7842526690391459,0.28113879003558717,0.38311832740213525,0.5132
100000008706846100,3,False,1,14200.0,1,0,0.0,0,0.0,False,False,0,1,0.0,1,1,0.00028778559868168743,0.0,1,peripheral,0.9,"Признаков роли не выявлено: вход 1 (14 тыс ₸), выход 0 (0 ₸)",7,0.09000000000000001,0.1278914590747331,0.14768683274021352,0.2285364768683274,0.1005
100000001280798100,3,False,1,23785.0,1,0,0.0,0,0.0,False,False,0,7,0.0,1,1,0.0002944311629865574,0.0,0,peripheral,0.9,"Признаков роли не выявлено: вход 1 (24 тыс ₸), выход 0 (0 ₸)",9,0.09000000000000001,0.2459964412811388,0.5433718861209964,0.3368549822064057,0.2601
100000006664478100,3,False,1,55000.0,3,2,60000.0,2,1.0909090909090908,False,False,0,1,0.8181818181818182,1,3,0.0006168426303113121,0.0,0,transit,0.827,"Признаки транзита: пропускает 109% полученного (55 тыс ₸), 82% уходит дальше за ≤2 дня",9,0.4962,0.608540925266904,0.14768683274021352,0.6364546263345195,0.5217
100000003781406100,3,False,1,45000.0,2,0,0.0,0,0.0,False,False,0,9,0.0,1,1,0.0007228806641155315,0.0,0,peripheral,0.9,"Признаков роли не выявлено: вход 1 (45 тыс ₸), выход 0 (0 ₸)",12,0.09000000000000001,0.39524021352313166,0.9094750889679716,0.6502446619217082,0.4723
100000008708595100,3,False,1,17200.0,1,0,0.0,0,0.0,False,False,0,1,0.0,1,1,0.000288253832019236,0.0,1,peripheral,0.9,"Признаков роли не выявлено: вход 1 (17 тыс ₸), выход 0 (0 ₸)",7,0.09000000000000001,0.17148576512455516,0.14768683274021352,0.2374332740213523,0.1161
100000004611571100,3,False,1,22550.0,1,0,0.0,0,0.0,False,False,0,7,0.0,1,1,0.00028683930947433656,0.0,0,peripheral,0.9,"Признаков роли не выявлено: вход 1 (23 тыс ₸), выход 0 (0 ₸)",10,0.09000000000000001,0.2313167259786477,0.5433718861209964,0.21407918149466193,0.2256
100000008576243100,3,False,2,82920.0,4,0,0.0,0,0.0,False,False,0,8,0.0,2,3,0.0016515737888683503,0.0,0,terminal,0.807,"Конечный получатель: 83 тыс ₸ от 2 плательщиков, исходящих нет (колено 3)",4,0.36315000000000003,0.5298042704626335,0.8387455516014235,0.6804937722419929,0.6206
100000008662216100,3,False,1,26200.0,1,0,0.0,0,0.0,False,False,0,1,0.0,1,1,0.00028965853203188175,0.0,1,peripheral,0.9,"Признаков роли не выявлено: вход 1 (26 тыс ₸), выход 0 (0 ₸)",7,0.09000000000000001,0.2782473309608541,0.14768683274021352,0.27157473309608543,0.1571
100000002681544100,3,False,2,166072.0,2,0,0.0,0,0.0,False,False,0,7,0.0,2,1,0.00033571724351569673,0.0,0,terminal,0.877,"Конечный получатель: 166 тыс ₸ от 2 плательщиков, исходящих нет (колено 3)",18,0.39465,0.6748220640569395,0.5433718861209964,0.48810053380782914,0.559
100000007864477100,3,False,2,76000.0,2,6,203500.0,10,2.6776315789473686,False,True,0,7,0.9210526315789473,1,9,0.0003047746949631922,2.551098563213669e-05,0,peripheral,0.7,"Признаков роли не выявлено: вход 2 (76 тыс ₸), выход 6 (204 тыс ₸)",4,0.06999999999999999,0.7649021352313167,0.5433718861209964,0.6670373665480427,0.4913
100000004746397100,3,False,1,219520.0,1,1,7500.0,1,0.03416545189504373,False,False,0,7,0.0,1,2,0.00029268375611003365,0.0006899314935854792,0,terminal,0.904,"Конечный получатель: 220 тыс ₸ от 1 плательщиков, дальше уходит 3% (колено 3)",6,0.4068,0.7286476868327402,0.5433718861209964,0.6189946619217082,0.6128
100000003814002100,3,False,1,30000.0,1,0,0.0,0,0.0,False,False,0,7,0.0,1,1,0.00028654156943951336,0.0,0,peripheral,0.9,"Признаков роли не выявлено: вход 1 (30 тыс ₸), выход 0 (0 ₸)",6,0.09000000000000001,0.3082740213523132,0.5433718861209964,0.21052046263345195,0.2483
100000003962994100,3,False,1,10000.0,1,0,0.0,0,0.0,False,False,0,7,0.0,1,1,0.0004812298257349216,0.0,0,peripheral,0.9,"Признаков роли не выявлено: вход 1 (10 тыс ₸), выход 0 (0 ₸)",2,0.09000000000000001,0.07873665480427046,0.5433718861209964,0.573732206405694,0.267
100000003366471100,3,False,2,329789.0,5,1,20000.0,1,0.0606448365470043,False,False,0,7,0.0,2,4,0.0003604911511540956,1.0685663401602851e-05,0,terminal,0.935,"Конечный получатель: 330 тыс ₸ от 2 плательщиков, дальше уходит 6% (колено 3)",1,0.42075,0.800711743772242,0.5433718861209964,0.730538256227758,0.6682
100000003561031100,3,False,1,13300.0,1,1,5000.0,1,0.37593984962406013,False,False,0,7,0.0,1,2,0.00028827529889143965,1.0685663401602851e-05,0,peripheral,0.9,"Признаков роли не выявлено: вход 1 (13 тыс ₸), выход 1 (5 тыс ₸)",1,0.09000000000000001,0.18727758007117437,0.5433718861209964,0.4531806049822064,0.2707
100000001690439100,3,False,1,14200.0,1,0,0.0,0,0.0,False,False,0,7,0.0,1,1,0.00047706727238734376,0.0,0,peripheral,0.9,"Признаков роли не выявлено: вход 1 (14 тыс ₸), выход 0 (0 ₸)",4,0.09000000000000001,0.1278914590747331,0.5433718861209964,0.5721752669039146,0.2816
100000002954780100,3,False,1,133400.0,1,0,0.0,0,0.0,False,False,0,9,0.0,1,1,0.00029244202248115297,0.0,0,peripheral,0.9,"Признаков роли не выявлено: вход 1 (133 тыс ₸), выход 0 (0 ₸)",3,0.09000000000000001,0.62855871886121,0.9094750889679716,0.31394572953736655,0.4613
100000008720668100,3,False,1,16000.0,1,0,0.0,0,0.0,False,False,0,1,0.0,1,1,0.0002880665386842166,0.0,1,peripheral,0.9,"Признаков роли не выявлено: вход 1 (16 тыс ₸), выход 0 (0 ₸)",7,0.09000000000000001,0.15769572953736655,0.14768683274021352,0.23287366548042704,0.1107
100000002459164100,3,False,1,20000.0,1,0,0.0,0,0.0,False,False,0,7,0.0,1,1,0.0005418286835835176,0.0,0,peripheral,0.9,"Признаков роли не выявлено: вход 1 (20 тыс ₸), выход 0 (0 ₸)",4,0.09000000000000001,0.20462633451957296,0.5433718861209964,0.610209074733096,0.3144
100000005082652100,3,False,1,30000.0,1,0,0.0,0,0.0,False,False,0,1,0.0,1,1,0.00040800365167801905,0.0,0,peripheral,0.9,"Признаков роли не выявлено: вход 1 (30 тыс ₸), выход 0 (0 ₸)",15,0.09000000000000001,0.3082740213523132,0.14768683274021352,0.5488211743772242,0.2342
100000005041905100,3,False,1,5000.0,1,1,1080351.0,5,216.0702,False,True,0,1,0.0,1,5,0.00028634968311320514,0.0,1,peripheral,0.9,"Признаков роли не выявлено: вход 1 (5 тыс ₸), выход 1 (1,1 млн ₸)",7,0.09000000000000001,0.9337188612099644,0.14768683274021352,0.20673932384341637,0.3419
100000008653041100,3,False,1,28000.0,1,0,0.0,0,0.0,False,False,0,1,0.0,1,1,0.00028993947203441087,0.0,1,peripheral,0.9,"Признаков роли не выявлено: вход 1 (28 тыс ₸), выход 0 (0 ₸)",7,0.09000000000000001,0.28981316725978645,0.14768683274021352,0.2756895017793594,0.1617
100000008722417100,3,False,1,331900.0,1,3,720000.0,6,2.16932811087677,False,True,0,7,1.0,1,6,0.0002963258990924791,3.212123267014885e-05,0,peripheral,0.85,"Признаков роли не выявлено: вход 1 (332 тыс ₸), выход 3 (720 тыс ₸)",6,0.085,0.9323843416370107,0.5433718861209964,0.6182161921708185,0.537
100000008625905100,3,False,1,197800.0,1,2,635000.0,2,3.210313447927199,False,True,0,7,0.0,1,2,0.0005453128171044595,2.4933214603739984e-05,0,peripheral,0.9,"Признаков роли не выявлено: вход 1 (198 тыс ₸), выход 2 (635 тыс ₸)",2,0.09000000000000001,0.9128113879003559,0.5433718861209964,0.8694395017793595,0.5947
100000007487729100,3,False,1,25000.0,1,0,0.0,0,0.0,False,False,0,7,0.0,1,1,0.0002941149149674853,0.0,0,peripheral,0.9,"Признаков роли не выявлено: вход 1 (25 тыс ₸), выход 0 (0 ₸)",10,0.09000000000000001,0.26045373665480426,0.5433718861209964,0.3339635231316726,0.2639
100000000838385100,3,False,1,436900.0,8,2,177500.0,6,0.40627145799954223,False,False,0,7,0.7047379262989243,1,7,0.0019211545642599105,1.1576135351736421e-05,0,peripheral,0.9,"Признаков роли не выявлено: вход 1 (437 тыс ₸), выход 2 (178 тыс ₸)",2,0.09000000000000001,0.8870106761565836,0.5433718861209964,0.9181494661921707,0.5988
100000004750321100,3,False,2,50185.0,2,0,0.0,0,0.0,False,False,0,7,0.0,1,2,0.00031253610038112624,0.0,0,terminal,0.757,"Конечный получатель: 50 тыс ₸ от 2 плательщиков, исходящих нет (колено 3)",9,0.34065,0.4354982206405694,0.5433718861209964,0.43805604982206403,0.4504
100000008664774100,3,False,1,16300.0,1,0,0.0,0,0.0,False,False,0,1,0.0,1,1,0.0002881133620179714,0.0,1,peripheral,0.9,"Признаков роли не выявлено: вход 1 (16 тыс ₸), выход 0 (0 ₸)",7,0.09000000000000001,0.16080960854092527,0.14768683274021352,0.23443060498220641,0.1121
100000006274203100,3,False,2,3417512.0,41,3,72000.0,3,0.02106795821053445,False,False,0,9,0.0,1,21,0.0006321051467844573,2.4948055802908876e-05,0,terminal,0.999,"Конечный получатель: 3,4 млн ₸ от 2 плательщиков, дальше уходит 2% (колено 3)",18,0.44955,0.9870996441281139,0.9094750889679716,0.8976868327402135,0.8682
100000002185328100,3,False,1,15000.0,1,4,55000.0,4,3.6666666666666665,False,True,0,7,0.0,1,5,0.0003518471698066024,3.650934995547641e-05,0,peripheral,0.8,"Признаков роли не выявлено: вход 1 (15 тыс ₸), выход 4 (55 тыс ₸)",19,0.08000000000000002,0.5002224199288257,0.5433718861209964,0.7749110320284698,0.441
100000008254576100,3,False,1,8000.0,1,1,60000.0,1,7.5,False,True,0,7,0.0,1,2,0.00029167108817849144,1.0685663401602851e-05,0,peripheral,0.9,"Признаков роли не выявлено: вход 1 (8 тыс ₸), выход 1 (60 тыс ₸)",31,0.09000000000000001,0.4959964412811388,0.5433718861209964,0.5179048042704626,0.381
100000001689968100,3,False,3,344333.75,3,0,0.0,0,0.0,False,False,0,7,0.0,1,3,0.00033914310918301173,0.0,0,terminal,0.938,"Конечный получатель: 344 тыс ₸ от 3 плательщиков, исходящих нет (колено 3)",6,0.4221,0.7975978647686833,0.5433718861209964,0.4936610320284698,0.6098
100000002236528100,3,False,1,66000.0,1,0,0.0,0,0.0,False,False,0,7,0.0,1,1,0.0003072417833612642,0.0,0,peripheral,0.9,"Признаков роли не выявлено: вход 1 (66 тыс ₸), выход 0 (0 ₸)",18,0.09000000000000001,0.49065836298932386,0.5433718861209964,0.41848309608540923,0.355
100000002670960100,3,False,1,480310.0,1,0,0.0,0,0.0,False,False,0,2,0.0,1,1,0.000308447347198626,0.0,0,terminal,0.96,"Конечный получатель: 480 тыс ₸ от 1 плательщиков, исходящих нет (колено 3)",11,0.432,0.8545373665480427,0.28113879003558717,0.42315391459074736,0.5499
100000003557488100,3,False,1,664992.0,3,2,138000.0,4,0.20752129348924497,False,False,0,7,0.015037774890525,1,5,0.000580971814726147,1.1576135351736421e-05,0,peripheral,0.9,"Признаков роли не выявлено: вход 1 (665 тыс ₸), выход 2 (138 тыс ₸)",28,0.09000000000000001,0.9079181494661922,0.5433718861209964,0.8623220640569395,0.5915
100000003888197100,3,False,1,83167.0,1,0,0.0,0,0.0,False,False,0,7,0.0,1,1,0.00028826466799751016,0.0,0,peripheral,0.9,"Признаков роли не выявлено: вход 1 (83 тыс ₸), выход 0 (0 ₸)",6,0.09000000000000001,0.5311387900355872,0.5433718861209964,0.2383229537366548,0.3233
100000002799941100,3,False,1,600000.0,1,0,0.0,0,0.0,False,False,0,7,0.0,1,1,0.0003881784929365065,0.0,0,terminal,0.974,"Конечный получатель: 600 тыс ₸ от 1 плательщиков, исходящих нет (колено 3)",18,0.4383,0.885008896797153,0.5433718861209964,0.5356983985765125,0.6538
100000001632325100,3,False,1,85600.0,3,0,0.0,0,0.0,False,False,0,1,0.0,1,2,0.0002989295521153433,0.0,1,peripheral,0.9,"Признаков роли не выявлено: вход 1 (86 тыс ₸), выход 0 (0 ₸)",7,0.09000000000000001,0.5395907473309609,0.14768683274021352,0.3719973309608541,0.2617
100000008620570100,3,False,2,145000.0,2,2,31800.0,2,0.2193103448275862,False,False,0,7,0.0,1,3,0.0003485384395879508,1.6102701098248738e-05,0,peripheral,0.8,"Признаков роли не выявлено: вход 2 (145 тыс ₸), выход 2 (32 тыс ₸)",4,0.08000000000000002,0.6863879003558719,0.5433718861209964,0.7471085409252669,0.4912
100000005308954100,3,False,1,69020.0,1,1,30000.0,1,0.43465662126919735,False,False,0,7,0.0,1,2,0.00035945051532232814,1.0685663401602851e-05,0,peripheral,0.9,"Признаков роли не выявлено: вход 1 (69 тыс ₸), выход 1 (30 тыс ₸)",2,0.09000000000000001,0.5738434163701067,0.5433718861209964,0.7296485765124555,0.4567
100000008468762100,3,False,2,170000.0,2,0,0.0,0,0.0,False,False,0,8,0.0,2,1,0.000310405073841,0.0,0,terminal,0.88,"Конечный получатель: 170 тыс ₸ от 2 плательщиков, исходящих нет (колено 3)",3,0.396,0.6817170818505338,0.8387455516014235,0.429826512455516,0.6198
100000002305007100,3,False,1,56000.0,1,0,0.0,0,0.0,False,False,0,1,0.0,1,1,0.0002943096498515308,0.0,1,peripheral,0.9,"Признаков роли не выявлено: вход 1 (56 тыс ₸), выход 0 (0 ₸)",7,0.09000000000000001,0.46352313167259784,0.14768683274021352,0.33596530249110323,0.2296
100000008314863100,3,False,1,12000.0,1,0,0.0,0,0.0,False,False,0,10,0.0,1,1,0.0005170968391841085,0.0,0,peripheral,0.9,"Признаков роли не выявлено: вход 1 (12 тыс ₸), выход 0 (0 ₸)",8,0.09000000000000001,0.1045373665480427,0.9612989323843416,0.5855204626334519,0.3801
100000005709551100,3,False,1,24560.0,1,0,0.0,0,0.0,False,False,0,7,0.0,1,1,0.0002946608436289569,0.0,0,peripheral,0.9,"Признаков роли не выявлено: вход 1 (25 тыс ₸), выход 0 (0 ₸)",4,0.09000000000000001,0.2531138790035587,0.5433718861209964,0.3395240213523132,0.263
100000008297199100,3,False,1,42268.0,1,0,0.0,0,0.0,False,False,0,7,0.0,1,1,0.0002965958116631634,0.0,0,peripheral,0.9,"Признаков роли не выявлено: вход 1 (42 тыс ₸), выход 0 (0 ₸)",1,0.09000000000000001,0.3816725978647687,0.5433718861209964,0.3570951957295374,0.3066
100000003271151100,3,False,1,127294.0,1,0,0.0,0,0.0,False,False,0,7,0.0,1,1,0.00031146840391586903,0.0,0,peripheral,0.9,"Признаков роли не выявлено: вход 1 (127 тыс ₸), выход 0 (0 ₸)",1,0.09000000000000001,0.623220640569395,0.5433718861209964,0.4336076512455516,0.3993
100000007005380100,3,False,1,9400.0,1,0,0.0,0,0.0,False,False,0,7,0.0,1,1,0.000303095707083968,0.0,0,peripheral,0.9,"Признаков роли не выявлено: вход 1 (9 тыс ₸), выход 0 (0 ₸)",4,0.09000000000000001,0.06316725978647687,0.5433718861209964,0.40113434163701067,0.2199
100000004451012100,3,False,1,91245.0,1,3,65740.0,3,0.7204778344018851,False,False,0,7,0.0,1,2,0.0003011735881125156,3.205699020480855e-05,0,peripheral,0.85,"Признаков роли не выявлено: вход 1 (91 тыс ₸), выход 3 (66 тыс ₸)",18,0.085,0.6645907473309609,0.5433718861209964,0.6531361209964412,0.4636
100000004779204100,3,False,1,30450.0,1,1,20000.0,2,0.6568144499178982,False,False,0,7,0.0,1,2,0.0002872842372140555,1.0685663401602851e-05,0,peripheral,0.9,"Признаков роли не выявлено: вход 1 (30 тыс ₸), выход 1 (20 тыс ₸)",10,0.09000000000000001,0.43683274021352314,0.5433718861209964,0.4353870106761566,0.3427
100000002793881100,3,False,3,785600.0,3,0,0.0,0,0.0,False,False,0,9,0.0,3,1,0.0003750831470797382,0.0,0,terminal,0.982,"Конечный получатель: 786 тыс ₸ от 3 плательщиков, исходящих нет (колено 3)",3,0.4419,0.9061387900355872,0.9094750889679716,0.5279137010676157,0.7495
100000008671129100,3,False,1,26200.0,1,0,0.0,0,0.0,False,False,0,1,0.0,1,1,0.00028965853203188175,0.0,1,peripheral,0.9,"Признаков роли не выявлено: вход 1 (26 тыс ₸), выход 0 (0 ₸)",7,0.09000000000000001,0.2782473309608541,0.14768683274021352,0.27157473309608543,0.1571
100000002095257100,3,False,1,8500.0,1,0,0.0,0,0.0,False,False,0,8,0.0,1,1,0.0003967338202422219,0.0,0,peripheral,0.9,"Признаков роли не выявлено: вход 1 (8 тыс ₸), выход 0 (0 ₸)",12,0.09000000000000001,0.05604982206405694,0.8387455516014235,0.543038256227758,0.3248
100000002194329100,3,False,1,25170.0,1,0,0.0,0,0.0,False,False,0,7,0.0,1,1,0.00028698686778801547,0.0,0,peripheral,0.9,"Признаков роли не выявлено: вход 1 (25 тыс ₸), выход 0 (0 ₸)",10,0.09000000000000001,0.2669039145907473,0.5433718861209964,0.2167482206405694,0.2371
100000001884825100,3,False,3,495000.0,3,0,0.0,0,0.0,False,False,0,8,0.0,2,2,0.0003400964668098243,0.0,0,terminal,0.962,"Конечный получатель: 495 тыс ₸ от 3 плательщиков, исходящих нет (колено 3)",3,0.4329,0.8607651245551602,0.8387455516014235,0.49477313167259784,0.7063
100000008692291100,3,False,3,160000.0,3,3,156000.0,3,0.975,False,False,0,8,0.0,2,5,0.000307852986577175,4.007123775601069e-05,0,transit,0.762,Признаки транзита: пропускает 98% полученного (160 тыс ₸),3,0.4572,0.7878113879003559,0.8387455516014235,0.6906138790035588,0.7424
100000002697752100,3,False,2,190785.0,2,0,0.0,0,0.0,False,False,0,7,0.0,1,2,0.00032958004304152585,0.0,0,terminal,0.889,"Конечный получатель: 191 тыс ₸ от 2 плательщиков, исходящих нет (колено 3)",1,0.40005,0.6983985765124555,0.5433718861209964,0.47898131672597866,0.5663
100000007170072100,3,False,1,100000.0,1,2,99500.0,9,0.995,False,False,0,7,1.0,1,2,0.0003076581045462558,2.1371326803205702e-05,0,transit,0.992,"Признаки транзита: пропускает 100% полученного (100 тыс ₸), 100% уходит дальше за ≤2 дня",17,0.5952,0.7068505338078291,0.5433718861209964,0.669817615658363,0.6993
100000002373144100,3,False,1,46468.0,1,1,10764.0,1,0.2316432813979513,False,False,0,7,0.0,1,2,0.00028969018116006086,1.0685663401602851e-05,0,peripheral,0.9,"Признаков роли не выявлено: вход 1 (46 тыс ₸), выход 1 (11 тыс ₸)",1,0.09000000000000001,0.4653024911032028,0.5433718861209964,0.4869884341637011,0.3641
100000000287768100,3,False,1,35168.0,1,0,0.0,0,0.0,False,False,0,7,0.0,1,1,0.0002886880716986401,0.0,0,peripheral,0.9,"Признаков роли не выявлено: вход 1 (35 тыс ₸), выход 0 (0 ₸)",1,0.09000000000000001,0.34653024911032027,0.5433718861209964,0.24877669039145908,0.2694
100000004508696100,3,False,1,7000.0,1,3,111000.0,4,15.857142857142858,False,True,0,7,1.0,1,3,0.00042253166627963235,2.3198668039551944e-05,0,peripheral,0.85,"Признаков роли не выявлено: вход 1 (7 тыс ₸), выход 3 (111 тыс ₸)",2,0.085,0.6123220640569395,0.5433718861209964,0.8101645907473309,0.4861
100000008688109100,3,False,1,12800.0,1,0,0.0,0,0.0,False,False,0,1,0.0,1,1,0.0002875670897908314,0.0,1,peripheral,0.9,"Признаков роли не выявлено: вход 1 (13 тыс ₸), выход 0 (0 ₸)",7,0.09000000000000001,0.11343416370106761,0.14768683274021352,0.2256450177935943,0.0954
100000008724461100,3,False,1,100111.0,1,1,130000.0,1,1.298558599954051,False,True,0,9,1.0,1,1,0.00029072698311701726,1.6028495102404275e-05,0,peripheral,0.9,"Признаков роли не выявлено: вход 1 (100 тыс ₸), выход 1 (130 тыс ₸)",3,0.09000000000000001,0.7326512455516014,0.9094750889679716,0.5308051601423488,0.5463
100000001714413100,3,False,1,250172.0,1,0,0.0,0,0.0,False,False,0,7,0.0,1,1,0.00029367716211375244,0.0,0,terminal,0.917,"Конечный получатель: 250 тыс ₸ от 1 плательщиков, исходящих нет (колено 3)",6,0.41265,0.751779359430605,0.5433718861209964,0.32929270462633453,0.5514
100000008672493100,3,False,1,14000.0,1,0,0.0,0,0.0,False,False,0,1,0.0,1,1,0.00028775438312585085,0.0,1,peripheral,0.9,"Признаков роли не выявлено: вход 1 (14 тыс ₸), выход 0 (0 ₸)",7,0.09000000000000001,0.12433274021352313,0.14768683274021352,0.22820284697508897,0.0994
100000003241965100,3,False,1,15000.0,1,0,0.0,0,0.0,False,False,0,7,0.0,1,1,0.0002911580279376608,0.0,0,peripheral,0.9,"Признаков роли не выявлено: вход 1 (15 тыс ₸), выход 0 (0 ₸)",9,0.09000000000000001,0.13856761565836298,0.5433718861209964,0.29548487544483987,0.2171
100000002241986100,3,False,1,280000.0,1,6,3077000.0,12,10.989285714285714,False,True,0,7,0.0,1,12,0.00029464386295803416,6.41139804096171e-05,0,peripheral,0.7,"Признаков роли не выявлено: вход 1 (280 тыс ₸), выход 6 (3,1 млн ₸)",6,0.06999999999999999,0.9857651245551602,0.5433718861209964,0.6181049822064058,0.5469
100000004140994100,3,False,1,18650.0,1,0,0.0,0,0.0,False,False,0,1,0.0,1,1,0.00028848014479905114,0.0,1,peripheral,0.9,"Признаков роли не выявлено: вход 1 (19 тыс ₸), выход 0 (0 ₸)",7,0.09000000000000001,0.18905693950177935,0.14768683274021352,0.24321619217081852,0.1229
100000008489922100,3,False,3,262010.0,5,36,3789900.0,41,14.464715087210411,False,True,0,8,1.0,2,15,0.0005858952858663094,0.0004460460778169266,0,distributor,0.761,"Веерное распределение: 36 получателей, 3,8 млн ₸, отдаёт в 14.5× больше видимого входа — есть внешние источники",3,0.6088,0.9893238434163701,0.8387455516014235,0.9294928825622776,0.9276
100000001252290100,3,False,1,141005.0,1,1,5000.0,1,0.03545973547037339,False,False,0,7,0.0,1,2,0.000290139149807607,1.0685663401602851e-05,0,peripheral,0.9,"Признаков роли не выявлено: вход 1 (141 тыс ₸), выход 1 (5 тыс ₸)",6,0.09000000000000001,0.6441281138790036,0.5433718861209964,0.4938834519572954,0.4205
100000008667799100,3,False,1,34000.0,1,0,0.0,0,0.0,False,False,0,1,0.0,1,1,0.000290875938709508,0.0,1,peripheral,0.9,"Признаков роли не выявлено: вход 1 (34 тыс ₸), выход 0 (0 ₸)",7,0.09000000000000001,0.3374110320284697,0.14768683274021352,0.2909252669039146,0.18
100000008684951100,3,False,1,17200.0,1,0,0.0,0,0.0,False,False,0,1,0.0,1,1,0.000288253832019236,0.0,1,peripheral,0.9,"Признаков роли не выявлено: вход 1 (17 тыс ₸), выход 0 (0 ₸)",7,0.09000000000000001,0.17148576512455516,0.14768683274021352,0.2374332740213523,0.1161
100000006126743100,3,False,1,55000.0,1,0,0.0,0,0.0,False,False,0,7,0.0,1,1,0.00028735179879136544,0.0,0,peripheral,0.9,"Признаков роли не выявлено: вход 1 (55 тыс ₸), выход 0 (0 ₸)",6,0.09000000000000001,0.45951957295373663,0.5433718861209964,0.2216414590747331,0.2973
100000003009900100,3,False,1,15998.0,1,0,0.0,0,0.0,False,False,0,7,0.0,1,1,0.0002915298650211894,0.0,0,peripheral,0.9,"Признаков роли не выявлено: вход 1 (16 тыс ₸), выход 0 (0 ₸)",9,0.09000000000000001,0.1552491103202847,0.5433718861209964,0.30237989323843417,0.2239
100000001745217100,3,False,1,50000.0,1,0,0.0,0,0.0,False,False,0,7,0.0,1,1,0.0002900034068784448,0.0,0,peripheral,0.9,"Признаков роли не выявлено: вход 1 (50 тыс ₸), выход 0 (0 ₸)",1,0.09000000000000001,0.42838078291814946,0.5433718861209964,0.27769128113879005,0.3015
100000002886166100,3,False,1,185000.0,3,0,0.0,0,0.0,False,False,0,1,0.0,1,2,0.0003245911501737051,0.0,2,peripheral,0.9,"Признаков роли не выявлено: вход 1 (185 тыс ₸), выход 0 (0 ₸)",24,0.09000000000000001,0.6923932384341637,0.14768683274021352,0.47230871886120995,0.3331
100000002956779100,3,False,1,411000.0,1,0,0.0,0,0.0,False,False,0,1,0.0,1,1,0.00040310724815078523,0.0,0,terminal,0.95,"Конечный получатель: 411 тыс ₸ от 1 плательщиков, исходящих нет (колено 3)",19,0.4275,0.828959074733096,0.14768683274021352,0.5461521352313168,0.5376
100000008568512100,3,False,1,199640.0,1,0,0.0,0,0.0,False,False,0,7,0.0,1,1,0.00029203946172944083,0.0,0,peripheral,0.9,"Признаков роли не выявлено: вход 1 (200 тыс ₸), выход 0 (0 ₸)",6,0.09000000000000001,0.7072953736654805,0.5433718861209964,0.30838523131672596,0.3944
100000008583360100,3,False,1,112843.0,1,1,170000.0,1,1.5065179054083992,False,True,0,7,0.0,1,2,0.0003276125928311374,1.0707077556716282e-05,0,peripheral,0.9,"Признаков роли не выявлено: вход 1 (113 тыс ₸), выход 1 (170 тыс ₸)",9,0.09000000000000001,0.7682384341637011,0.5433718861209964,0.7040702846975089,0.51
100000001130176100,3,False,1,25000.0,2,0,0.0,0,0.0,False,False,0,7,0.0,1,2,0.0005580456003895466,0.0,0,peripheral,0.9,"Признаков роли не выявлено: вход 1 (25 тыс ₸), выход 0 (0 ₸)",10,0.09000000000000001,0.26045373665480426,0.5433718861209964,0.6222197508896797,0.3345
100000001145749100,3,False,1,10000.0,1,0,0.0,0,0.0,False,False,0,10,0.0,1,1,0.0004785089150229722,0.0,0,peripheral,0.9,"Признаков роли не выявлено: вход 1 (10 тыс ₸), выход 0 (0 ₸)",8,0.09000000000000001,0.07873665480427046,0.9612989323843416,0.573064946619217,0.3691
100000005367445100,3,False,1,5000.0,1,1,5000.0,1,1.0,False,False,0,9,1.0,1,2,0.0018429964605732618,0.0,0,peripheral,0.9,"Признаков роли не выявлено: вход 1 (5 тыс ₸), выход 1 (5 тыс ₸)",14,0.09000000000000001,0.07873665480427046,0.9094750889679716,0.6829403914590747,0.3834
100000003917461100,3,False,1,10000.0,1,2,140000.0,5,14.0,False,True,0,9,1.0,1,5,0.0003991316698685015,1.2491590482835661e-05,0,peripheral,0.9,"Признаков роли не выявлено: вход 1 (10 тыс ₸), выход 2 (140 тыс ₸)",12,0.09000000000000001,0.650355871886121,0.9094750889679716,0.7822508896797153,0.5827
100000008200810100,3,False,1,475000.0,1,0,0.0,0,0.0,False,False,0,2,0.0,1,1,0.00030819442208498927,0.0,0,terminal,0.959,"Конечный получатель: 475 тыс ₸ от 1 плательщиков, исходящих нет (колено 3)",11,0.43155,0.8534252669039146,0.28113879003558717,0.4224866548042705,0.5492
100000002554175100,3,False,1,24621.0,1,0,0.0,0,0.0,False,False,0,7,0.0,1,1,0.000294742641745906,0.0,0,peripheral,0.9,"Признаков роли не выявлено: вход 1 (25 тыс ₸), выход 0 (0 ₸)",9,0.09000000000000001,0.25355871886120995,0.5433718861209964,0.34063612099644125,0.2634
100000008751380100,3,False,2,345780.0,2,0,0.0,0,0.0,False,False,0,9,0.0,1,2,0.0003127638118830456,0.0,0,terminal,0.938,"Конечный получатель: 346 тыс ₸ от 2 плательщиков, исходящих нет (колено 3)",3,0.4221,0.798932384341637,0.9094750889679716,0.4391681494661922,0.6865
100000004071444100,3,False,1,247350.0,1,1,100000.0,1,0.40428542551041036,False,False,0,7,0.0,1,2,0.0003075048495520191,1.0685663401602851e-05,0,peripheral,0.9,"Признаков роли не выявлено: вход 1 (247 тыс ₸), выход 1 (100 тыс ₸)",1,0.09000000000000001,0.7993772241992882,0.5433718861209964,0.6340080071174378,0.5023
100000001141268100,3,False,2,480000.0,2,1,10000.0,1,0.020833333333333332,False,False,0,9,0.0,2,2,0.00036486256771000946,1.6028495102404275e-05,0,terminal,0.96,"Конечный получатель: 480 тыс ₸ от 2 плательщиков, дальше уходит 2% (колено 3)",3,0.432,0.858540925266904,0.9094750889679716,0.7623443060498221,0.7881
100000002645993100,3,False,2,49650.0,4,5,86980.0,9,1.7518630412890233,False,True,0,7,1.0,2,2,0.0002933085935851203,4.720609397571341e-05,0,peripheral,0.75,"Признаков роли не выявлено: вход 2 (50 тыс ₸), выход 5 (87 тыс ₸)",4,0.07500000000000001,0.6312277580071174,0.5433718861209964,0.5976423487544484,0.4355
100000002546921100,3,False,1,20000.0,1,0,0.0,0,0.0,False,False,0,7,0.0,1,1,0.0002912223270400026,0.0,0,peripheral,0.9,"Признаков роли не выявлено: вход 1 (20 тыс ₸), выход 0 (0 ₸)",14,0.09000000000000001,0.20462633451957296,0.5433718861209964,0.2970418149466192,0.2377
100000008753897100,3,False,1,24050.0,1,0,0.0,0,0.0,False,False,0,1,0.0,1,1,0.00028932296480663856,0.0,1,peripheral,0.9,"Признаков роли не выявлено: вход 1 (24 тыс ₸), выход 0 (0 ₸)",7,0.09000000000000001,0.2511120996441281,0.14768683274021352,0.26412366548042704,0.147
100000000870121100,3,False,1,12000.0,1,0,0.0,0,0.0,False,False,0,7,0.0,1,1,0.00031567480064350023,0.0,0,peripheral,0.9,"Признаков роли не выявлено: вход 1 (12 тыс ₸), выход 0 (0 ₸)",17,0.09000000000000001,0.1045373665480427,0.5433718861209964,0.4505115658362989,0.2447
100000003171006100,3,False,2,485000.0,2,0,0.0,0,0.0,False,False,0,9,0.0,2,1,0.0003349679442942915,0.0,0,terminal,0.961,"Конечный получатель: 485 тыс ₸ от 2 плательщиков, исходящих нет (колено 3)",3,0.43245,0.8563167259786477,0.9094750889679716,0.4869884341637011,0.7202
100000001690558100,3,False,1,740000.0,1,0,0.0,0,0.0,False,False,0,7,0.0,1,1,0.00041212063930432354,0.0,0,terminal,0.98,"Конечный получатель: 740 тыс ₸ от 1 плательщиков, исходящих нет (колено 3)",18,0.441,0.8999110320284698,0.5433718861209964,0.5506005338078291,0.6631
100000008667795100,3,False,1,34000.0,1,0,0.0,0,0.0,False,False,0,1,0.0,1,1,0.000290875938709508,0.0,1,peripheral,0.9,"Признаков роли не выявлено: вход 1 (34 тыс ₸), выход 0 (0 ₸)",7,0.09000000000000001,0.3374110320284697,0.14768683274021352,0.2909252669039146,0.18
100000005674387100,3,False,1,26200.0,1,0,0.0,0,0.0,False,False,0,1,0.0,1,1,0.00028965853203188175,0.0,1,peripheral,0.9,"Признаков роли не выявлено: вход 1 (26 тыс ₸), выход 0 (0 ₸)",7,0.09000000000000001,0.2782473309608541,0.14768683274021352,0.27157473309608543,0.1571
100000003636627100,3,False,1,77000.0,8,1,10000.0,1,0.12987012987012986,False,False,0,7,0.0,1,9,0.0019763124102948008,0.0,0,peripheral,0.9,"Признаков роли не выявлено: вход 1 (77 тыс ₸), выход 1 (10 тыс ₸)",20,0.09000000000000001,0.5431494661921709,0.5433718861209964,0.6851645907473309,0.4364
100000001275752100,3,False,1,151500.0,1,0,0.0,0,0.0,False,False,0,9,0.0,1,1,0.00029337452908966797,0.0,0,peripheral,0.9,"Признаков роли не выявлено: вход 1 (152 тыс ₸), выход 0 (0 ₸)",3,0.09000000000000001,0.6561387900355872,0.9094750889679716,0.3252891459074733,0.4725
100000002459240100,3,False,1,150000.0,1,0,0.0,0,0.0,False,False,0,7,0.0,1,1,0.00029043067032840335,0.0,0,peripheral,0.9,"Признаков роли не выявлено: вход 1 (150 тыс ₸), выход 0 (0 ₸)",6,0.09000000000000001,0.650355871886121,0.5433718861209964,0.2841414590747331,0.371
100000002644285100,3,False,1,500000.0,1,0,0.0,0,0.0,False,False,0,2,0.0,1,1,0.00030938521828855235,0.0,0,terminal,0.964,"Конечный получатель: 500 тыс ₸ от 1 плательщиков, исходящих нет (колено 3)",11,0.4338,0.8643238434163701,0.28113879003558717,0.42649021352313166,0.5545
100000005186109100,3,False,1,5000.0,1,0,0.0,0,0.0,False,False,0,7,0.0,1,1,0.0006059178330672808,0.0,0,peripheral,0.9,"Признаков роли не выявлено: вход 1 (5 тыс ₸), выход 0 (0 ₸)",2,0.09000000000000001,0.01601423487544484,0.5433718861209964,0.6342304270462633,0.2626
100000005317181100,3,False,1,141250.0,1,1,14500.0,1,0.10265486725663717,False,False,0,7,0.0,1,2,0.000322417396545991,1.0685663401602851e-05,0,peripheral,0.9,"Признаков роли не выявлено: вход 1 (141 тыс ₸), выход 1 (14 тыс ₸)",1,0.09000000000000001,0.6632562277580071,0.5433718861209964,0.6831628113879004,0.4727
100000003001661100,3,False,1,110000.0,1,5,439500.0,8,3.9954545454545456,False,True,0,7,0.0,1,9,0.0005464870342921869,4.6304541406945686e-05,0,peripheral,0.75,"Признаков роли не выявлено: вход 1 (110 тыс ₸), выход 5 (440 тыс ₸)",22,0.07500000000000001,0.8754448398576512,0.5433718861209964,0.8851201067615658,0.5807
100000000288317100,3,False,2,100000.0,2,3,53500.0,3,0.535,False,False,0,7,0.0,1,4,0.0003128334856204945,3.205699020480855e-05,0,peripheral,0.8,"Признаков роли не выявлено: вход 2 (100 тыс ₸), выход 3 (54 тыс ₸)",10,0.08000000000000002,0.6592526690391459,0.5433718861209964,0.7016236654804271,0.4717
100000004368189100,3,False,1,384600.0,1,2,28200.0,2,0.07332293291731669,False,False,0,2,0.0,1,3,0.0003038885030129052,0.0,0,terminal,0.945,"Конечный получатель: 385 тыс ₸ от 1 плательщиков, дальше уходит 7% (колено 3)",11,0.42524999999999996,0.8300711743772242,0.28113879003558717,0.40625,0.5354
100000004493586100,3,False,1,7500.0,1,0,0.0,0,0.0,False,False,0,7,0.0,1,1,0.00028863973665071367,0.0,0,peripheral,0.9,"Признаков роли не выявлено: вход 1 (8 тыс ₸), выход 0 (0 ₸)",4,0.09000000000000001,0.049154804270462635,0.5433718861209964,0.24744217081850534,0.178
100000004114962100,3,False,2,165000.0,2,0,0.0,0,0.0,False,False,0,7,0.0,1,2,0.0007112908662345295,0.0,0,terminal,0.876,"Конечный получатель: 165 тыс ₸ от 2 плательщиков, исходящих нет (колено 3)",6,0.3942,0.6737099644128114,0.5433718861209964,0.6484653024911032,0.5978
100000008088082100,3,False,1,39138.0,1,1,50000.0,1,1.2775307884920026,False,True,0,7,0.0,1,2,0.00030005728529521367,1.0707077556716282e-05,0,peripheral,0.9,"Признаков роли не выявлено: вход 1 (39 тыс ₸), выход 1 (50 тыс ₸)",4,0.09000000000000001,0.5480427046263345,0.5433718861209964,0.6104314946619217,0.4196
100000008595687100,3,False,1,64395.0,1,1,10400.0,1,0.161503222299868,False,False,0,7,0.0,1,2,0.00030485762729909343,0.0,0,peripheral,0.9,"Признаков роли не выявлено: вход 1 (64 тыс ₸), выход 1 (10 тыс ₸)",2,0.09000000000000001,0.5102313167259787,0.5433718861209964,0.40891903914590744,0.3587
100000001248999100,3,False,1,23425.0,1,0,0.0,0,0.0,False,False,0,7,0.0,1,1,0.0002892563668937372,0.0,0,peripheral,0.9,"Признаков роли не выявлено: вход 1 (23 тыс ₸), выход 0 (0 ₸)",4,0.09000000000000001,0.23843416370106763,0.5433718861209964,0.2625667259786477,0.2396
100000002736316100,3,False,3,266921.0,3,0,0.0,0,0.0,False,False,0,7,0.0,2,2,0.00038382327241415735,0.0,0,terminal,0.92,"Конечный получатель: 267 тыс ₸ от 3 плательщиков, исходящих нет (колено 3)",4,0.41400000000000003,0.7606761565836299,0.5433718861209964,0.5328069395017794,0.6046
100000008596924100,3,False,1,100000.0,1,0,0.0,0,0.0,False,False,0,1,0.0,1,1,0.0004160204242994224,0.0,0,peripheral,0.9,"Признаков роли не выявлено: вход 1 (100 тыс ₸), выход 0 (0 ₸)",20,0.09000000000000001,0.5798487544483986,0.14768683274021352,0.551267793594306,0.318
100000008598972100,3,False,1,120000.0,1,0,0.0,0,0.0,False,False,0,1,0.0,1,1,0.00029411601502281744,0.0,0,peripheral,0.9,"Признаков роли не выявлено: вход 1 (120 тыс ₸), выход 0 (0 ₸)",21,0.09000000000000001,0.6158807829181495,0.14768683274021352,0.3341859430604982,0.2758
100000002769809100,3,False,1,113422.0,1,0,0.0,0,0.0,False,False,0,7,0.0,1,1,0.00037774425946329753,0.0,0,peripheral,0.9,"Признаков роли не выявлено: вход 1 (113 тыс ₸), выход 0 (0 ₸)",18,0.09000000000000001,0.6067615658362989,0.5433718861209964,0.5299154804270463,0.4179
100000003089553100,3,False,1,150000.0,1,0,0.0,0,0.0,False,False,0,8,0.0,1,1,0.0003070919971826514,0.0,0,peripheral,0.9,"Признаков роли не выявлено: вход 1 (150 тыс ₸), выход 0 (0 ₸)",3,0.09000000000000001,0.650355871886121,0.8387455516014235,0.4178158362989324,0.4761
100000002343825100,3,False,3,350000.0,4,2,89800.0,2,0.25657142857142856,False,False,0,8,0.2857142857142857,2,3,0.00033359725354762797,2.6714158504007125e-05,0,peripheral,0.7,"Признаков роли не выявлено: вход 3 (350 тыс ₸), выход 2 (90 тыс ₸)",3,0.06999999999999999,0.8376334519572953,0.8387455516014235,0.7444395017793595,0.6049
100000002015633100,3,False,1,94970.0,1,0,0.0,0,0.0,False,False,0,7,0.0,1,1,0.0002886471934791066,0.0,0,peripheral,0.9,"Признаков роли не выявлено: вход 1 (95 тыс ₸), выход 0 (0 ₸)",6,0.09000000000000001,0.5649466192170819,0.5433718861209964,0.2478870106761566,0.336
100000002906470100,3,False,1,130000.0,1,0,0.0,0,0.0,False,False,0,7,0.0,1,1,0.00030780128727312094,0.0,0,peripheral,0.9,"Признаков роли не выявлено: вход 1 (130 тыс ₸), выход 0 (0 ₸)",18,0.09000000000000001,0.6256672597864769,0.5433718861209964,0.4211521352313167,0.397
100000005628518100,3,False,1,77000.0,3,0,0.0,0,0.0,False,False,0,7,0.0,1,3,0.0005329929869212512,0.0,0,peripheral,0.9,"Признаков роли не выявлено: вход 1 (77 тыс ₸), выход 0 (0 ₸)",18,0.09000000000000001,0.5171263345195729,0.5433718861209964,0.5981983985765125,0.4072
100000002958139100,3,False,1,209500.0,2,0,0.0,0,0.0,False,False,0,8,0.0,1,2,0.00030027317473638757,0.0,0,terminal,0.9,"Конечный получатель: 210 тыс ₸ от 1 плательщиков, исходящих нет (колено 3)",3,0.405,0.7179715302491103,0.8387455516014235,0.3842304270462633,0.6236
100000008754747100,3,False,1,45500.0,1,0,0.0,0,0.0,False,False,0,1,0.0,1,1,0.0002926708331701108,0.0,1,peripheral,0.9,"Признаков роли не выявлено: вход 1 (46 тыс ₸), выход 0 (0 ₸)",7,0.09000000000000001,0.398576512455516,0.14768683274021352,0.3172820284697509,0.2052
100000008776720100,3,False,1,26150.0,1,0,0.0,0,0.0,False,False,0,1,0.0,1,1,0.0002896507281429226,0.0,1,peripheral,0.9,"Признаков роли не выявлено: вход 1 (26 тыс ₸), выход 0 (0 ₸)",7,0.09000000000000001,0.2749110320284697,0.14768683274021352,0.2703514234875445,0.1558
100000008576528100,3,False,1,28000.0,1,0,0.0,0,0.0,False,False,0,7,0.0,1,1,0.0002864767510913652,0.0,0,peripheral,0.9,"Признаков роли не выявлено: вход 1 (28 тыс ₸), выход 0 (0 ₸)",6,0.09000000000000001,0.28981316725978645,0.5433718861209964,0.2089635231316726,0.2422
100000004603109100,3,False,3,2730000.0,8,2,400000.0,2,0.14652014652014653,False,False,0,2,0.19413919413919414,2,6,0.0031783652796316926,0.0,0,terminal,0.999,"Конечный получатель: 2,7 млн ₸ от 3 плательщиков, дальше уходит 15% (колено 3)",12,0.44955,0.9844306049822064,0.28113879003558717,0.6913923487544484,0.6629
100000008721637100,3,False,1,24041.0,1,2,127000.0,2,5.282642152988644,False,True,0,7,0.0,1,2,0.0002904606519895623,6.205183484088672e-05,0,peripheral,0.9,"Признаков роли не выявлено: вход 1 (24 тыс ₸), выход 2 (127 тыс ₸)",9,0.09000000000000001,0.655693950177936,0.5433718861209964,0.5629448398576512,0.4409
100000004491749100,3,False,1,50000.0,1,0,0.0,0,0.0,False,False,0,1,0.0,1,1,0.0003507948592583566,0.0,0,peripheral,0.9,"Признаков роли не выявлено: вход 1 (50 тыс ₸), выход 0 (0 ₸)",20,0.09000000000000001,0.42838078291814946,0.14768683274021352,0.5056717081850534,0.2604
100000005171642100,3,False,2,696800.0,5,1,683600.0,4,0.9810562571756601,False,False,0,1,0.9446039035591275,1,7,0.0027671822247582792,0.0,0,transit,0.961,"Признаки транзита: пропускает 98% полученного (697 тыс ₸), 94% уходит дальше за ≤2 дня",20,0.5766,0.9470640569395018,0.14768683274021352,0.6898354092526691,0.6729
100000008682426100,3,False,1,20000.0,1,0,0.0,0,0.0,False,False,0,7,0.0,1,1,0.0002912223270400026,0.0,0,peripheral,0.9,"Признаков роли не выявлено: вход 1 (20 тыс ₸), выход 0 (0 ₸)",14,0.09000000000000001,0.20462633451957296,0.5433718861209964,0.2970418149466192,0.2377
100000006209210100,3,False,1,229111.0,1,0,0.0,0,0.0,False,False,0,7,0.0,1,1,0.0003608027133122132,0.0,0,terminal,0.907,"Конечный получатель: 229 тыс ₸ от 1 плательщиков, исходящих нет (колено 3)",18,0.40815,0.7313167259786477,0.5433718861209964,0.5161254448398577,0.589
100000003888527100,3,False,1,30000.0,1,0,0.0,0,0.0,False,False,0,7,0.0,1,1,0.0003666748083508476,0.0,0,peripheral,0.9,"Признаков роли не выявлено: вход 1 (30 тыс ₸), выход 0 (0 ₸)",33,0.09000000000000001,0.3082740213523132,0.5433718861209964,0.5223532028469751,0.3246
100000008490127100,3,False,1,431755.0,2,6,923000.0,9,2.137786476126507,False,True,0,7,0.0,1,7,0.0002995621171696467,6.41139804096171e-05,0,peripheral,0.7,"Признаков роли не выявлено: вход 1 (432 тыс ₸), выход 6 (923 тыс ₸)",6,0.06999999999999999,0.9452846975088968,0.5433718861209964,0.656806049822064,0.544
100000004336228100,3,False,1,51407.0,2,0,0.0,0,0.0,False,False,0,7,0.0,1,1,0.0002960285109303709,0.0,0,peripheral,0.9,"Признаков роли не выявлено: вход 1 (51 тыс ₸), выход 0 (0 ₸)",1,0.09000000000000001,0.4412811387900356,0.5433718861209964,0.3524243772241993,0.3237
100000006844004100,3,False,1,20600.0,1,0,0.0,0,0.0,False,False,0,7,0.0,1,1,0.0005454417164852393,0.0,0,peripheral,0.9,"Признаков роли не выявлено: вход 1 (21 тыс ₸), выход 0 (0 ₸)",1,0.09000000000000001,0.2188612099644128,0.5433718861209964,0.6115435943060499,0.3191
100000001688676100,3,False,1,133700.0,1,0,0.0,0,0.0,False,False,0,7,0.0,1,1,0.0003084340439985561,0.0,0,peripheral,0.9,"Признаков роли не выявлено: вход 1 (134 тыс ₸), выход 0 (0 ₸)",18,0.09000000000000001,0.6290035587188612,0.5433718861209964,0.4229314946619217,0.3985
100000008712036100,3,False,1,21000.0,1,0,0.0,0,0.0,False,False,0,1,0.0,1,1,0.00028884692758013086,0.0,1,peripheral,0.9,"Признаков роли не выявлено: вход 1 (21 тыс ₸), выход 0 (0 ₸)",7,0.09000000000000001,0.22197508896797152,0.14768683274021352,0.25411476868327404,0.1356
100000004697956100,3,False,1,10000.0,1,1,10000.0,1,1.0,False,False,0,1,0.0,1,2,0.0004681160760661781,0.0,0,peripheral,0.9,"Признаков роли не выявлено: вход 1 (10 тыс ₸), выход 1 (10 тыс ₸)",20,0.09000000000000001,0.20462633451957296,0.14768683274021352,0.5686165480427047,0.2073
100000004921657100,3,False,1,8300.0,1,1,22190.0,1,2.6734939759036145,False,True,0,10,1.0,1,1,0.00036129622421142676,0.0,0,peripheral,0.9,"Признаков роли не выявлено: вход 1 (8 тыс ₸), выход 1 (22 тыс ₸)",8,0.09000000000000001,0.3162811387900356,0.9612989323843416,0.5167927046263345,0.4281
100000000408846100,3,False,1,40500.0,1,0,0.0,0,0.0,False,False,0,7,0.0,1,1,0.0002957255734808806,0.0,0,peripheral,0.9,"Признаков роли не выявлено: вход 1 (40 тыс ₸), выход 0 (0 ₸)",26,0.09000000000000001,0.3752224199288256,0.5433718861209964,0.34931049822064053,0.3028
100000003406094100,3,False,1,70000.0,4,3,47000.0,3,0.6714285714285714,False,False,0,7,0.14285714285714285,1,7,0.000778150781378675,2.3198668039551944e-05,0,peripheral,0.85,"Признаков роли не выявлено: вход 1 (70 тыс ₸), выход 3 (47 тыс ₸)",2,0.085,0.6112099644128114,0.5433718861209964,0.9114768683274022,0.5105
100000008695566100,3,False,1,33700.0,1,0,0.0,0,0.0,False,False,0,1,0.0,1,1,0.0002908291153757531,0.0,1,peripheral,0.9,"Признаков роли не выявлено: вход 1 (34 тыс ₸), выход 0 (0 ₸)",7,0.09000000000000001,0.33540925266903915,0.14768683274021352,0.2899243772241993,0.1791
100000005974542100,3,False,1,94500.0,3,0,0.0,0,0.0,False,False,0,7,0.0,1,3,0.0004830472191227783,0.0,0,peripheral,0.9,"Признаков роли не выявлено: вход 1 (94 тыс ₸), выход 0 (0 ₸)",23,0.09000000000000001,0.5629448398576512,0.5433718861209964,0.5741770462633452,0.4153
100000001887715100,3,False,3,1331500.0,4,1,750000.0,1,0.5632745024408562,False,False,0,9,1.0,3,1,0.0007309294553868685,1.6028495102404275e-05,0,peripheral,0.7,"Признаков роли не выявлено: вход 3 (1,3 млн ₸), выход 1 (750 тыс ₸)",3,0.06999999999999999,0.972864768683274,0.9094750889679716,0.8931272241992882,0.7
100000002472632100,3,False,2,502400.0,3,1,20000.0,1,0.03980891719745223,False,False,0,7,0.0,1,3,0.000985619333290868,1.1576135351736421e-05,0,terminal,0.965,"Конечный получатель: 502 тыс ₸ от 2 плательщиков, дальше уходит 4% (колено 3)",25,0.43424999999999997,0.8709964412811388,0.5433718861209964,0.9012455516014235,0.7373
100000004629688100,3,False,1,5000.0,1,1,15000.0,2,3.0,False,True,0,7,0.0,1,3,0.00038797258449924294,0.0,0,peripheral,0.9,"Признаков роли не выявлено: вход 1 (5 тыс ₸), выход 1 (15 тыс ₸)",2,0.09000000000000001,0.20462633451957296,0.5433718861209964,0.5354759786476868,0.2961
100000002459832100,3,False,2,880606.0,2,0,0.0,0,0.0,False,False,0,7,0.0,1,2,0.0003931880367042986,0.0,0,terminal,0.985,"Конечный получатель: 881 тыс ₸ от 2 плательщиков, исходящих нет (колено 3)",21,0.44325,0.9172597864768683,0.5433718861209964,0.5403692170818505,0.6669
100000006100920100,3,False,1,100000.0,1,0,0.0,0,0.0,False,False,0,7,0.0,1,1,0.00032650852666292734,0.0,0,peripheral,0.9,"Признаков роли не выявлено: вход 1 (100 тыс ₸), выход 0 (0 ₸)",4,0.09000000000000001,0.5798487544483986,0.5433718861209964,0.4745329181494662,0.3961
100000001439416100,3,False,1,10000.0,1,2,165000.0,3,16.5,False,True,0,7,0.0,1,4,0.00034089967599193374,1.0685663401602851e-05,0,peripheral,0.9,"Признаков роли не выявлено: вход 1 (10 тыс ₸), выход 2 (165 тыс ₸)",4,0.09000000000000001,0.6850533807829181,0.5433718861209964,0.710520462633452,0.4861
100000002121357100,3,False,2,255300.0,2,1,113000.0,1,0.4426165295730513,False,False,0,8,0.0,1,3,0.00032627377480928593,1.4276103408955042e-05,0,peripheral,0.8,"Признаков роли не выявлено: вход 2 (255 тыс ₸), выход 1 (113 тыс ₸)",3,0.08000000000000002,0.8104982206405694,0.8387455516014235,0.7157473309608541,0.5938
100000002970466100,3,False,1,23317.0,1,2,93000.0,3,3.9885062400823434,False,True,0,7,1.0,1,4,0.0002868825068890663,2.1371326803205702e-05,0,peripheral,0.9,"Признаков роли не выявлено: вход 1 (23 тыс ₸), выход 2 (93 тыс ₸)",10,0.09000000000000001,0.6098754448398577,0.5433718861209964,0.46419039145907476,0.4027
100000002581346100,3,False,1,166400.0,1,0,0.0,0,0.0,False,False,0,7,0.0,1,1,0.00029096218078321833,0.0,0,peripheral,0.9,"Признаков роли не выявлено: вход 1 (166 тыс ₸), выход 0 (0 ₸)",6,0.09000000000000001,0.675711743772242,0.5433718861209964,0.2923709964412812,0.3808
100000008738658100,3,False,1,29920.0,1,0,0.0,0,0.0,False,False,0,1,0.0,1,1,0.0002902391413704419,0.0,1,peripheral,0.9,"Признаков роли не выявлено: вход 1 (30 тыс ₸), выход 0 (0 ₸)",7,0.09000000000000001,0.3011565836298932,0.14768683274021352,0.2810275800711744,0.1664
100000005910114100,3,False,3,326144.0,3,19,1469993.0,56,4.507190075549451,False,True,0,7,1.0,1,20,0.0003616504127742257,0.002241954449611959,0,distributor,0.631,"Веерное распределение: 19 получателей, 1,5 млн ₸, отдаёт в 4.5× больше видимого входа — есть внешние источники",4,0.5048,0.9626334519572953,0.5433718861209964,0.8236209964412812,0.7765
100000001046626100,3,False,1,150000.0,1,0,0.0,0,0.0,False,False,0,7,0.0,1,1,0.00029043067032840335,0.0,0,peripheral,0.9,"Признаков роли не выявлено: вход 1 (150 тыс ₸), выход 0 (0 ₸)",6,0.09000000000000001,0.650355871886121,0.5433718861209964,0.2841414590747331,0.371
100000006492770100,3,False,1,269000.0,1,1,20000.0,1,0.07434944237918216,False,False,0,7,0.0,1,2,0.0003007193653545543,1.0685663401602851e-05,0,terminal,0.921,"Конечный получатель: 269 тыс ₸ от 1 плательщиков, дальше уходит 7% (колено 3)",10,0.41445000000000004,0.7726868327402135,0.5433718861209964,0.6022019572953736,0.6254
100000001674850100,3,False,2,237000.0,2,0,0.0,0,0.0,False,False,0,8,0.0,2,1,0.0003140936423748864,0.0,0,terminal,0.911,"Конечный получатель: 237 тыс ₸ от 2 плательщиков, исходящих нет (колено 3)",3,0.40995000000000004,0.7397686832740213,0.8387455516014235,0.44472864768683273,0.6472
100000000860514100,3,False,1,12000.0,1,1,50000.0,1,4.166666666666667,False,True,0,7,0.0,1,2,0.0003062893737864735,1.1576135351736421e-05,0,peripheral,0.9,"Признаков роли не выявлено: вход 1 (12 тыс ₸), выход 1 (50 тыс ₸)",25,0.09000000000000001,0.4806494661921708,0.5433718861209964,0.6483540925266904,0.4083
100000003650146100,3,False,1,14400.0,1,0,0.0,0,0.0,False,False,0,7,0.0,1,1,0.00030012735117663754,0.0,0,peripheral,0.9,"Признаков роли не выявлено: вход 1 (14 тыс ₸), выход 0 (0 ₸)",2,0.09000000000000001,0.12855871886120995,0.5433718861209964,0.38334074733096085,0.2356
100000001227106100,3,False,1,164765.0,1,0,0.0,0,0.0,False,False,0,7,0.0,1,1,0.00029090919178360717,0.0,0,peripheral,0.9,"Признаков роли не выявлено: вход 1 (165 тыс ₸), выход 0 (0 ₸)",6,0.09000000000000001,0.6725978647686833,0.5433718861209964,0.29148131672597866,0.3796
100000003647799100,3,False,1,100000.0,1,0,0.0,0,0.0,False,False,0,7,0.0,1,1,0.00028881021162469923,0.0,0,peripheral,0.9,"Признаков роли не выявлено: вход 1 (100 тыс ₸), выход 0 (0 ₸)",6,0.09000000000000001,0.5798487544483986,0.5433718861209964,0.251779359430605,0.3415
100000008293431100,3,False,1,15000.0,1,5,297000.0,7,19.8,False,True,0,7,0.0,1,7,0.00028689952801563704,3.783611975822965e-05,0,peripheral,0.75,"Признаков роли не выявлено: вход 1 (15 тыс ₸), выход 5 (297 тыс ₸)",1,0.07500000000000001,0.7860320284697508,0.5433718861209964,0.484653024911032,0.4552
100000002975287100,3,False,1,15000.0,1,0,0.0,0,0.0,False,False,0,7,0.0,1,1,0.00028919231957213884,0.0,0,peripheral,0.9,"Признаков роли не выявлено: вход 1 (15 тыс ₸), выход 0 (0 ₸)",6,0.09000000000000001,0.13856761565836298,0.5433718861209964,0.26045373665480426,0.2085
100000008507703100,3,False,1,28500.0,1,0,0.0,0,0.0,False,False,0,1,0.0,1,1,0.00029001751092400227,0.0,1,peripheral,0.9,"Признаков роли не выявлено: вход 1 (28 тыс ₸), выход 0 (0 ₸)",7,0.09000000000000001,0.29359430604982206,0.14768683274021352,0.27791370106761565,0.1634
100000001733687100,3,False,1,300000.0,1,0,0.0,0,0.0,False,False,0,8,0.0,1,1,0.0003066249703782886,0.0,0,terminal,0.93,"Конечный получатель: 300 тыс ₸ от 1 плательщиков, исходящих нет (колено 3)",3,0.41850000000000004,0.7784697508896797,0.8387455516014235,0.4160364768683274,0.6557
100000004552204100,3,False,1,22500.0,2,2,10000.0,2,0.4444444444444444,False,False,0,8,0.0,1,4,0.0008646978335399401,1.0685663401602851e-05,0,peripheral,0.9,"Признаков роли не выявлено: вход 1 (22 тыс ₸), выход 2 (10 тыс ₸)",9,0.09000000000000001,0.3305160142348754,0.8387455516014235,0.8753336298932384,0.4902
100000008223756100,3,False,2,331682.0,2,0,0.0,0,0.0,False,False,0,7,0.0,1,2,0.00035628112116330586,0.0,0,terminal,0.936,"Конечный получатель: 332 тыс ₸ от 2 плательщиков, исходящих нет (колено 3)",17,0.4212,0.7927046263345195,0.5433718861209964,0.510564946619217,0.612
100000002956769100,3,False,3,840000.0,3,0,0.0,0,0.0,False,False,0,9,0.0,3,1,0.00038478275617858006,0.0,0,terminal,0.984,"Конечный получатель: 840 тыс ₸ от 3 плательщиков, исходящих нет (колено 3)",3,0.4428,0.9137010676156584,0.9094750889679716,0.5334741992882562,0.7536
100000008555233100,3,False,1,440600.0,1,0,0.0,0,0.0,False,False,0,9,0.0,1,1,0.0003634087205622213,0.0,0,terminal,0.954,"Конечный получатель: 441 тыс ₸ от 1 плательщиков, исходящих нет (колено 3)",3,0.4293,0.8380782918149466,0.9094750889679716,0.5183496441281139,0.721
100000002346166100,3,False,1,6000.0,1,0,0.0,0,0.0,False,False,0,1,0.0,1,1,0.00028650576089238805,0.0,1,peripheral,0.9,"Признаков роли не выявлено: вход 1 (6 тыс ₸), выход 0 (0 ₸)",7,0.09000000000000001,0.03536476868327402,0.14768683274021352,0.2098532028469751,0.0676
100000000878006100,3,False,1,47003.0,1,0,0.0,0,0.0,False,False,0,7,0.0,1,1,0.000287092622626295,0.0,0,peripheral,0.9,"Признаков роли не выявлено: вход 1 (47 тыс ₸), выход 0 (0 ₸)",6,0.09000000000000001,0.40747330960854095,0.5433718861209964,0.21741548042704628,0.2803
100000004997515100,3,False,4,395000.0,4,4,54500.0,4,0.1379746835443038,False,False,0,9,0.0,1,8,0.0003566158833194684,6.067343948805893e-05,0,terminal,0.948,"Конечный получатель: 395 тыс ₸ от 4 плательщиков, дальше уходит 14% (колено 3)",3,0.4266,0.8425266903914591,0.9094750889679716,0.7887010676156584,0.7874
100000007653003100,3,False,1,100000.0,1,0,0.0,0,0.0,False,False,0,7,0.0,1,1,0.0003013091989193027,0.0,0,peripheral,0.9,"Признаков роли не выявлено: вход 1 (100 тыс ₸), выход 0 (0 ₸)",4,0.09000000000000001,0.5798487544483986,0.5433718861209964,0.39201512455516013,0.3759
100000000661131100,3,False,1,15600.0,1,0,0.0,0,0.0,False,False,0,1,0.0,1,1,0.00028800410757254345,0.0,1,peripheral,0.9,"Признаков роли не выявлено: вход 1 (16 тыс ₸), выход 0 (0 ₸)",7,0.09000000000000001,0.1512455516014235,0.14768683274021352,0.23109430604982206,0.1083
100000003880331100,3,False,1,100000.0,1,16,3904908.0,31,39.04908,False,True,0,7,1.0,1,8,0.0003076581045462558,0.0006563516491428232,0,distributor,0.596,"Веерное распределение: 16 получателей, 3,9 млн ₸, отдаёт в 39.0× больше видимого входа — есть внешние источники",17,0.4768,0.9888790035587188,0.5433718861209964,0.7211966192170819,0.7475
100000003204491100,3,False,1,140000.0,1,1,100000.0,2,0.7142857142857143,False,False,0,7,1.0,1,1,0.00029798480966852173,1.0707077556716282e-05,0,peripheral,0.9,"Признаков роли не выявлено: вход 1 (140 тыс ₸), выход 1 (100 тыс ₸)",1,0.09000000000000001,0.7433274021352313,0.5433718861209964,0.5944172597864769,0.4755
100000008463968100,3,False,1,10000.0,1,0,0.0,0,0.0,False,False,0,1,0.0,1,1,0.00028713007200911945,0.0,1,peripheral,0.9,"Признаков роли не выявлено: вход 1 (10 тыс ₸), выход 0 (0 ₸)",7,0.09000000000000001,0.07873665480427046,0.14768683274021352,0.2178603202846975,0.0829
100000002712416100,3,False,2,116800.0,2,0,0.0,0,0.0,False,False,0,9,0.0,1,2,0.0003026575194807802,0.0,0,terminal,0.846,"Конечный получатель: 117 тыс ₸ от 2 плательщиков, исходящих нет (колено 3)",3,0.3807,0.6107651245551602,0.9094750889679716,0.3991325622775801,0.6013
100000008754997100,3,False,1,18000.0,1,0,0.0,0,0.0,False,False,0,1,0.0,1,1,0.0002883786942425823,0.0,1,peripheral,0.9,"Признаков роли не выявлено: вход 1 (18 тыс ₸), выход 0 (0 ₸)",7,0.09000000000000001,0.1834964412811388,0.14768683274021352,0.2421040925266904,0.1209
100000008011573100,3,False,1,15000.0,1,0,0.0,0,0.0,False,False,0,7,0.0,1,1,0.00028919231957213884,0.0,0,peripheral,0.9,"Признаков роли не выявлено: вход 1 (15 тыс ₸), выход 0 (0 ₸)",6,0.09000000000000001,0.13856761565836298,0.5433718861209964,0.26045373665480426,0.2085
100000003178549100,3,False,2,250000.0,2,4,89080.0,4,0.35632,False,False,0,7,0.0,1,5,0.00035215781948056465,0.0005451045415600023,0,peripheral,0.8,"Признаков роли не выявлено: вход 2 (250 тыс ₸), выход 4 (89 тыс ₸)",4,0.08000000000000002,0.7953736654804271,0.5433718861209964,0.8076067615658362,0.5393
100000000534581100,3,False,2,55960.0,2,1,40000.0,1,0.7147962830593281,False,False,0,7,0.0,1,3,0.0002984533219886514,1.0685663401602851e-05,0,peripheral,0.8,"Признаков роли не выявлено: вход 2 (56 тыс ₸), выход 1 (40 тыс ₸)",1,0.08000000000000002,0.568950177935943,0.5433718861209964,0.5830738434163701,0.415
100000007138613100,3,False,3,1002000.0,3,2,179000.0,2,0.17864271457085829,False,False,0,7,0.0,1,5,0.0003541752272666083,2.1371326803205702e-05,0,terminal,0.987,"Конечный получатель: 1,0 млн ₸ от 3 плательщиков, дальше уходит 18% (колено 3)",10,0.44415,0.9386120996441281,0.5433718861209964,0.758229537366548,0.7272
100000002380341100,3,False,1,57566.4,1,0,0.0,0,0.0,False,False,0,7,0.0,1,1,0.0003091365365238758,0.0,0,peripheral,0.9,"Признаков роли не выявлено: вход 1 (58 тыс ₸), выход 0 (0 ₸)",4,0.09000000000000001,0.46619217081850534,0.5433718861209964,0.4244884341637011,0.349
100000008309514100,3,False,1,17200.0,1,0,0.0,0,0.0,False,False,0,1,0.0,1,1,0.000288253832019236,0.0,1,peripheral,0.9,"Признаков роли не выявлено: вход 1 (17 тыс ₸), выход 0 (0 ₸)",7,0.09000000000000001,0.17148576512455516,0.14768683274021352,0.2374332740213523,0.1161
100000003134474100,3,False,1,116000.0,1,0,0.0,0,0.0,False,False,0,7,0.0,1,1,0.0002893287584098846,0.0,0,peripheral,0.9,"Признаков роли не выявлено: вход 1 (116 тыс ₸), выход 0 (0 ₸)",6,0.09000000000000001,0.6092081850533808,0.5433718861209964,0.26434608540925264,0.3536
100000002373386100,3,False,1,24000.0,1,0,0.0,0,0.0,False,False,0,1,0.0,1,1,0.0002893151609176794,0.0,1,peripheral,0.9,"Признаков роли не выявлено: вход 1 (24 тыс ₸), выход 0 (0 ₸)",7,0.09000000000000001,0.24822064056939502,0.14768683274021352,0.2636788256227758,0.146
100000008684767100,3,False,1,31100.0,1,0,0.0,0,0.0,False,False,0,1,0.0,1,1,0.0002904233131498777,0.0,1,peripheral,0.9,"Признаков роли не выявлено: вход 1 (31 тыс ₸), выход 0 (0 ₸)",7,0.09000000000000001,0.32184163701067614,0.14768683274021352,0.28358540925266906,0.1734
100000008332511100,3,False,1,100000.0,1,0,0.0,0,0.0,False,False,0,9,0.0,1,1,0.0011127776746800726,0.0,0,peripheral,0.9,"Признаков роли не выявлено: вход 1 (100 тыс ₸), выход 0 (0 ₸)",9,0.09000000000000001,0.5798487544483986,0.9094750889679716,0.6709297153024911,0.5338
100000005754335100,3,False,1,44037.0,1,0,0.0,0,0.0,False,False,0,7,0.0,1,1,0.00040462407841393883,0.0,0,peripheral,0.9,"Признаков роли не выявлено: вход 1 (44 тыс ₸), выход 0 (0 ₸)",33,0.09000000000000001,0.38701067615658363,0.5433718861209964,0.5472642348754448,0.3548
100000008547295100,3,False,1,15000.0,1,0,0.0,0,0.0,False,False,0,1,0.0,1,1,0.0005629711569533369,0.0,0,peripheral,0.9,"Признаков роли не выявлено: вход 1 (15 тыс ₸), выход 0 (0 ₸)",20,0.09000000000000001,0.13856761565836298,0.14768683274021352,0.6239991103202847,0.2007
100000001875167100,3,False,1,1000000.0,2,0,0.0,0,0.0,False,False,0,7,0.0,1,1,0.0003179784682913741,0.0,0,terminal,0.987,"Конечный получатель: 1,0 млн ₸ от 1 плательщиков, исходящих нет (колено 3)",6,0.44415,0.9268238434163701,0.5433718861209964,0.4567393238434164,0.6497
100000004670388100,3,False,1,160354.0,1,2,720000.0,4,4.490065729573319,False,True,0,7,1.0,1,3,0.0005140172616899977,1.1576135351736421e-05,0,peripheral,0.9,"Признаков роли не выявлено: вход 1 (160 тыс ₸), выход 2 (720 тыс ₸)",38,0.09000000000000001,0.916814946619217,0.5433718861209964,0.8180604982206405,0.5834
100000004097972100,3,False,1,118878.0,1,2,10000.0,2,0.0841198539679335,False,False,0,7,0.0,1,2,0.0003165811788801667,2.1371326803205702e-05,0,peripheral,0.9,"Признаков роли не выявлено: вход 1 (119 тыс ₸), выход 2 (10 тыс ₸)",1,0.09000000000000001,0.6236654804270463,0.5433718861209964,0.7019572953736655,0.4652
100000000481716100,3,False,1,8000.0,1,0,0.0,0,0.0,False,False,0,7,0.0,1,1,0.0003771539261882796,0.0,0,peripheral,0.9,"Признаков роли не выявлено: вход 1 (8 тыс ₸), выход 0 (0 ₸)",9,0.09000000000000001,0.052713523131672595,0.5433718861209964,0.5296930604982206,0.2482
100000005089460100,3,False,1,12300.0,1,0,0.0,0,0.0,False,False,0,1,0.0,1,1,0.00028748905090124,0.0,1,peripheral,0.9,"Признаков роли не выявлено: вход 1 (12 тыс ₸), выход 0 (0 ₸)",7,0.09000000000000001,0.10898576512455516,0.14768683274021352,0.22386565836298933,0.0936
100000003105929100,3,False,1,429567.0,2,1,156354.0,1,0.3639804733603838,False,False,0,7,0.0,1,2,0.0002994912058967726,1.0707077556716282e-05,0,peripheral,0.9,"Признаков роли не выявлено: вход 1 (430 тыс ₸), выход 1 (156 тыс ₸)",6,0.09000000000000001,0.8821174377224199,0.5433718861209964,0.6053158362989324,0.5206
100000008379273100,3,False,2,36000.0,2,4,38000.0,4,1.0555555555555556,False,False,0,7,0.0,1,5,0.0002990171904496492,1.1576135351736421e-05,0,peripheral,0.8,"Признаков роли не выявлено: вход 2 (36 тыс ₸), выход 4 (38 тыс ₸)",9,0.08000000000000002,0.5095640569395018,0.5433718861209964,0.6065391459074733,0.4026
100000005357705100,3,False,1,52595.0,1,4,387080.0,5,7.35963494628767,False,True,0,7,1.0,1,4,0.0002962702202200618,4.2742653606411403e-05,0,peripheral,0.8,"Признаков роли не выявлено: вход 1 (53 тыс ₸), выход 4 (387 тыс ₸)",40,0.08000000000000002,0.8371886120996441,0.5433718861209964,0.624443950177936,0.5073
100000003111305100,3,False,4,509338.0,4,0,0.0,0,0.0,False,False,0,8,0.0,2,3,0.00040360180953618035,0.0,0,terminal,0.966,"Конечный получатель: 509 тыс ₸ от 4 плательщиков, исходящих нет (колено 3)",3,0.4347,0.8669928825622776,0.8387455516014235,0.5463745551601423,0.7217
100000008503177100,3,False,1,33951.0,1,0,0.0,0,0.0,False,False,0,7,0.0,1,1,0.0002924769306603002,0.0,0,peripheral,0.9,"Признаков роли не выявлено: вход 1 (34 тыс ₸), выход 0 (0 ₸)",1,0.09000000000000001,0.3358540925266904,0.5433718861209964,0.3146129893238434,0.2822
100000000955529100,3,False,1,27000.0,1,1,63500.0,1,2.3518518518518516,False,True,0,7,0.0,1,2,0.0002956290149139567,0.0,0,peripheral,0.9,"Признаков роли не выявлено: вход 1 (27 тыс ₸), выход 1 (64 тыс ₸)",8,0.09000000000000001,0.5542704626334519,0.5433718861209964,0.34886565836298933,0.3575
100000008695689100,3,False,1,26200.0,1,0,0.0,0,0.0,False,False,0,1,0.0,1,1,0.00028965853203188175,0.0,1,peripheral,0.9,"Признаков роли не выявлено: вход 1 (26 тыс ₸), выход 0 (0 ₸)",7,0.09000000000000001,0.2782473309608541,0.14768683274021352,0.27157473309608543,0.1571
100000004184158100,3,False,1,203805.0,1,0,0.0,0,0.0,False,False,0,7,0.0,1,1,0.0003036431808354202,0.0,0,terminal,0.899,"Конечный получатель: 204 тыс ₸ от 1 плательщиков, исходящих нет (колено 3)",1,0.40455,0.7166370106761566,0.5433718861209964,0.4051379003558719,0.5558
100000005475379100,3,False,1,108370.0,1,3,81000.0,3,0.7474393282273692,False,False,0,8,0.0,1,4,0.0004216387717503735,4.015154083768606e-05,0,peripheral,0.85,"Признаков роли не выявлено: вход 1 (108 тыс ₸), выход 3 (81 тыс ₸)",13,0.085,0.6961743772241993,0.8387455516014235,0.8216192170818506,0.5869
100000003093299100,3,False,1,15000.0,1,0,0.0,0,0.0,False,False,0,7,0.0,1,1,0.00028641409372308623,0.0,0,peripheral,0.9,"Признаков роли не выявлено: вход 1 (15 тыс ₸), выход 0 (0 ₸)",10,0.09000000000000001,0.13856761565836298,0.5433718861209964,0.20785142348754448,0.1957
100000008767027100,3,False,1,5000.0,1,0,0.0,0,0.0,False,False,0,9,0.0,1,1,0.00028633291495751956,0.0,0,peripheral,0.9,"Признаков роли не выявлено: вход 1 (5 тыс ₸), выход 0 (0 ₸)",3,0.09000000000000001,0.01601423487544484,0.9094750889679716,0.20629448398576514,0.2474
100000004539443100,3,False,2,61990.0,2,0,0.0,0,0.0,False,False,0,10,0.0,2,1,0.0009561831780302799,0.0,0,terminal,0.779,"Конечный получатель: 62 тыс ₸ от 2 плательщиков, исходящих нет (колено 3)",8,0.35055000000000003,0.47998220640569395,0.9612989323843416,0.666258896797153,0.6265
100000007863304100,3,False,1,25000.0,1,0,0.0,0,0.0,False,False,0,7,0.0,1,1,0.000286379523569143,0.0,0,peripheral,0.9,"Признаков роли не выявлено: вход 1 (25 тыс ₸), выход 0 (0 ₸)",6,0.09000000000000001,0.26045373665480426,0.5433718861209964,0.2070729537366548,0.2328
100000004959752100,3,False,1,22200.0,1,0,0.0,0,0.0,False,False,0,11,0.0,1,1,0.0007848703238285036,0.0,0,peripheral,0.9,"Признаков роли не выявлено: вход 1 (22 тыс ₸), выход 0 (0 ₸)",8,0.09000000000000001,0.23020462633451957,0.9922153024911032,0.6549154804270463,0.4431
100000002214664100,3,False,1,7950.0,1,1,76950.0,2,9.679245283018869,False,True,0,1,1.0,1,1,0.0002868101125617946,2.6714158504007127e-06,1,peripheral,0.9,"Признаков роли не выявлено: вход 1 (8 тыс ₸), выход 1 (77 тыс ₸)",7,0.09000000000000001,0.5360320284697508,0.14768683274021352,0.4142571174377224,0.271
100000008192264100,3,False,1,162810.0,1,1,187910.0,2,1.1541674344327744,False,False,0,7,1.0,1,2,0.00029084583184829237,1.0707077556716282e-05,0,transit,0.769,"Признаки транзита: пропускает 115% полученного (163 тыс ₸), 100% уходит дальше за ≤2 дня",6,0.4614,0.802491103202847,0.5433718861209964,0.5176823843416369,0.634
100000000942301100,3,False,1,57580.0,2,0,0.0,0,0.0,False,False,0,7,0.0,1,2,0.000300590276391355,0.0,0,peripheral,0.9,"Признаков роли не выявлено: вход 1 (58 тыс ₸), выход 0 (0 ₸)",1,0.09000000000000001,0.46708185053380785,0.5433718861209964,0.3866770462633452,0.34
100000002578653100,3,False,1,20000.0,1,0,0.0,0,0.0,False,False,0,7,0.0,1,1,0.0003113100744475735,0.0,0,peripheral,0.9,"Признаков роли не выявлено: вход 1 (20 тыс ₸), выход 0 (0 ₸)",4,0.09000000000000001,0.20462633451957296,0.5433718861209964,0.4329403914590747,0.271
100000002511581100,3,False,1,17600.0,1,0,0.0,0,0.0,False,False,0,1,0.0,1,1,0.00028831626313090915,0.0,1,peripheral,0.9,"Признаков роли не выявлено: вход 1 (18 тыс ₸), выход 0 (0 ₸)",7,0.09000000000000001,0.17793594306049823,0.14768683274021352,0.23965747330960854,0.1186
100000005610717100,3,False,4,484500.0,6,1,265200.0,7,0.5473684210526316,False,False,0,7,0.12920536635706914,1,8,0.00034454483671221423,1.0685663401602851e-05,0,peripheral,0.6,"Признаков роли не выявлено: вход 4 (484 тыс ₸), выход 1 (265 тыс ₸)",1,0.06,0.9012455516014235,0.5433718861209964,0.7140791814946619,0.5403
100000005704413100,3,False,3,97834.67,4,32,1363593.0,35,13.9377278014021,False,True,0,7,1.0,2,12,0.000599688803298592,0.00032888097358266553,0,distributor,0.737,"Веерное распределение: 32 получателей, 1,4 млн ₸, отдаёт в 13.9× больше видимого входа — есть внешние источники",9,0.5896,0.951067615658363,0.5433718861209964,0.9308274021352313,0.8356
100000000976943100,3,False,1,70000.0,1,1,84000.0,3,1.2,False,False,0,8,0.0,1,3,0.00037346136238482604,1.3357079252003563e-05,0,transit,0.5,Признаки транзита: пропускает 120% полученного (70 тыс ₸),13,0.3,0.660364768683274,0.8387455516014235,0.7655693950177936,0.6544
100000008708061100,3,False,1,8650.0,1,0,0.0,0,0.0,False,False,0,1,0.0,1,1,0.0002869193670072226,0.0,1,peripheral,0.9,"Признаков роли не выявлено: вход 1 (9 тыс ₸), выход 0 (0 ₸)",7,0.09000000000000001,0.05782918149466192,0.14768683274021352,0.21608096085409254,0.076
100000003986141100,3,False,1,5286.32,1,0,0.0,0,0.0,False,False,0,7,0.0,1,1,0.0002868461256435469,0.0,0,peripheral,0.9,"Признаков роли не выявлено: вход 1 (5 тыс ₸), выход 0 (0 ₸)",6,0.09000000000000001,0.025800711743772242,0.5433718861209964,0.21430160142348756,0.1627
100000005037490100,3,False,1,15000.0,1,2,30000.0,3,2.0,False,True,0,7,1.0,1,3,0.0003232011772500526,1.0685663401602851e-05,0,peripheral,0.9,"Признаков роли не выявлено: вход 1 (15 тыс ₸), выход 2 (30 тыс ₸)",17,0.09000000000000001,0.39524021352313166,0.5433718861209964,0.6838300711743772,0.3908
100000004257714100,3,False,1,52220.0,1,0,0.0,0,0.0,False,False,0,1,0.0,1,1,0.0002937196758462196,0.0,1,peripheral,0.9,"Признаков роли не выявлено: вход 1 (52 тыс ₸), выход 0 (0 ₸)",7,0.09000000000000001,0.44483985765124556,0.14768683274021352,0.32973754448398573,0.2224
100000000569479100,3,False,1,320000.0,1,0,0.0,0,0.0,False,False,0,7,0.0,1,1,0.0003949532398197791,0.0,0,terminal,0.934,"Конечный получатель: 320 тыс ₸ от 1 плательщиков, исходящих нет (колено 3)",10,0.4203,0.7891459074733096,0.5433718861209964,0.5419261565836299,0.6182
100000007303047100,3,False,1,52250.0,1,0,0.0,0,0.0,False,False,0,1,0.0,1,1,0.00029372435817959507,0.0,1,peripheral,0.9,"Признаков роли не выявлено: вход 1 (52 тыс ₸), выход 0 (0 ₸)",7,0.09000000000000001,0.4452846975088968,0.14768683274021352,0.33062722419928825,0.2227
100000008708743100,3,False,1,15550.0,1,0,0.0,0,0.0,False,False,0,1,0.0,1,1,0.0002879963036835843,0.0,1,peripheral,0.9,"Признаков роли не выявлено: вход 1 (16 тыс ₸), выход 0 (0 ₸)",7,0.09000000000000001,0.15013345195729538,0.14768683274021352,0.23076067615658363,0.1079
100000008745863100,3,False,1,22900.0,1,0,0.0,0,0.0,False,False,0,1,0.0,1,1,0.00028914347536057827,0.0,1,peripheral,0.9,"Признаков роли не выявлено: вход 1 (23 тыс ₸), выход 0 (0 ₸)",7,0.09000000000000001,0.23309608540925267,0.14768683274021352,0.2587855871886121,0.1402
100000005048668100,3,False,2,16668.0,2,8,159400.0,11,9.563234941204703,False,True,0,7,0.6100311975041997,1,10,0.00028854810674879374,0.000273624046538815,0,peripheral,0.6,"Признаков роли не выявлено: вход 2 (17 тыс ₸), выход 8 (159 тыс ₸)",4,0.06,0.6854982206405694,0.5433718861209964,0.5413701067615658,0.4319
100000006522972100,3,False,1,9515.0,1,0,0.0,0,0.0,False,False,0,7,0.0,1,1,0.00030331012596478374,0.0,0,peripheral,0.9,"Признаков роли не выявлено: вход 1 (10 тыс ₸), выход 0 (0 ₸)",4,0.09000000000000001,0.06405693950177936,0.5433718861209964,0.40358096085409256,0.2208
100000008759857100,3,False,1,5000.0,1,2,994000.0,3,198.8,False,True,0,9,0.0,1,3,0.00028633291495751956,6.0424882330492306e-06,0,peripheral,0.9,"Признаков роли не выявлено: вход 1 (5 тыс ₸), выход 2 (994 тыс ₸)",3,0.09000000000000001,0.925711743772242,0.9094750889679716,0.40980871886120995,0.5758
100000005342513100,3,False,1,235000.0,2,1,30000.0,1,0.1276595744680851,False,False,0,1,0.0,1,2,0.0010816512996714893,0.0,1,terminal,0.909,"Конечный получатель: 235 тыс ₸ от 1 плательщиков, дальше уходит 13% (колено 3)",5,0.40905,0.7580071174377224,0.14768683274021352,0.6700400355871886,0.5383
100000004750897100,3,False,1,10000.0,1,0,0.0,0,0.0,False,False,0,7,0.0,1,1,0.000490375874781195,0.0,0,peripheral,0.9,"Признаков роли не выявлено: вход 1 (10 тыс ₸), выход 0 (0 ₸)",2,0.09000000000000001,0.07873665480427046,0.5433718861209964,0.577290925266904,0.2678
100000001140785100,3,False,2,215000.0,2,0,0.0,0,0.0,False,False,0,8,0.0,2,1,0.00031534667818847384,0.0,0,terminal,0.902,"Конечный получатель: 215 тыс ₸ от 2 плательщиков, исходящих нет (колено 3)",3,0.40590000000000004,0.7210854092526691,0.8387455516014235,0.4500667259786477,0.6411
100000002821425100,3,False,1,275000.0,1,0,0.0,0,0.0,False,False,0,2,0.0,1,1,0.00029866805245648467,0.0,0,terminal,0.922,"Конечный получатель: 275 тыс ₸ от 1 плательщиков, исходящих нет (колено 3)",11,0.41490000000000005,0.7631227758007118,0.28113879003558717,0.3702179715302491,0.5017
100000003221510100,3,False,1,24000.0,1,2,120000.0,3,5.0,False,True,0,7,0.0,1,3,0.00028692097342656345,2.1414155113432564e-05,0,peripheral,0.9,"Признаков роли не выявлено: вход 1 (24 тыс ₸), выход 2 (120 тыс ₸)",10,0.09000000000000001,0.6405693950177936,0.5433718861209964,0.46963967971530246,0.4135
100000003031003100,3,False,3,280090.0,3,0,0.0,0,0.0,False,False,0,9,0.0,2,2,0.0003114988105958378,0.0,0,terminal,0.925,"Конечный получатель: 280 тыс ₸ от 3 плательщиков, исходящих нет (колено 3)",3,0.41625,0.7673487544483986,0.9094750889679716,0.4340524911032029,0.6731
100000003060187100,3,False,1,93046.0,1,0,0.0,0,0.0,False,False,0,7,0.0,1,1,0.0003014815867240045,0.0,0,peripheral,0.9,"Признаков роли не выявлено: вход 1 (93 тыс ₸), выход 0 (0 ₸)",18,0.09000000000000001,0.5600533807829181,0.5433718861209964,0.39290480427046265,0.37
100000008718811100,3,False,1,73300.0,1,0,0.0,0,0.0,False,False,0,1,0.0,1,1,0.0002970097954313942,0.0,1,peripheral,0.9,"Признаков роли не выявлено: вход 1 (73 тыс ₸), выход 0 (0 ₸)",7,0.09000000000000001,0.5084519572953736,0.14768683274021352,0.3602090747330961,0.2493
100000008043184100,3,False,1,50564.0,1,0,0.0,0,0.0,False,False,0,7,0.0,1,1,0.00029352801963081616,0.0,0,peripheral,0.9,"Признаков роли не выявлено: вход 1 (51 тыс ₸), выход 0 (0 ₸)",4,0.09000000000000001,0.4372775800711744,0.5433718861209964,0.32684608540925264,0.3163
100000002530224100,3,False,1,113000.0,1,0,0.0,0,0.0,False,False,0,9,0.0,1,1,0.00029139102055774377,0.0,0,peripheral,0.9,"Признаков роли не выявлено: вход 1 (113 тыс ₸), выход 0 (0 ₸)",3,0.09000000000000001,0.6058718861209964,0.9094750889679716,0.30126779359430605,0.4513
100000008754608100,3,False,1,12300.0,1,0,0.0,0,0.0,False,False,0,1,0.0,1,1,0.00028748905090124,0.0,1,peripheral,0.9,"Признаков роли не выявлено: вход 1 (12 тыс ₸), выход 0 (0 ₸)",7,0.09000000000000001,0.10898576512455516,0.14768683274021352,0.22386565836298933,0.0936
100000006989232100,3,False,1,22194.0,1,0,0.0,0,0.0,False,False,0,7,0.0,1,1,0.00028753750814532387,0.0,0,peripheral,0.9,"Признаков роли не выявлено: вход 1 (22 тыс ₸), выход 0 (0 ₸)",1,0.09000000000000001,0.22953736654804271,0.5433718861209964,0.2245329181494662,0.2276
100000006532229100,3,False,1,105000.0,1,0,0.0,0,0.0,False,False,0,8,0.0,1,1,0.0003006351862930432,0.0,0,peripheral,0.9,"Признаков роли не выявлено: вход 1 (105 тыс ₸), выход 0 (0 ₸)",3,0.09000000000000001,0.5916370106761566,0.8387455516014235,0.38689946619217086,0.4506
100000005661829100,3,False,1,37790.0,1,2,40362.0,4,1.0680603334215402,False,False,0,7,1.0,1,3,0.0002920319635832895,1.0533583244454675e-07,0,peripheral,0.9,"Признаков роли не выявлено: вход 1 (38 тыс ₸), выход 2 (40 тыс ₸)",18,0.09000000000000001,0.5186832740213523,0.5433718861209964,0.5002224199288257,0.3836
100000004553349100,3,False,1,7755.0,1,0,0.0,0,0.0,False,False,0,7,0.0,1,1,0.0003000285848322995,0.0,0,peripheral,0.9,"Признаков роли не выявлено: вход 1 (8 тыс ₸), выход 0 (0 ₸)",4,0.09000000000000001,0.050711743772241996,0.5433718861209964,0.38222864768683273,0.2115
100000002945626100,3,False,3,584000.0,3,0,0.0,0,0.0,False,False,0,9,0.0,2,2,0.0003377644362503449,0.0,0,terminal,0.972,"Конечный получатель: 584 тыс ₸ от 3 плательщиков, исходящих нет (колено 3)",3,0.4374,0.8807829181494662,0.9094750889679716,0.4907695729537367,0.7307
100000008775471100,3,False,1,580000.0,2,0,0.0,0,0.0,False,False,0,8,0.0,1,1,0.00035837580082273557,0.0,0,terminal,0.972,"Конечный получатель: 580 тыс ₸ от 1 плательщиков, исходящих нет (колено 3)",3,0.4374,0.880338078291815,0.8387455516014235,0.5136788256227758,0.7189
100000000404740100,4,False,1,25000.0,1,0,0.0,0,0.0,True,False,0,7,0.0,1,1,0.0005579900727464834,0.0,0,boundary,0.9,"Граница выгрузки: 4-е колено, исходящие не выгружались. Получил 25 тыс ₸ от 1; роль не определить без доп. выгрузки",25,0.27,0.26045373665480426,0.5433718861209964,0.6219973309608541,0.4116
100000004268036100,4,False,1,5500.0,1,0,0.0,0,0.0,True,False,0,1,0.0,1,1,0.00028851261710781384,0.0,0,boundary,0.9,"Граница выгрузки: 4-е колено, исходящие не выгружались. Получил 6 тыс ₸ от 1; роль не определить без доп. выгрузки",11,0.27,0.029804270462633453,0.14768683274021352,0.24455071174377224,0.1516
100000001256409100,4,False,1,8000.0,1,0,0.0,0,0.0,True,False,0,1,0.0,1,1,0.0005471647850140195,0.0,0,boundary,0.9,"Граница выгрузки: 4-е колено, исходящие не выгружались. Получил 8 тыс ₸ от 1; роль не определить без доп. выгрузки",21,0.27,0.052713523131672595,0.14768683274021352,0.6128781138790036,0.2488
100000005360814100,4,False,1,144000.0,3,0,0.0,0,0.0,True,False,0,7,0.0,1,3,0.0004336887325641272,0.0,0,boundary,0.9,"Граница выгрузки: 4-е колено, исходящие не выгружались. Получил 144 тыс ₸ от 1; роль не определить без доп. выгрузки",17,0.27,0.6405693950177936,0.5433718861209964,0.5590524911032029,0.5125
100000002369454100,4,False,1,25000.0,1,0,0.0,0,0.0,True,False,0,7,0.0,1,1,0.00042888184355224774,0.0,0,boundary,0.9,"Граница выгрузки: 4-е колено, исходящие не выгружались. Получил 25 тыс ₸ от 1; роль не определить без доп. выгрузки",1,0.27,0.26045373665480426,0.5433718861209964,0.5567170818505338,0.3956
100000004272302100,4,False,1,10000.0,1,0,0.0,0,0.0,True,False,0,7,0.0,1,1,0.00028773614997434693,0.0,0,boundary,0.9,"Граница выгрузки: 4-е колено, исходящие не выгружались. Получил 10 тыс ₸ от 1; роль не определить без доп. выгрузки",4,0.27,0.07873665480427046,0.5433718861209964,0.22786921708185054,0.2594
100000008727982100,4,False,1,30000.0,2,0,0.0,0,0.0,True,False,0,1,0.0,1,1,0.0005138489258762212,0.0,0,boundary,0.9,"Граница выгрузки: 4-е колено, исходящие не выгружались. Получил 30 тыс ₸ от 1; роль не определить без доп. выгрузки",20,0.27,0.3082740213523132,0.14768683274021352,0.5841859430604982,0.32
100000000600707100,4,False,1,89000.0,2,0,0.0,0,0.0,True,False,0,1,0.0,1,2,0.0005701602511841814,0.0,0,boundary,0.9,"Граница выгрузки: 4-е колено, исходящие не выгружались. Получил 89 тыс ₸ от 1; роль не определить без доп. выгрузки",32,0.27,0.5473754448398577,0.14768683274021352,0.6257784697508897,0.4034
100000004500781100,4,False,1,74000.0,5,0,0.0,0,0.0,True,False,0,7,0.0,1,3,0.0006807503625850068,0.0,0,boundary,0.9,"Граница выгрузки: 4-е колено, исходящие не выгружались. Получил 74 тыс ₸ от 1; роль не определить без доп. выгрузки",14,0.27,0.5095640569395018,0.5433718861209964,0.6455738434163701,0.4936
100000008703533100,4,False,1,75000.0,1,0,0.0,0,0.0,True,False,0,8,0.0,1,1,0.00029552677799059583,0.0,0,boundary,0.9,"Граница выгрузки: 4-е колено, исходящие не выгружались. Получил 75 тыс ₸ от 1; роль не определить без доп. выгрузки",3,0.27,0.5115658362989324,0.8387455516014235,0.3477535587188612,0.4936
100000004549591100,4,False,1,49000.0,1,0,0.0,0,0.0,True,False,0,7,0.0,1,1,0.000444321168333405,0.0,0,boundary,0.9,"Граница выгрузки: 4-е колено, исходящие не выгружались. Получил 49 тыс ₸ от 1; роль не определить без доп. выгрузки",2,0.27,0.41748220640569395,0.5433718861209964,0.5632784697508897,0.4452
100000002700161100,4,False,1,39000.0,1,0,0.0,0,0.0,True,False,0,10,0.0,1,1,0.0009026643078152162,0.0,0,boundary,0.9,"Граница выгрузки: 4-е колено, исходящие не выгружались. Получил 39 тыс ₸ от 1; роль не определить без доп. выгрузки",8,0.27,0.3638790035587189,0.9612989323843416,0.6649243772241993,0.5561
100000003134550100,4,False,1,100000.0,1,0,0.0,0,0.0,True,False,0,8,0.0,1,1,0.0002988459392483642,0.0,0,boundary,0.9,"Граница выгрузки: 4-е колено, исходящие не выгружались. Получил 100 тыс ₸ от 1; роль не определить без доп. выгрузки",3,0.27,0.5798487544483986,0.8387455516014235,0.3715524911032029,0.5203
100000001957974100,4,False,1,500000.0,1,0,0.0,0,0.0,True,False,0,7,0.0,1,1,0.00032013746769043517,0.0,0,boundary,0.9,"Граница выгрузки: 4-е колено, исходящие не выгружались. Получил 500 тыс ₸ от 1; роль не определить без доп. выгрузки",14,0.27,0.8643238434163701,0.5433718861209964,0.46363434163701067,0.5576
100000001246806100,4,False,1,130000.0,1,0,0.0,0,0.0,True,False,0,9,0.0,1,1,0.0005329767614424807,0.0,0,boundary,0.9,"Граница выгрузки: 4-е колено, исходящие не выгружались. Получил 130 тыс ₸ от 1; роль не определить без доп. выгрузки",3,0.27,0.6256672597864769,0.9094750889679716,0.5979759786476868,0.6071
100000003622955100,4,False,1,15000.0,1,0,0.0,0,0.0,True,False,0,11,0.0,1,1,0.001334263775828019,0.0,0,boundary,0.9,"Граница выгрузки: 4-е колено, исходящие не выгружались. Получил 15 тыс ₸ от 1; роль не определить без доп. выгрузки",13,0.27,0.13856761565836298,0.9922153024911032,0.6764902135231317,0.4975
100000003692843100,4,False,1,510000.0,2,0,0.0,0,0.0,True,False,0,7,0.0,1,2,0.0005294957412060607,0.0,0,boundary,0.9,"Граница выгрузки: 4-е колено, исходящие не выгружались. Получил 510 тыс ₸ от 1; роль не определить без доп. выгрузки",2,0.27,0.8674377224199288,0.5433718861209964,0.5890791814946619,0.5893
100000008629504100,4,False,1,20000.0,1,0,0.0,0,0.0,True,False,0,7,0.0,1,1,0.00030201034173378495,0.0,0,boundary,0.9,"Граница выгрузки: 4-е колено, исходящие не выгружались. Получил 20 тыс ₸ от 1; роль не определить без доп. выгрузки",1,0.27,0.20462633451957296,0.5433718861209964,0.39557384341637014,0.339
100000005621418100,4,False,1,30000.0,1,0,0.0,0,0.0,True,False,0,7,0.0,1,1,0.00030782638639647333,0.0,0,boundary,0.9,"Граница выгрузки: 4-е колено, исходящие не выгружались. Получил 30 тыс ₸ от 1; роль не определить без доп. выгрузки",26,0.27,0.3082740213523132,0.5433718861209964,0.42137455516014233,0.3771
100000004167082100,4,False,1,13300.0,1,0,0.0,0,0.0,True,False,0,7,0.0,1,1,0.00038491480925942914,0.0,0,boundary,0.9,"Граница выгрузки: 4-е колено, исходящие не выгружались. Получил 13 тыс ₸ от 1; роль не определить без доп. выгрузки",4,0.27,0.11854982206405694,0.5433718861209964,0.5336966192170819,0.3465
100000004379306100,4,False,1,15000.0,1,0,0.0,0,0.0,True,False,0,7,0.0,1,1,0.0005320511103436067,0.0,0,boundary,0.9,"Граница выгрузки: 4-е колено, исходящие не выгружались. Получил 15 тыс ₸ от 1; роль не определить без доп. выгрузки",1,0.27,0.13856761565836298,0.5433718861209964,0.5966414590747331,0.368
100000004856746100,4,False,1,20000.0,1,0,0.0,0,0.0,True,False,0,7,0.0,1,1,0.0003000473060624518,0.0,0,boundary,0.9,"Граница выгрузки: 4-е колено, исходящие не выгружались. Получил 20 тыс ₸ от 1; роль не определить без доп. выгрузки",22,0.27,0.20462633451957296,0.5433718861209964,0.382673487544484,0.3359
100000004891562100,4,False,1,103400.0,1,0,0.0,0,0.0,True,False,0,1,0.0,1,1,0.0003409037645591223,0.0,0,boundary,0.9,"Граница выгрузки: 4-е колено, исходящие не выгружались. Получил 103 тыс ₸ от 1; роль не определить без доп. выгрузки",11,0.27,0.5894128113879004,0.14768683274021352,0.49610765124555156,0.3845
100000007042175100,4,False,1,60000.0,1,0,0.0,0,0.0,True,False,0,7,0.0,1,1,0.0005340058628254453,0.0,0,boundary,0.9,"Граница выгрузки: 4-е колено, исходящие не выгружались. Получил 60 тыс ₸ от 1; роль не определить без доп. выгрузки",10,0.27,0.474644128113879,0.5433718861209964,0.6008674377224199,0.472
100000002670463100,4,False,1,31500.0,1,0,0.0,0,0.0,True,False,0,1,0.0,1,1,0.0003024265071357405,0.0,0,boundary,0.9,"Граница выгрузки: 4-е колено, исходящие не выгружались. Получил 32 тыс ₸ от 1; роль не определить без доп. выгрузки",11,0.27,0.3238434163701068,0.14768683274021352,0.39735320284697506,0.279
100000005567828100,4,False,1,94000.0,1,0,0.0,0,0.0,True,False,0,7,0.0,1,1,0.0003207562214579207,0.0,0,boundary,0.9,"Граница выгрузки: 4-е колено, исходящие не выгружались. Получил 94 тыс ₸ от 1; роль не определить без доп. выгрузки",9,0.27,0.5611654804270463,0.5433718861209964,0.4649688612099644,0.4652
100000004200745100,4,False,1,130000.0,4,0,0.0,0,0.0,True,False,0,9,0.0,1,4,0.0006010148962169087,0.0,0,boundary,0.9,"Граница выгрузки: 4-е колено, исходящие не выгружались. Получил 130 тыс ₸ от 1; роль не определить без доп. выгрузки",12,0.27,0.6256672597864769,0.9094750889679716,0.6337855871886121,0.6159
100000003989033100,4,False,1,373400.0,13,0,0.0,0,0.0,True,False,0,1,0.0,1,12,0.0005989171063455111,0.0,0,boundary,0.9,"Граница выгрузки: 4-е колено, исходящие не выгружались. Получил 373 тыс ₸ от 1; роль не определить без доп. выгрузки",9,0.27,0.8131672597864769,0.14768683274021352,0.6328959074733096,0.4865
100000005146665100,4,False,1,5500.0,1,0,0.0,0,0.0,True,False,0,7,0.0,1,1,0.00028645375249411193,0.0,0,boundary,0.9,"Граница выгрузки: 4-е колено, исходящие не выгружались. Получил 6 тыс ₸ от 1; роль не определить без доп. выгрузки",14,0.27,0.029804270462633453,0.5433718861209964,0.20851868327402134,0.2397
100000003096787100,4,False,1,16400.0,1,0,0.0,0,0.0,True,False,0,7,0.0,1,1,0.00029170829003374117,0.0,0,boundary,0.9,"Граница выгрузки: 4-е колено, исходящие не выгружались. Получил 16 тыс ₸ от 1; роль не определить без доп. выгрузки",9,0.27,0.16169928825622776,0.5433718861209964,0.30415925266903915,0.3035
100000003074515100,4,False,1,105000.0,1,0,0.0,0,0.0,True,False,0,8,0.0,1,1,0.00029938285450538176,0.0,0,boundary,0.9,"Граница выгрузки: 4-е колено, исходящие не выгружались. Получил 105 тыс ₸ от 1; роль не определить без доп. выгрузки",3,0.27,0.5916370106761566,0.8387455516014235,0.37644572953736655,0.5251
100000004377043100,4,False,1,5700.0,1,0,0.0,0,0.0,True,False,0,7,0.0,1,1,0.0003635495256865643,0.0,0,boundary,0.9,"Граница выгрузки: 4-е колено, исходящие не выгружались. Получил 6 тыс ₸ от 1; роль не определить без доп. выгрузки",22,0.27,0.03202846975088968,0.5433718861209964,0.5187944839857651,0.3163
100000008680061100,4,False,1,41300.0,2,0,0.0,0,0.0,True,False,0,7,0.0,1,2,0.0003106855908070421,0.0,0,boundary,0.9,"Граница выгрузки: 4-е колено, исходящие не выгружались. Получил 41 тыс ₸ от 1; роль не определить без доп. выгрузки",4,0.27,0.3776690391459075,0.5433718861209964,0.4313834519572954,0.4008
100000008471634100,4,False,1,20000.0,1,0,0.0,0,0.0,True,False,0,7,0.0,1,1,0.0011246149928916334,0.0,0,boundary,0.9,"Граница выгрузки: 4-е колено, исходящие не выгружались. Получил 20 тыс ₸ от 1; роль не определить без доп. выгрузки",25,0.27,0.20462633451957296,0.5433718861209964,0.6711521352313168,0.4065
100000002119762100,4,False,1,77000.0,6,0,0.0,0,0.0,True,False,0,7,0.0,1,3,0.0005295245957280118,0.0,0,boundary,0.9,"Граница выгрузки: 4-е колено, исходящие не выгружались. Получил 77 тыс ₸ от 1; роль не определить без доп. выгрузки",6,0.27,0.5171263345195729,0.5433718861209964,0.5893016014234875,0.4821
100000008628818100,4,False,1,46310.0,1,0,0.0,0,0.0,True,False,0,7,0.0,1,1,0.00030290447081849904,0.0,0,boundary,0.9,"Граница выгрузки: 4-е колено, исходящие не выгружались. Получил 46 тыс ₸ от 1; роль не определить без доп. выгрузки",9,0.27,0.40213523131672596,0.5433718861209964,0.40024466192170816,0.4006
100000007510567100,4,False,1,52000.0,1,0,0.0,0,0.0,True,False,0,7,0.0,1,1,0.00030503440290359675,0.0,0,boundary,0.9,"Граница выгрузки: 4-е колено, исходящие не выгружались. Получил 52 тыс ₸ от 1; роль не определить без доп. выгрузки",9,0.27,0.4432829181494662,0.5433718861209964,0.40936387900355875,0.4155
100000004780327100,4,False,1,12000.0,1,0,0.0,0,0.0,True,False,0,1,0.0,1,1,0.00029199108961479553,0.0,0,boundary,0.9,"Граница выгрузки: 4-е колено, исходящие не выгружались. Получил 12 тыс ₸ от 1; роль не определить без доп. выгрузки",11,0.27,0.1045373665480427,0.14768683274021352,0.30705071174377224,0.1898
100000008376785100,4,False,1,234250.0,2,0,0.0,0,0.0,True,False,0,7,0.0,1,2,0.0005318070054641103,0.0,0,boundary,0.9,"Граница выгрузки: 4-е колено, исходящие не выгружались. Получил 234 тыс ₸ от 1; роль не определить без доп. выгрузки",6,0.27,0.7362099644128114,0.5433718861209964,0.595529359430605,0.5507
100000005745873100,4,False,1,223000.0,1,0,0.0,0,0.0,True,False,0,7,0.0,1,1,0.0003163211975392906,0.0,0,boundary,0.9,"Граница выгрузки: 4-е колено, исходящие не выгружались. Получил 223 тыс ₸ от 1; роль не определить без доп. выгрузки",10,0.27,0.7277580071174378,0.5433718861209964,0.45184608540925264,0.5129
100000002594214100,4,False,1,1000000.0,1,0,0.0,0,0.0,True,False,0,7,0.0,1,1,0.00036705924336221985,0.0,0,boundary,0.9,"Граница выгрузки: 4-е колено, исходящие не выгружались. Получил 1,0 млн ₸ от 1; роль не определить без доп. выгрузки",6,0.27,0.9268238434163701,0.5433718861209964,0.5225756227758007,0.5912
100000001299323100,4,False,1,109000.0,1,0,0.0,0,0.0,True,False,0,8,0.0,1,1,0.0002999090853734995,0.0,0,boundary,0.9,"Граница выгрузки: 4-е колено, исходящие не выгружались. Получил 109 тыс ₸ от 1; роль не определить без доп. выгрузки",3,0.27,0.5971975088967971,0.8387455516014235,0.3813389679715302,0.5281
100000003838587100,4,False,1,6000.0,1,0,0.0,0,0.0,True,False,0,7,0.0,1,1,0.0005550324069085224,0.0,0,boundary,0.9,"Граница выгрузки: 4-е колено, исходящие не выгружались. Получил 6 тыс ₸ от 1; роль не определить без доп. выгрузки",14,0.27,0.03536476868327402,0.5433718861209964,0.6197731316725978,0.3421
100000000673915100,4,False,1,20200.0,1,0,0.0,0,0.0,True,False,0,7,0.0,1,1,0.0002875765133018172,0.0,0,boundary,0.9,"Граница выгрузки: 4-е колено, исходящие не выгружались. Получил 20 тыс ₸ от 1; роль не определить без доп. выгрузки",6,0.27,0.2168594306049822,0.5433718861209964,0.22586743772241993,0.3012
100000003061115100,4,False,1,45000.0,1,0,0.0,0,0.0,True,False,0,7,0.0,1,1,0.0005339039923107205,0.0,0,boundary,0.9,"Граница выгрузки: 4-е колено, исходящие не выгружались. Получил 45 тыс ₸ от 1; роль не определить без доп. выгрузки",1,0.27,0.39524021352313166,0.5433718861209964,0.6006450177935944,0.4476
100000004326224100,4,False,1,60000.0,1,0,0.0,0,0.0,True,False,0,7,0.0,1,1,0.0005348779091078309,0.0,0,boundary,0.9,"Граница выгрузки: 4-е колено, исходящие не выгружались. Получил 60 тыс ₸ от 1; роль не определить без доп. выгрузки",6,0.27,0.474644128113879,0.5433718861209964,0.6017571174377224,0.4722
100000004988240100,4,False,1,20000.0,1,0,0.0,0,0.0,True,False,0,7,0.0,1,1,0.0005299271891403068,0.0,0,boundary,0.9,"Граница выгрузки: 4-е колено, исходящие не выгружались. Получил 20 тыс ₸ от 1; роль не определить без доп. выгрузки",10,0.27,0.20462633451957296,0.5433718861209964,0.5899688612099644,0.3866
100000008525136100,4,False,1,14100.0,1,0,0.0,0,0.0,True,False,0,7,0.0,1,1,0.0002885216550484359,0.0,0,boundary,0.9,"Граница выгрузки: 4-е колено, исходящие не выгружались. Получил 14 тыс ₸ от 1; роль не определить без доп. выгрузки",4,0.27,0.12677935943060498,0.5433718861209964,0.24477313167259787,0.2782
100000001991973100,4,False,1,20800.0,1,0,0.0,0,0.0,True,False,0,1,0.0,1,1,0.00029670040623963227,0.0,0,boundary,0.9,"Граница выгрузки: 4-е колено, исходящие не выгружались. Получил 21 тыс ₸ от 1; роль не определить без доп. выгрузки",11,0.27,0.21930604982206406,0.14768683274021352,0.35820729537366547,0.2374
100000004569637100,4,False,1,5500.0,1,0,0.0,0,0.0,True,False,0,7,0.0,1,1,0.0005531603067223192,0.0,0,boundary,0.9,"Граница выгрузки: 4-е колено, исходящие не выгружались. Получил 6 тыс ₸ от 1; роль не определить без доп. выгрузки",1,0.27,0.029804270462633453,0.5433718861209964,0.6186610320284698,0.3401
100000008675322100,4,False,1,340000.0,4,0,0.0,0,0.0,True,False,0,7,0.0,1,4,0.0003193541698974364,0.0,0,boundary,0.9,"Граница выгрузки: 4-е колено, исходящие не выгружались. Получил 340 тыс ₸ от 1; роль не определить без доп. выгрузки",6,0.27,0.796040925266904,0.5433718861209964,0.46096530249110323,0.5361
100000004235471100,4,False,1,180000.0,1,0,0.0,0,0.0,True,False,0,7,0.0,1,1,0.00034861353029746133,0.0,0,boundary,0.9,"Граница выгрузки: 4-е колено, исходящие не выгружались. Получил 180 тыс ₸ от 1; роль не определить без доп. выгрузки",6,0.27,0.6886120996441281,0.5433718861209964,0.5043371886120996,0.5138
100000003194831100,4,False,1,6265.0,1,0,0.0,0,0.0,True,False,0,1,0.0,1,1,0.00029082672336293444,0.0,0,boundary,0.9,"Граница выгрузки: 4-е колено, исходящие не выгружались. Получил 6 тыс ₸ от 1; роль не определить без доп. выгрузки",9,0.27,0.03959074733096085,0.14768683274021352,0.2897019572953737,0.1656
100000008588665100,4,False,1,25000.0,1,0,0.0,0,0.0,True,False,0,7,0.0,1,1,0.0003524909066556901,0.0,0,boundary,0.9,"Граница выгрузки: 4-е колено, исходящие не выгружались. Получил 25 тыс ₸ от 1; роль не определить без доп. выгрузки",1,0.27,0.26045373665480426,0.5433718861209964,0.5076734875444839,0.3836
100000003230329100,4,False,1,110000.0,1,0,0.0,0,0.0,True,False,0,8,0.0,1,1,0.00030004064309052897,0.0,0,boundary,0.9,"Граница выгрузки: 4-е колено, исходящие не выгружались. Получил 110 тыс ₸ от 1; роль не определить без доп. выгрузки",3,0.27,0.5991992882562278,0.8387455516014235,0.3824510676156584,0.5289
100000002217806100,4,False,1,55000.0,2,0,0.0,0,0.0,True,False,0,7,0.0,1,2,0.0004637601733272149,0.0,0,boundary,0.9,"Граница выгрузки: 4-е колено, исходящие не выгружались. Получил 55 тыс ₸ от 1; роль не определить без доп. выгрузки",2,0.27,0.45951957295373663,0.5433718861209964,0.5672820284697508,0.4591
100000004041294100,4,False,1,17800.0,2,0,0.0,0,0.0,True,False,0,7,0.0,1,1,0.0003008542855735774,0.0,0,boundary,0.9,"Граница выгрузки: 4-е колено, исходящие не выгружались. Получил 18 тыс ₸ от 1; роль не определить без доп. выгрузки",25,0.27,0.17927046263345195,0.5433718861209964,0.38912366548042704,0.3297
100000008583971100,4,False,2,51000.0,2,0,0.0,0,0.0,True,False,0,7,0.0,1,2,0.00032971602313587925,0.0,0,boundary,0.9,"Граница выгрузки: 4-е колено, исходящие не выгружались. Получил 51 тыс ₸ от 2; роль не определить без доп. выгрузки",1,0.27,0.4388345195729537,0.5433718861209964,0.4792037366548043,0.4312
100000008251939100,4,False,1,44360.0,1,0,0.0,0,0.0,True,False,0,7,0.0,1,1,0.00030217452924276257,0.0,0,boundary,0.9,"Граница выгрузки: 4-е колено, исходящие не выгружались. Получил 44 тыс ₸ от 1; роль не определить без доп. выгрузки",9,0.27,0.3879003558718861,0.5433718861209964,0.3964635231316726,0.3953
100000004049912100,4,False,1,10000.0,1,0,0.0,0,0.0,True,False,0,7,0.0,1,1,0.0003245564257590689,0.0,0,boundary,0.9,"Граница выгрузки: 4-е колено, исходящие не выгружались. Получил 10 тыс ₸ от 1; роль не определить без доп. выгрузки",18,0.27,0.07873665480427046,0.5433718861209964,0.4720862989323843,0.3192
100000002227960100,4,False,1,10000.0,1,0,0.0,0,0.0,True,False,0,7,0.0,1,1,0.00029943768321597685,0.0,0,boundary,0.9,"Граница выгрузки: 4-е колено, исходящие не выгружались. Получил 10 тыс ₸ от 1; роль не определить без доп. выгрузки",19,0.27,0.07873665480427046,0.5433718861209964,0.3774466192170819,0.296
100000008677368100,4,False,1,13500.0,1,0,0.0,0,0.0,True,False,0,7,0.0,1,1,0.0005340288694748735,0.0,0,boundary,0.9,"Граница выгрузки: 4-е колено, исходящие не выгружались. Получил 14 тыс ₸ от 1; роль не определить без доп. выгрузки",18,0.27,0.11966192170818506,0.5433718861209964,0.6010898576512456,0.3633
100000008631800100,4,False,1,12850.0,1,0,0.0,0,0.0,True,False,0,1,0.0,1,1,0.00029244596678878543,0.0,0,boundary,0.9,"Граница выгрузки: 4-е колено, исходящие не выгружались. Получил 13 тыс ₸ от 1; роль не определить без доп. выгрузки",11,0.27,0.11387900355871886,0.14768683274021352,0.3141681494661922,0.1944
100000003220685100,4,False,1,1306000.0,2,0,0.0,0,0.0,True,False,0,7,0.0,1,1,0.0005375987236644607,0.0,0,boundary,0.9,"Граница выгрузки: 4-е колено, исходящие не выгружались. Получил 1,3 млн ₸ от 1; роль не определить без доп. выгрузки",6,0.27,0.9421708185053381,0.5433718861209964,0.6044261565836299,0.616
100000003072205100,4,False,2,163000.0,2,0,0.0,0,0.0,True,False,0,8,0.0,2,1,0.0003189739255881063,0.0,0,boundary,0.9,"Граница выгрузки: 4-е колено, исходящие не выгружались. Получил 163 тыс ₸ от 2; роль не определить без доп. выгрузки",3,0.27,0.6694839857651246,0.8387455516014235,0.45940836298932386,0.5693
100000001202637100,4,False,1,10000.0,1,0,0.0,0,0.0,True,False,0,9,0.0,1,1,0.0005487659443752247,0.0,0,boundary,0.9,"Граница выгрузки: 4-е колено, исходящие не выгружались. Получил 10 тыс ₸ от 1; роль не определить без доп. выгрузки",15,0.27,0.07873665480427046,0.9094750889679716,0.6148798932384342,0.4438
100000002835874100,4,False,1,58700.0,1,0,0.0,0,0.0,True,False,0,8,0.0,1,1,0.00029329173220691884,0.0,0,boundary,0.9,"Граница выгрузки: 4-е колено, исходящие не выгружались. Получил 59 тыс ₸ от 1; роль не определить без доп. выгрузки",3,0.27,0.46908362989323843,0.8387455516014235,0.32395462633451955,0.4748
100000002707106100,4,False,1,15000.0,2,0,0.0,0,0.0,True,False,0,7,0.0,1,2,0.00028660633942148524,0.0,0,boundary,0.9,"Граница выгрузки: 4-е колено, исходящие не выгружались. Получил 15 тыс ₸ от 1; роль не определить без доп. выгрузки",14,0.27,0.13856761565836298,0.5433718861209964,0.21074288256227758,0.2735
100000008343415100,4,False,1,100000.0,3,0,0.0,0,0.0,True,False,0,7,0.0,1,1,0.0004339920196479948,0.0,0,boundary,0.9,"Граница выгрузки: 4-е колено, исходящие не выгружались. Получил 100 тыс ₸ от 1; роль не определить без доп. выгрузки",21,0.27,0.5798487544483986,0.5433718861209964,0.5594973309608541,0.494
100000004981068100,4,False,1,10000.0,1,0,0.0,0,0.0,True,False,0,7,0.0,1,1,0.0003788472368268382,0.0,0,boundary,0.9,"Граница выгрузки: 4-е колено, исходящие не выгружались. Получил 10 тыс ₸ от 1; роль не определить без доп. выгрузки",4,0.27,0.07873665480427046,0.5433718861209964,0.5308051601423488,0.3336
100000004241142100,4,False,1,27102.0,1,0,0.0,0,0.0,True,False,0,7,0.0,1,1,0.0005301329725055737,0.0,0,boundary,0.9,"Граница выгрузки: 4-е колено, исходящие не выгружались. Получил 27 тыс ₸ от 1; роль не определить без доп. выгрузки",10,0.27,0.2878113879003559,0.5433718861209964,0.5906361209964412,0.4123
100000008190411100,4,False,1,198450.0,12,0,0.0,0,0.0,True,False,0,7,0.0,1,9,0.0004241348636842565,0.0,0,boundary,0.9,"Граница выгрузки: 4-е колено, исходящие не выгружались. Получил 198 тыс ₸ от 1; роль не определить без доп. выгрузки",29,0.27,0.7050711743772242,0.5433718861209964,0.5537144128113879,0.531
100000008699083100,4,False,1,238500.0,1,0,0.0,0,0.0,True,False,0,8,0.0,1,1,0.00030640170893457883,0.0,0,boundary,0.9,"Граница выгрузки: 4-е колено, исходящие не выгружались. Получил 238 тыс ₸ от 1; роль не определить без доп. выгрузки",3,0.27,0.7411032028469751,0.8387455516014235,0.41514679715302494,0.5804
100000008136608100,4,False,1,170000.0,1,0,0.0,0,0.0,True,False,0,7,0.0,1,1,0.0005643778935793362,0.0,0,boundary,0.9,"Граница выгрузки: 4-е колено, исходящие не выгружались. Получил 170 тыс ₸ от 1; роль не определить без доп. выгрузки",9,0.27,0.6817170818505338,0.5433718861209964,0.624443950177936,0.5411
100000008695157100,4,False,1,425546.0,3,0,0.0,0,0.0,True,False,0,7,0.0,1,3,0.0004975174254247276,0.0,0,boundary,0.9,"Граница выгрузки: 4-е колено, исходящие не выгружались. Получил 426 тыс ₸ от 1; роль не определить без доп. выгрузки",17,0.27,0.8340747330960854,0.5433718861209964,0.5790702846975089,0.5767
100000000369781100,4,False,1,5000.0,1,0,0.0,0,0.0,True,False,0,7,0.0,1,1,0.0005324777910582564,0.0,0,boundary,0.9,"Граница выгрузки: 4-е колено, исходящие не выгружались. Получил 5 тыс ₸ от 1; роль не определить без доп. выгрузки",6,0.27,0.01601423487544484,0.5433718861209964,0.5975311387900356,0.3307
100000003133045100,4,False,1,68000.0,1,0,0.0,0,0.0,True,False,0,7,0.0,1,1,0.00033304955989506193,0.0,0,boundary,0.9,"Граница выгрузки: 4-е колено, исходящие не выгружались. Получил 68 тыс ₸ от 1; роль не определить без доп. выгрузки",29,0.27,0.4959964412811388,0.5433718861209964,0.4845418149466192,0.45
100000002474570100,4,False,1,6750.0,1,0,0.0,0,0.0,True,False,0,1,0.0,1,1,0.0002891815541283873,0.0,0,boundary,0.9,"Граница выгрузки: 4-е колено, исходящие не выгружались. Получил 7 тыс ₸ от 1; роль не определить без доп. выгрузки",11,0.27,0.04203736654804271,0.14768683274021352,0.26012010676156583,0.1591
100000002514975100,4,False,1,17920.0,1,0,0.0,0,0.0,True,False,0,7,0.0,1,1,0.0005310425183631422,0.0,0,boundary,0.9,"Граница выгрузки: 4-е колено, исходящие не выгружались. Получил 18 тыс ₸ от 1; роль не определить без доп. выгрузки",26,0.27,0.18016014234875444,0.5433718861209964,0.5941948398576512,0.3802
100000001089055100,4,False,1,13000.0,1,0,0.0,0,0.0,True,False,0,7,0.0,1,1,0.00032930768290614026,0.0,0,boundary,0.9,"Граница выгрузки: 4-е колено, исходящие не выгружались. Получил 13 тыс ₸ от 1; роль не определить без доп. выгрузки",4,0.27,0.11543594306049822,0.5433718861209964,0.478758896797153,0.3321
100000000608031100,4,False,1,30000.0,1,0,0.0,0,0.0,True,False,0,7,0.0,1,1,0.0005386366709608574,0.0,0,boundary,0.9,"Граница выгрузки: 4-е колено, исходящие не выгружались. Получил 30 тыс ₸ от 1; роль не определить без доп. выгрузки",4,0.27,0.3082740213523132,0.5433718861209964,0.605538256227758,0.4222
100000002659103100,4,False,1,165000.0,1,0,0.0,0,0.0,True,False,0,7,0.0,1,1,0.00034971052425683584,0.0,0,boundary,0.9,"Граница выгрузки: 4-е колено, исходящие не выгружались. Получил 165 тыс ₸ от 1; роль не определить без доп. выгрузки",1,0.27,0.6737099644128114,0.5433718861209964,0.5054492882562278,0.5095
100000000733940100,4,False,1,752000.0,2,0,0.0,0,0.0,True,False,0,7,0.0,1,2,0.0004111852101832481,0.0,0,boundary,0.9,"Граница выгрузки: 4-е колено, исходящие не выгружались. Получил 752 тыс ₸ от 1; роль не определить без доп. выгрузки",28,0.27,0.902135231316726,0.5433718861209964,0.5494884341637011,0.5902
100000001537524100,4,False,1,150000.0,1,0,0.0,0,0.0,True,False,0,8,0.0,1,1,0.0002986714418382267,0.0,0,boundary,0.9,"Граница выгрузки: 4-е колено, исходящие не выгружались. Получил 150 тыс ₸ от 1; роль не определить без доп. выгрузки",3,0.27,0.650355871886121,0.8387455516014235,0.3704403914590747,0.5417
100000002971593100,4,False,1,49050.0,1,0,0.0,0,0.0,True,False,0,7,0.0,1,1,0.000530380154395715,0.0,0,boundary,0.9,"Граница выгрузки: 4-е колено, исходящие не выгружались. Получил 49 тыс ₸ от 1; роль не определить без доп. выгрузки",6,0.27,0.41837188612099646,0.5433718861209964,0.5915258007117438,0.4524
100000006918814100,4,False,1,20000.0,2,0,0.0,0,0.0,True,False,0,7,0.0,1,2,0.0003043279710896785,0.0,0,boundary,0.9,"Граница выгрузки: 4-е колено, исходящие не выгружались. Получил 20 тыс ₸ от 1; роль не определить без доп. выгрузки",4,0.27,0.20462633451957296,0.5433718861209964,0.4071396797153025,0.3418
100000007381662100,4,False,1,11000.0,1,0,0.0,0,0.0,True,False,0,7,0.0,1,1,0.0002968339281028911,0.0,0,boundary,0.9,"Граница выгрузки: 4-е колено, исходящие не выгружались. Получил 11 тыс ₸ от 1; роль не определить без доп. выгрузки",18,0.27,0.09830960854092527,0.5433718861209964,0.35887455516014233,0.2975
100000003199390100,4,False,1,260000.0,1,0,0.0,0,0.0,True,False,0,7,0.0,1,1,0.0003766331907775371,0.0,0,boundary,0.9,"Граница выгрузки: 4-е колено, исходящие не выгружались. Получил 260 тыс ₸ от 1; роль не определить без доп. выгрузки",6,0.27,0.7562277580071174,0.5433718861209964,0.5290258007117438,0.5406
100000007749747100,4,False,1,50000.0,1,0,0.0,0,0.0,True,False,0,8,0.0,1,1,0.000443621967101852,0.0,0,boundary,0.9,"Граница выгрузки: 4-е колено, исходящие не выгружались. Получил 50 тыс ₸ от 1; роль не определить без доп. выгрузки",3,0.27,0.42838078291814946,0.8387455516014235,0.563056049822064,0.5209
100000003447411100,4,False,1,302000.0,3,0,0.0,0,0.0,True,False,0,7,0.0,1,3,0.000305818442968074,0.0,0,boundary,0.9,"Граница выгрузки: 4-е колено, исходящие не выгружались. Получил 302 тыс ₸ от 1; роль не определить без доп. выгрузки",17,0.27,0.7829181494661922,0.5433718861209964,0.41247775800711745,0.5202
100000000500040100,4,False,1,20000.0,1,0,0.0,0,0.0,True,False,0,7,0.0,1,1,0.00030605044673656407,0.0,0,boundary,0.9,"Граница выгрузки: 4-е колено, исходящие не выгружались. Получил 20 тыс ₸ от 1; роль не определить без доп. выгрузки",18,0.27,0.20462633451957296,0.5433718861209964,0.41358985765124556,0.3434
100000008551752100,4,False,1,406000.0,2,0,0.0,0,0.0,True,False,0,7,0.0,1,2,0.0003415570643909764,0.0,0,boundary,0.9,"Граница выгрузки: 4-е колено, исходящие не выгружались. Получил 406 тыс ₸ от 1; роль не определить без доп. выгрузки",10,0.27,0.8274021352313167,0.5433718861209964,0.4967749110320284,0.5545
100000002876914100,4,False,1,12000.0,1,0,0.0,0,0.0,True,False,0,1,0.0,1,1,0.00029199108961479553,0.0,0,boundary,0.9,"Граница выгрузки: 4-е колено, исходящие не выгружались. Получил 12 тыс ₸ от 1; роль не определить без доп. выгрузки",11,0.27,0.1045373665480427,0.14768683274021352,0.30705071174377224,0.1898
100000004571634100,4,False,1,20000.0,1,0,0.0,0,0.0,True,False,0,8,0.0,1,1,0.0003741773489468036,0.0,0,boundary,0.9,"Граница выгрузки: 4-е колено, исходящие не выгружались. Получил 20 тыс ₸ от 1; роль не определить без доп. выгрузки",13,0.27,0.20462633451957296,0.8387455516014235,0.5268016014234875,0.4435
100000004610802100,4,False,1,241000.0,18,0,0.0,0,0.0,True,False,0,7,0.0,1,14,0.00047395222486411233,0.0,0,boundary,0.9,"Граница выгрузки: 4-е колено, исходящие не выгружались. Получил 241 тыс ₸ от 1; роль не определить без доп. выгрузки",4,0.27,0.7444395017793595,0.5433718861209964,0.5710631672597865,0.5473
100000001311175100,4,False,1,300000.0,1,0,0.0,0,0.0,True,False,0,2,0.0,1,1,0.0005315144876960898,0.0,0,boundary,0.9,"Граница выгрузки: 4-е колено, исходящие не выгружались. Получил 300 тыс ₸ от 1; роль не определить без доп. выгрузки",11,0.27,0.7784697508896797,0.28113879003558717,0.5950845195729537,0.4993
100000008740295100,4,False,1,300000.0,1,0,0.0,0,0.0,True,False,0,8,0.0,1,1,0.000325036609326122,0.0,0,boundary,0.9,"Граница выгрузки: 4-е колено, исходящие не выгружались. Получил 300 тыс ₸ от 1; роль не определить без доп. выгрузки",3,0.27,0.7784697508896797,0.8387455516014235,0.4729759786476868,0.606
100000002596039100,4,False,1,280000.0,1,0,0.0,0,0.0,True,False,0,7,0.0,1,1,0.00030434333941669245,0.0,0,boundary,0.9,"Граница выгрузки: 4-е колено, исходящие не выгружались. Получил 280 тыс ₸ от 1; роль не определить без доп. выгрузки",17,0.27,0.7662366548042705,0.5433718861209964,0.4073620996441281,0.5138
100000002126791100,4,False,1,1313000.0,3,0,0.0,0,0.0,True,False,0,9,0.0,1,3,0.000571680600606073,0.0,0,boundary,0.9,"Граница выгрузки: 4-е колено, исходящие не выгружались. Получил 1,3 млн ₸ от 1; роль не определить без доп. выгрузки",3,0.27,0.9426156583629893,0.9094750889679716,0.6264457295373665,0.7112
100000005783452100,4,False,2,286500.0,2,0,0.0,0,0.0,True,False,0,8,0.0,2,1,0.0003144185669015849,0.0,0,boundary,0.9,"Граница выгрузки: 4-е колено, исходящие не выгружались. Получил 286 тыс ₸ от 2; роль не определить без доп. выгрузки",3,0.27,0.7704626334519573,0.8387455516014235,0.44650800711743777,0.5971
100000006693788100,4,False,1,10764.0,1,0,0.0,0,0.0,True,False,0,7,0.0,1,1,0.0005320949120369108,0.0,0,boundary,0.9,"Граница выгрузки: 4-е колено, исходящие не выгружались. Получил 11 тыс ₸ от 1; роль не определить без доп. выгрузки",1,0.27,0.09564056939501779,0.5433718861209964,0.5970862989323843,0.355
100000002832753100,4,False,1,12500.0,1,0,0.0,0,0.0,True,False,0,7,0.0,1,1,0.0007555331214190867,0.0,0,boundary,0.9,"Граница выгрузки: 4-е колено, исходящие не выгружались. Получил 12 тыс ₸ от 1; роль не определить без доп. выгрузки",2,0.27,0.11120996441281139,0.5433718861209964,0.6531361209964412,0.3735
100000002981489100,4,False,1,10000.0,1,0,0.0,0,0.0,True,False,0,7,0.0,1,1,0.00028833129648364,0.0,0,boundary,0.9,"Граница выгрузки: 4-е колено, исходящие не выгружались. Получил 10 тыс ₸ от 1; роль не определить без доп. выгрузки",6,0.27,0.07873665480427046,0.5433718861209964,0.2409919928825623,0.2626
100000003084870100,4,False,1,6500.0,1,0,0.0,0,0.0,True,False,0,2,0.0,1,1,0.00034517865606512906,0.0,0,boundary,0.9,"Граница выгрузки: 4-е колено, исходящие не выгружались. Получил 6 тыс ₸ от 1; роль не определить без доп. выгрузки",11,0.27,0.04048042704626335,0.28113879003558717,0.5001112099644128,0.2501
100000002791494100,4,False,1,85860.0,1,0,0.0,0,0.0,True,False,0,7,0.0,1,1,0.00031770918329048745,0.0,0,boundary,0.9,"Граница выгрузки: 4-е колено, исходящие не выгружались. Получил 86 тыс ₸ от 1; роль не определить без доп. выгрузки",9,0.27,0.5409252669039146,0.5433718861209964,0.45607206405693945,0.4568
100000003345947100,4,False,1,79500.0,6,0,0.0,0,0.0,True,False,0,7,0.0,1,1,0.000494765923207766,0.0,0,boundary,0.9,"Граница выгрузки: 4-е колено, исходящие не выгружались. Получил 80 тыс ₸ от 1; роль не определить без доп. выгрузки",17,0.27,0.5195729537366548,0.5433718861209964,0.578403024911032,0.4802
100000002733083100,4,False,1,15200.0,1,0,0.0,0,0.0,True,False,0,7,0.0,1,1,0.00029125909521790337,0.0,0,boundary,0.9,"Граница выгрузки: 4-е колено, исходящие не выгружались. Получил 15 тыс ₸ от 1; роль не определить без доп. выгрузки",9,0.27,0.14479537366548043,0.5433718861209964,0.29859875444839856,0.2969
100000003247600100,4,False,1,58000.0,1,0,0.0,0,0.0,True,False,0,7,0.0,1,1,0.0008412090951663764,0.0,0,boundary,0.9,"Граница выгрузки: 4-е колено, исходящие не выгружались. Получил 58 тыс ₸ от 1; роль не определить без доп. выгрузки",1,0.27,0.46752669039145905,0.5433718861209964,0.6591414590747331,0.484
100000001378288100,4,False,1,268000.0,3,0,0.0,0,0.0,True,False,0,7,0.0,1,3,0.0005234508868762802,0.0,0,boundary,0.9,"Граница выгрузки: 4-е колено, исходящие не выгружались. Получил 268 тыс ₸ от 1; роль не определить без доп. выгрузки",17,0.27,0.7611209964412812,0.5433718861209964,0.5861877224199288,0.5561
100000002305477100,4,False,1,20000.0,1,0,0.0,0,0.0,True,False,0,7,0.0,1,1,0.0003133060722146628,0.0,0,boundary,0.9,"Граница выгрузки: 4-е колено, исходящие не выгружались. Получил 20 тыс ₸ от 1; роль не определить без доп. выгрузки",19,0.27,0.20462633451957296,0.5433718861209964,0.441614768683274,0.3503
100000006638021100,4,False,2,388500.0,2,0,0.0,0,0.0,True,False,0,9,0.0,2,1,0.000544485696289975,0.0,0,boundary,0.9,"Граница выгрузки: 4-е колено, исходящие не выгружались. Получил 388 тыс ₸ от 2; роль не определить без доп. выгрузки",3,0.27,0.8198398576512456,0.9094750889679716,0.6106539145907474,0.6697
100000008517061100,4,False,1,1844000.0,4,0,0.0,0,0.0,True,False,0,7,0.0,1,1,0.00041305671798624714,0.0,0,boundary,0.9,"Граница выгрузки: 4-е колено, исходящие не выгружались. Получил 1,8 млн ₸ от 1; роль не определить без доп. выгрузки",14,0.27,0.9644128113879004,0.5433718861209964,0.5508229537366548,0.6096
100000005910895100,4,False,1,5100.0,1,0,0.0,0,0.0,True,False,0,8,0.0,1,1,0.0005976000607837528,0.0,0,boundary,0.9,"Граница выгрузки: 4-е колено, исходящие не выгружались. Получил 5 тыс ₸ от 1; роль не определить без доп. выгрузки",13,0.27,0.02402135231316726,0.8387455516014235,0.6326734875444839,0.4141
100000002723439100,4,False,1,18000.0,2,0,0.0,0,0.0,True,False,0,8,0.0,1,2,0.0005526233540248644,0.0,0,boundary,0.9,"Граница выгрузки: 4-е колено, исходящие не выгружались. Получил 18 тыс ₸ от 1; роль не определить без доп. выгрузки",13,0.27,0.1834964412811388,0.8387455516014235,0.6184386120996441,0.4595
100000002320495100,4,False,1,13526.27,1,0,0.0,0,0.0,True,False,0,7,0.0,1,1,0.0005354179344206217,0.0,0,boundary,0.9,"Граница выгрузки: 4-е колено, исходящие не выгружались. Получил 14 тыс ₸ от 1; роль не определить без доп. выгрузки",6,0.27,0.1201067615658363,0.5433718861209964,0.6026467971530249,0.3639
100000002229615100,4,False,1,25000.0,1,0,0.0,0,0.0,True,False,0,7,0.0,1,1,0.0007184983881728359,0.0,0,boundary,0.9,"Граница выгрузки: 4-е колено, исходящие не выгружались. Получил 25 тыс ₸ от 1; роль не определить без доп. выгрузки",19,0.27,0.26045373665480426,0.5433718861209964,0.6500222419928826,0.4184
100000008327791100,4,False,1,11000.0,1,0,0.0,0,0.0,True,False,0,7,0.0,1,1,0.0005367685704661637,0.0,0,boundary,0.9,"Граница выгрузки: 4-е колено, исходящие не выгружались. Получил 11 тыс ₸ от 1; роль не определить без доп. выгрузки",4,0.27,0.09830960854092527,0.5433718861209964,0.603758896797153,0.3574
100000002208836100,4,False,1,90000.0,1,0,0.0,0,0.0,True,False,0,7,0.0,1,1,0.0003298185449195238,0.0,0,boundary,0.9,"Граница выгрузки: 4-е колено, исходящие не выгружались. Получил 90 тыс ₸ от 1; роль не определить без доп. выгрузки",6,0.27,0.5513790035587188,0.5433718861209964,0.47942615658362986,0.4657
100000001724740100,4,False,1,185000.0,4,0,0.0,0,0.0,True,False,0,9,0.0,1,2,0.0005364804152149869,0.0,0,boundary,0.9,"Граница выгрузки: 4-е колено, исходящие не выгружались. Получил 185 тыс ₸ от 1; роль не определить без доп. выгрузки",3,0.27,0.6923932384341637,0.9094750889679716,0.6033140569395018,0.6289
100000004386286100,4,False,1,12500.0,1,0,0.0,0,0.0,True,False,0,9,0.0,1,1,0.0005972866869113222,0.0,0,boundary,0.9,"Граница выгрузки: 4-е колено, исходящие не выгружались. Получил 12 тыс ₸ от 1; роль не определить без доп. выгрузки",12,0.27,0.11120996441281139,0.9094750889679716,0.6324510676156584,0.4581
100000001714883100,4,False,1,6900.0,1,0,0.0,0,0.0,True,False,0,1,0.0,1,1,0.00028926182657085605,0.0,0,boundary,0.9,"Граница выгрузки: 4-е колено, исходящие не выгружались. Получил 7 тыс ₸ от 1; роль не определить без доп. выгрузки",11,0.27,0.04314946619217082,0.14768683274021352,0.2627891459074733,0.1601
100000008337304100,4,False,1,105465.0,2,0,0.0,0,0.0,True,False,0,7,0.0,1,1,0.00035426504692391266,0.0,0,boundary,0.9,"Граница выгрузки: 4-е колено, исходящие не выгружались. Получил 105 тыс ₸ от 1; роль не определить без доп. выгрузки",40,0.27,0.5925266903914591,0.5433718861209964,0.5090080071174378,0.4855
100000000655469100,4,False,1,20000.0,2,0,0.0,0,0.0,True,False,0,7,0.0,1,2,0.0003454311507267085,0.0,0,boundary,0.9,"Граница выгрузки: 4-е колено, исходящие не выгружались. Получил 20 тыс ₸ от 1; роль не определить без доп. выгрузки",19,0.27,0.20462633451957296,0.5433718861209964,0.5003336298932385,0.3647
100000008722541100,4,False,1,280000.0,4,0,0.0,0,0.0,True,False,0,7,0.0,1,4,0.000383638105897556,0.0,0,boundary,0.9,"Граница выгрузки: 4-е колено, исходящие не выгружались. Получил 280 тыс ₸ от 1; роль не определить без доп. выгрузки",6,0.27,0.7662366548042705,0.5433718861209964,0.5325845195729537,0.5445
100000004222274100,4,False,1,15500.0,1,0,0.0,0,0.0,True,False,0,7,0.0,1,1,0.0005454170226679215,0.0,0,boundary,0.9,"Граница выгрузки: 4-е колено, исходящие не выгружались. Получил 16 тыс ₸ от 1; роль не определить без доп. выгрузки",4,0.27,0.1472419928825623,0.5433718861209964,0.6113211743772242,0.3743
100000006232642100,4,False,1,456000.0,4,0,0.0,0,0.0,True,False,0,7,0.0,1,4,0.00042785609111614025,0.0,0,boundary,0.9,"Граница выгрузки: 4-е колено, исходящие не выгружались. Получил 456 тыс ₸ от 1; роль не определить без доп. выгрузки",33,0.27,0.8469750889679716,0.5433718861209964,0.5557161921708185,0.5749
100000004066370100,4,False,1,65000.0,2,0,0.0,0,0.0,True,False,0,1,0.0,1,2,0.0005893461583954324,0.0,0,boundary,0.9,"Граница выгрузки: 4-е колено, исходящие не выгружались. Получил 65 тыс ₸ от 1; роль не определить без доп. выгрузки",32,0.27,0.4875444839857651,0.14768683274021352,0.6306717081850534,0.3863
100000005685783100,4,False,1,26150.0,1,0,0.0,0,0.0,True,False,0,1,0.0,1,1,0.0005320610913052177,0.0,1,boundary,0.9,"Граница выгрузки: 4-е колено, исходящие не выгружались. Получил 26 тыс ₸ от 1; роль не определить без доп. выгрузки",7,0.27,0.2749110320284697,0.14768683274021352,0.5968638790035588,0.3129
100000006171671100,4,False,1,10000.0,1,0,0.0,0,0.0,True,False,0,7,0.0,1,1,0.0005290656990407927,0.0,0,boundary,0.9,"Граница выгрузки: 4-е колено, исходящие не выгружались. Получил 10 тыс ₸ от 1; роль не определить без доп. выгрузки",10,0.27,0.07873665480427046,0.5433718861209964,0.588411921708185,0.3477
100000003481025100,4,False,1,9000.0,1,0,0.0,0,0.0,True,False,0,7,0.0,1,1,0.0005310260909453555,0.0,0,boundary,0.9,"Граница выгрузки: 4-е колено, исходящие не выгружались. Получил 9 тыс ₸ от 1; роль не определить без доп. выгрузки",4,0.27,0.06005338078291815,0.5433718861209964,0.5939724199288257,0.3433
100000003646145100,4,False,1,5000.0,1,0,0.0,0,0.0,True,False,0,8,0.0,1,1,0.0006536813277109187,0.0,0,boundary,0.9,"Граница выгрузки: 4-е колено, исходящие не выгружались. Получил 5 тыс ₸ от 1; роль не определить без доп. выгрузки",9,0.27,0.01601423487544484,0.8387455516014235,0.6424599644128114,0.4141
100000002659265100,4,False,1,141000.0,1,0,0.0,0,0.0,True,False,0,8,0.0,1,1,0.00031969973198944335,0.0,0,boundary,0.9,"Граница выгрузки: 4-е колено, исходящие не выгружались. Получил 141 тыс ₸ от 1; роль не определить без доп. выгрузки",3,0.27,0.6376779359430605,0.8387455516014235,0.4625222419928826,0.5603
100000003289281100,4,False,1,40000.0,1,0,0.0,0,0.0,True,False,0,7,0.0,1,1,0.0005967179150727089,0.0,0,boundary,0.9,"Граница выгрузки: 4-е колено, исходящие не выгружались. Получил 40 тыс ₸ от 1; роль не определить без доп. выгрузки",1,0.27,0.37055160142348753,0.5433718861209964,0.6322286476868327,0.4478
100000004840086100,4,False,1,100000.0,2,0,0.0,0,0.0,True,False,0,7,0.0,1,1,0.0005391572563123895,0.0,0,boundary,0.9,"Граница выгрузки: 4-е колено, исходящие не выгружались. Получил 100 тыс ₸ от 1; роль не определить без доп. выгрузки",1,0.27,0.5798487544483986,0.5433718861209964,0.6066503558718861,0.5056
100000008554390100,4,False,1,14000.0,1,0,0.0,0,0.0,True,False,0,1,0.0,1,1,0.00029306138884771293,0.0,0,boundary,0.9,"Граница выгрузки: 4-е колено, исходящие не выгружались. Получил 14 тыс ₸ от 1; роль не определить без доп. выгрузки",11,0.27,0.12433274021352313,0.14768683274021352,0.3212855871886121,0.1993
100000004691350100,4,False,1,13300.0,1,0,0.0,0,0.0,True,False,0,7,0.0,1,1,0.0008870591048616337,0.0,0,boundary,0.9,"Граница выгрузки: 4-е колено, исходящие не выгружались. Получил 13 тыс ₸ от 1; роль не определить без доп. выгрузки",38,0.27,0.11854982206405694,0.5433718861209964,0.6629225978647687,0.3781
100000004652395100,4,False,3,101528.0,5,0,0.0,0,0.0,True,False,0,7,0.0,3,1,0.0003357067098927751,0.0,0,boundary,0.9,"Граница выгрузки: 4-е колено, исходящие не выгружались. Получил 102 тыс ₸ от 3; роль не определить без доп. выгрузки",4,0.27,0.5876334519572953,0.5433718861209964,0.4878781138790036,0.4789
100000004979264100,4,False,1,39800.0,1,0,0.0,0,0.0,True,False,0,8,0.0,1,1,0.00041137922183340155,0.0,0,boundary,0.9,"Граница выгрузки: 4-е колено, исходящие не выгружались. Получил 40 тыс ₸ от 1; роль не определить без доп. выгрузки",3,0.27,0.36743772241992884,0.8387455516014235,0.5497108540925267,0.4989
100000008074304100,4,False,1,5500.0,1,0,0.0,0,0.0,True,False,0,7,0.0,1,1,0.00033242119278309483,0.0,0,boundary,0.9,"Граница выгрузки: 4-е колено, исходящие не выгружались. Получил 6 тыс ₸ от 1; роль не определить без доп. выгрузки",6,0.27,0.029804270462633453,0.5433718861209964,0.484096975088968,0.3072
100000002227989100,4,False,1,20000.0,1,0,0.0,0,0.0,True,False,0,7,0.0,1,1,0.00039446042046132154,0.0,0,boundary,0.9,"Граница выгрузки: 4-е колено, исходящие не выгружались. Получил 20 тыс ₸ от 1; роль не определить без доп. выгрузки",19,0.27,0.20462633451957296,0.5433718861209964,0.5414813167259787,0.3747
100000003207060100,4,False,1,53000.0,1,0,0.0,0,0.0,True,False,0,7,0.0,1,1,0.00042744311258669713,0.0,0,boundary,0.9,"Граница выгрузки: 4-е колено, исходящие не выгружались. Получил 53 тыс ₸ от 1; роль не определить без доп. выгрузки",1,0.27,0.4486209964412811,0.5433718861209964,0.5552713523131673,0.4528
100000004601193100,4,False,1,84000.0,3,0,0.0,0,0.0,True,False,0,8,0.0,1,3,0.0006034150427286833,0.0,0,boundary,0.9,"Граница выгрузки: 4-е колено, исходящие не выгружались. Получил 84 тыс ₸ от 1; роль не определить без доп. выгрузки",13,0.27,0.5331405693950177,0.8387455516014235,0.6340080071174378,0.5703
100000004991593100,4,False,1,45000.0,2,0,0.0,0,0.0,True,False,0,7,0.0,1,2,0.00035489105110696656,0.0,0,boundary,0.9,"Граница выгрузки: 4-е колено, исходящие не выгружались. Получил 45 тыс ₸ от 1; роль не определить без доп. выгрузки",4,0.27,0.39524021352313166,0.5433718861209964,0.5092304270462633,0.4252
100000003128638100,4,False,1,300000.0,1,0,0.0,0,0.0,True,False,0,8,0.0,1,1,0.0003581872469239982,0.0,0,boundary,0.9,"Граница выгрузки: 4-е колено, исходящие не выгружались. Получил 300 тыс ₸ от 1; роль не определить без доп. выгрузки",3,0.27,0.7784697508896797,0.8387455516014235,0.5134564056939502,0.6159
100000005878334100,4,False,1,76400.0,2,0,0.0,0,0.0,True,False,0,7,0.0,1,2,0.0003989642564463486,0.0,0,boundary,0.9,"Граница выгрузки: 4-е колено, исходящие не выгружались. Получил 76 тыс ₸ от 1; роль не определить без доп. выгрузки",21,0.27,0.5155693950177936,0.5433718861209964,0.5441503558718861,0.4706
100000002878483100,4,False,1,6000.0,1,0,0.0,0,0.0,True,False,0,1,0.0,1,1,0.00028878019191604315,0.0,0,boundary,0.9,"Граница выгрузки: 4-е колено, исходящие не выгружались. Получил 6 тыс ₸ от 1; роль не определить без доп. выгрузки",11,0.27,0.03536476868327402,0.14768683274021352,0.2508896797153025,0.1548
100000000981693100,4,False,1,16500.0,1,0,0.0,0,0.0,True,False,0,7,0.0,1,1,0.000529081521154152,0.0,0,boundary,0.9,"Граница выгрузки: 4-е колено, исходящие не выгружались. Получил 16 тыс ₸ от 1; роль не определить без доп. выгрузки",10,0.27,0.16347864768683273,0.5433718861209964,0.5886343416370107,0.3737
100000006416061100,4,False,1,30000.0,1,0,0.0,0,0.0,True,False,0,7,0.0,1,1,0.0004348563786213132,0.0,0,boundary,0.9,"Граница выгрузки: 4-е колено, исходящие не выгружались. Получил 30 тыс ₸ от 1; роль не определить без доп. выгрузки",10,0.27,0.3082740213523132,0.5433718861209964,0.5601645907473309,0.4111
100000008168850100,4,False,1,187910.0,2,0,0.0,0,0.0,True,False,0,7,0.0,1,2,0.0005330795799856522,0.0,0,boundary,0.9,"Граница выгрузки: 4-е колено, исходящие не выгружались. Получил 188 тыс ₸ от 1; роль не определить без доп. выгрузки",6,0.27,0.6952846975088968,0.5433718861209964,0.5986432384341637,0.539
100000004747154100,4,False,1,67000.0,1,0,0.0,0,0.0,True,False,0,7,0.0,1,1,0.0003323513206939182,0.0,0,boundary,0.9,"Граница выгрузки: 4-е колено, исходящие не выгружались. Получил 67 тыс ₸ от 1; роль не определить без доп. выгрузки",29,0.27,0.4942170818505338,0.5433718861209964,0.48387455516014233,0.4493
100000008524903100,4,False,1,15000.0,1,0,0.0,0,0.0,True,False,0,7,0.0,1,1,0.0003317732501869909,0.0,0,boundary,0.9,"Граница выгрузки: 4-е колено, исходящие не выгружались. Получил 15 тыс ₸ от 1; роль не определить без доп. выгрузки",10,0.27,0.13856761565836298,0.5433718861209964,0.4829848754448398,0.3402
100000005049404100,4,False,1,98000.0,2,0,0.0,0,0.0,True,False,0,7,0.0,1,2,0.0003126369164275119,0.0,0,boundary,0.9,"Граница выгрузки: 4-е колено, исходящие не выгружались. Получил 98 тыс ₸ от 1; роль не определить без доп. выгрузки",6,0.27,0.5729537366548043,0.5433718861209964,0.4387233096085409,0.4623
100000002258492100,4,False,1,9000.0,1,0,0.0,0,0.0,True,False,0,8,0.0,1,1,0.0005401265380892354,0.0,0,boundary,0.9,"Граница выгрузки: 4-е колено, исходящие не выгружались. Получил 9 тыс ₸ от 1; роль не определить без доп. выгрузки",16,0.27,0.06005338078291815,0.8387455516014235,0.6083185053380783,0.4192
100000005497148100,4,False,1,24000.0,2,0,0.0,0,0.0,True,False,0,7,0.0,1,2,0.0004900139425044355,0.0,0,boundary,0.9,"Граница выгрузки: 4-е колено, исходящие не выгружались. Получил 24 тыс ₸ от 1; роль не определить без доп. выгрузки",6,0.27,0.24822064056939502,0.5433718861209964,0.5768460854092526,0.3968
100000004596284100,4,False,1,30000.0,1,0,0.0,0,0.0,True,False,0,7,0.0,1,1,0.0005914888430857142,0.0,0,boundary,0.9,"Граница выгрузки: 4-е колено, исходящие не выгружались. Получил 30 тыс ₸ от 1; роль не определить без доп. выгрузки",2,0.27,0.3082740213523132,0.5433718861209964,0.6311165480427047,0.4284
100000007960337100,4,False,1,35500.0,1,0,0.0,0,0.0,True,False,0,7,0.0,1,1,0.00030276808937766193,0.0,0,boundary,0.9,"Граница выгрузки: 4-е колено, исходящие не выгружались. Получил 36 тыс ₸ от 1; роль не определить без доп. выгрузки",17,0.27,0.34786476868327404,0.5433718861209964,0.39979982206405695,0.3839
100000003180305100,4,False,1,144000.0,1,0,0.0,0,0.0,True,False,0,7,0.0,1,1,0.0005280565512084164,0.0,0,boundary,0.9,"Граница выгрузки: 4-е колено, исходящие не выгружались. Получил 144 тыс ₸ от 1; роль не определить без доп. выгрузки",10,0.27,0.6405693950177936,0.5433718861209964,0.5870774021352313,0.5194
100000007653094100,4,False,1,16000.0,1,0,0.0,0,0.0,True,False,0,7,0.0,1,1,0.0005754742432917503,0.0,0,boundary,0.9,"Граница выгрузки: 4-е колено, исходящие не выгружались. Получил 16 тыс ₸ от 1; роль не определить без доп. выгрузки",1,0.27,0.15769572953736655,0.5433718861209964,0.6273354092526691,0.3814
100000008175078100,4,False,1,1846711.0,15,0,0.0,0,0.0,True,False,0,7,0.0,1,8,0.00046907194584128284,0.0,0,boundary,0.9,"Граница выгрузки: 4-е колено, исходящие не выгружались. Получил 1,8 млн ₸ от 1; роль не определить без доп. выгрузки",6,0.27,0.9648576512455516,0.5433718861209964,0.5695062277580071,0.6144
100000004263867100,4,False,1,9000.0,1,0,0.0,0,0.0,True,False,0,1,0.0,1,1,0.00029038564076541934,0.0,0,boundary,0.9,"Граница выгрузки: 4-е колено, исходящие не выгружались. Получил 9 тыс ₸ от 1; роль не определить без доп. выгрузки",11,0.27,0.06005338078291815,0.14768683274021352,0.28269572953736655,0.1702
100000002194320100,4,False,1,275000.0,1,0,0.0,0,0.0,True,False,0,7,0.0,1,1,0.00048656793463182596,0.0,0,boundary,0.9,"Граница выгрузки: 4-е колено, исходящие не выгружались. Получил 275 тыс ₸ от 1; роль не определить без доп. выгрузки",2,0.27,0.7631227758007118,0.5433718861209964,0.5757339857651246,0.5541
100000001222245100,4,False,1,420000.0,5,0,0.0,0,0.0,True,False,0,7,0.0,1,5,0.0005491629789918046,0.0,0,boundary,0.9,"Граница выгрузки: 4-е колено, исходящие не выгружались. Получил 420 тыс ₸ от 1; роль не определить без доп. выгрузки",6,0.27,0.8320729537366548,0.5433718861209964,0.615547153024911,0.585
100000008151098100,4,False,1,30000.0,1,0,0.0,0,0.0,True,False,0,7,0.0,1,1,0.0003093477246134631,0.0,0,boundary,0.9,"Граница выгрузки: 4-е колено, исходящие не выгружались. Получил 30 тыс ₸ от 1; роль не определить без доп. выгрузки",26,0.27,0.3082740213523132,0.5433718861209964,0.4258229537366548,0.3781
100000008735802100,4,False,1,85000.0,2,0,0.0,0,0.0,True,False,0,7,0.0,1,2,0.0005087033417052578,0.0,0,boundary,0.9,"Граница выгрузки: 4-е колено, исходящие не выгружались. Получил 85 тыс ₸ от 1; роль не определить без доп. выгрузки",10,0.27,0.5375889679715302,0.5433718861209964,0.5830738434163701,0.4869
100000004047887100,4,False,1,30000.0,1,0,0.0,0,0.0,True,False,0,7,0.0,1,1,0.00028801399269163874,0.0,0,boundary,0.9,"Граница выгрузки: 4-е колено, исходящие не выгружались. Получил 30 тыс ₸ от 1; роль не определить без доп. выгрузки",6,0.27,0.3082740213523132,0.5433718861209964,0.23165035587188612,0.3306
100000003146511100,4,False,1,10000.0,1,0,0.0,0,0.0,True,False,0,7,0.0,1,1,0.000311813667487197,0.0,0,boundary,0.9,"Граница выгрузки: 4-е колено, исходящие не выгружались. Получил 10 тыс ₸ от 1; роль не определить без доп. выгрузки",4,0.27,0.07873665480427046,0.5433718861209964,0.4353870106761566,0.3102
100000007511780100,4,False,1,155000.0,2,0,0.0,0,0.0,True,False,0,7,0.0,1,2,0.0005577703986813199,0.0,0,boundary,0.9,"Граница выгрузки: 4-е колено, исходящие не выгружались. Получил 155 тыс ₸ от 1; роль не определить без доп. выгрузки",4,0.27,0.6619217081850534,0.5433718861209964,0.6217749110320284,0.5344
100000007867364100,4,False,1,41852.0,1,0,0.0,0,0.0,True,False,0,7,0.0,1,1,0.0004487382371459403,0.0,0,boundary,0.9,"Граница выгрузки: 4-е колено, исходящие не выгружались. Получил 42 тыс ₸ от 1; роль не определить без доп. выгрузки",18,0.27,0.38033807829181493,0.5433718861209964,0.5643905693950177,0.4341
100000006288612100,4,False,1,30805.0,3,0,0.0,0,0.0,True,False,0,7,0.0,1,3,0.0002976242451746879,0.0,0,boundary,0.9,"Граница выгрузки: 4-е колено, исходящие не выгружались. Получил 31 тыс ₸ от 1; роль не определить без доп. выгрузки",12,0.27,0.3180604982206406,0.5433718861209964,0.3646574733096085,0.3662
100000006735545100,4,False,1,5000.0,1,0,0.0,0,0.0,True,False,0,7,0.0,1,1,0.0002932717116494771,0.0,0,boundary,0.9,"Граница выгрузки: 4-е колено, исходящие не выгружались. Получил 5 тыс ₸ от 1; роль не определить без доп. выгрузки",4,0.27,0.01601423487544484,0.5433718861209964,0.32373220640569395,0.2637
100000004403641100,4,False,1,171500.0,1,0,0.0,0,0.0,True,False,0,8,0.0,1,1,0.0003005494163305608,0.0,0,boundary,0.9,"Граница выгрузки: 4-е колено, исходящие не выгружались. Получил 172 тыс ₸ от 1; роль не определить без доп. выгрузки",3,0.27,0.6837188612099644,0.8387455516014235,0.38600978647686834,0.5557
100000003370425100,4,False,1,20000.0,1,0,0.0,0,0.0,True,False,0,7,0.0,1,1,0.000647950480560365,0.0,0,boundary,0.9,"Граница выгрузки: 4-е колено, исходящие не выгружались. Получил 20 тыс ₸ от 1; роль не определить без доп. выгрузки",1,0.27,0.20462633451957296,0.5433718861209964,0.640903024911032,0.3991
100000004350094100,4,False,1,20000.0,1,0,0.0,0,0.0,True,False,0,7,0.0,1,1,0.0008939457051040855,0.0,0,boundary,0.9,"Граница выгрузки: 4-е колено, исходящие не выгружались. Получил 20 тыс ₸ от 1; роль не определить без доп. выгрузки",1,0.27,0.20462633451957296,0.5433718861209964,0.6644795373665481,0.4049
100000004911971100,4,False,1,35000.0,3,0,0.0,0,0.0,True,False,0,7,0.0,1,2,0.00028904714906671764,0.0,0,boundary,0.9,"Граница выгрузки: 4-е колено, исходящие не выгружались. Получил 35 тыс ₸ от 1; роль не определить без доп. выгрузки",6,0.27,0.34363879003558717,0.5433718861209964,0.257673487544484,0.3478
100000001202787100,4,False,2,14850.0,2,0,0.0,0,0.0,True,False,0,7,0.0,1,2,0.00035114494940795553,0.0,0,boundary,0.9,"Граница выгрузки: 4-е колено, исходящие не выгружались. Получил 15 тыс ₸ от 2; роль не определить без доп. выгрузки",4,0.27,0.13211743772241993,0.5433718861209964,0.5065613879003559,0.344
100000008469048100,4,False,1,265200.0,7,0,0.0,0,0.0,True,False,0,7,0.0,1,6,0.0005788057669614711,0.0,0,boundary,0.9,"Граница выгрузки: 4-е колено, исходящие не выгружались. Получил 265 тыс ₸ от 1; роль не определить без доп. выгрузки",1,0.27,0.7584519572953736,0.5433718861209964,0.6282250889679716,0.5655
100000002635746100,4,False,1,5300.0,1,0,0.0,0,0.0,True,False,0,1,0.0,1,1,0.0002884055871845221,0.0,0,boundary,0.9,"Граница выгрузки: 4-е колено, исходящие не выгружались. Получил 5 тыс ₸ от 1; роль не определить без доп. выгрузки",11,0.27,0.026690391459074734,0.14768683274021352,0.24254893238434164,0.1501
100000008321975100,4,False,1,5900.0,1,0,0.0,0,0.0,True,False,0,7,0.0,1,1,0.00030322854188756906,0.0,0,boundary,0.9,"Граница выгрузки: 4-е колено, исходящие не выгружались. Получил 6 тыс ₸ от 1; роль не определить без доп. выгрузки",19,0.27,0.03336298932384341,0.5433718861209964,0.40269128113879005,0.2883
100000003078839100,4,False,1,14000.0,2,0,0.0,0,0.0,True,False,0,7,0.0,1,2,0.0003147926722848661,0.0,0,boundary,0.9,"Граница выгрузки: 4-е колено, исходящие не выгружались. Получил 14 тыс ₸ от 1; роль не определить без доп. выгрузки",1,0.27,0.12433274021352313,0.5433718861209964,0.4482873665480427,0.3273
100000004006327100,4,False,1,300000.0,3,0,0.0,0,0.0,True,False,0,8,0.0,1,3,0.0005549673062458663,0.0,0,boundary,0.9,"Граница выгрузки: 4-е колено, исходящие не выгружались. Получил 300 тыс ₸ от 1; роль не определить без доп. выгрузки",3,0.27,0.7784697508896797,0.8387455516014235,0.6195507117437723,0.6419
100000007865484100,4,False,1,584600.0,2,0,0.0,0,0.0,True,False,0,7,0.0,1,2,0.00036618616723092773,0.0,0,boundary,0.9,"Граница выгрузки: 4-е колено, исходящие не выгружались. Получил 585 тыс ₸ от 1; роль не определить без доп. выгрузки",10,0.27,0.8812277580071174,0.5433718861209964,0.5214635231316725,0.577
100000005367180100,4,False,1,7700.0,1,0,0.0,0,0.0,True,False,0,7,0.0,1,1,0.0007828047220453434,0.0,0,boundary,0.9,"Граница выгрузки: 4-е колено, исходящие не выгружались. Получил 8 тыс ₸ от 1; роль не определить без доп. выгрузки",1,0.27,0.05004448398576512,0.5433718861209964,0.6546930604982206,0.3551
100000001669260100,4,False,1,500000.0,1,0,0.0,0,0.0,True,False,0,1,0.0,1,1,0.000560115378020431,0.0,0,boundary,0.9,"Граница выгрузки: 4-е колено, исходящие не выгружались. Получил 500 тыс ₸ от 1; роль не определить без доп. выгрузки",21,0.27,0.8643238434163701,0.14768683274021352,0.6231094306049823,0.4998
100000001297206100,4,False,1,6758.0,1,0,0.0,0,0.0,True,False,0,7,0.0,1,1,0.00029851097242758,0.0,0,boundary,0.9,"Граница выгрузки: 4-е колено, исходящие не выгружались. Получил 7 тыс ₸ от 1; роль не определить без доп. выгрузки",1,0.27,0.042704626334519574,0.5433718861209964,0.36932829181494664,0.283
100000002645046100,4,False,1,12000.0,1,0,0.0,0,0.0,True,False,0,1,0.0,1,1,0.00029199108961479553,0.0,0,boundary,0.9,"Граница выгрузки: 4-е колено, исходящие не выгружались. Получил 12 тыс ₸ от 1; роль не определить без доп. выгрузки",11,0.27,0.1045373665480427,0.14768683274021352,0.30705071174377224,0.1898
100000006308406100,4,False,1,183000.0,2,0,0.0,0,0.0,True,False,0,7,0.0,1,2,0.0005393608128932442,0.0,0,boundary,0.9,"Граница выгрузки: 4-е колено, исходящие не выгружались. Получил 183 тыс ₸ от 1; роль не определить без доп. выгрузки",19,0.27,0.6908362989323843,0.5433718861209964,0.6070951957295374,0.5397
100000002728246100,4,False,1,10000.0,1,0,0.0,0,0.0,True,False,0,7,0.0,1,1,0.0005386393313923881,0.0,0,boundary,0.9,"Граница выгрузки: 4-е колено, исходящие не выгружались. Получил 10 тыс ₸ от 1; роль не определить без доп. выгрузки",6,0.27,0.07873665480427046,0.5433718861209964,0.6057606761565836,0.3519
100000001590795100,4,False,1,5060.0,1,0,0.0,0,0.0,True,False,0,1,0.0,1,1,0.00028827715127657203,0.0,0,boundary,0.9,"Граница выгрузки: 4-е колено, исходящие не выгружались. Получил 5 тыс ₸ от 1; роль не определить без доп. выгрузки",11,0.27,0.023576512455516015,0.14768683274021352,0.23876779359430605,0.1483
100000006257675100,4,False,1,70000.0,2,0,0.0,0,0.0,True,False,0,7,0.0,1,1,0.0003826480172080926,0.0,0,boundary,0.9,"Граница выгрузки: 4-е колено, исходящие не выгружались. Получил 70 тыс ₸ от 1; роль не определить без доп. выгрузки",19,0.27,0.5002224199288257,0.5433718861209964,0.5319172597864769,0.4629
100000002130400100,4,False,1,10000.0,1,0,0.0,0,0.0,True,False,0,1,0.0,1,1,0.00031754580623604263,0.0,0,boundary,0.9,"Граница выгрузки: 4-е колено, исходящие не выгружались. Получил 10 тыс ₸ от 1; роль не определить без доп. выгрузки",32,0.27,0.07873665480427046,0.14768683274021352,0.4549599644128114,0.2181
100000000557536100,4,False,1,153000.0,7,0,0.0,0,0.0,True,False,0,7,0.0,1,6,0.00030077248827335636,0.0,0,boundary,0.9,"Граница выгрузки: 4-е колено, исходящие не выгружались. Получил 153 тыс ₸ от 1; роль не определить без доп. выгрузки",6,0.27,0.6581405693950177,0.5433718861209964,0.3882339857651246,0.4761
100000002689717100,4,False,1,47500.0,1,0,0.0,0,0.0,True,False,0,7,0.0,1,1,0.0003033499223442049,0.0,0,boundary,0.9,"Граница выгрузки: 4-е колено, исходящие не выгружались. Получил 48 тыс ₸ от 1; роль не определить без доп. выгрузки",9,0.27,0.4123665480427046,0.5433718861209964,0.40380338078291816,0.4046
100000005189258100,4,False,1,50000.0,1,0,0.0,0,0.0,True,False,0,7,0.0,1,1,0.00031597643294580327,0.0,0,boundary,0.9,"Граница выгрузки: 4-е колено, исходящие не выгружались. Получил 50 тыс ₸ от 1; роль не определить без доп. выгрузки",4,0.27,0.42838078291814946,0.5433718861209964,0.45140124555160144,0.4212
100000002748511100,4,False,1,20000.0,1,0,0.0,0,0.0,True,False,0,7,0.0,1,1,0.0005674892808776474,0.0,0,boundary,0.9,"Граница выгрузки: 4-е колено, исходящие не выгружались. Получил 20 тыс ₸ от 1; роль не определить без доп. выгрузки",2,0.27,0.20462633451957296,0.5433718861209964,0.6251112099644128,0.3952
100000002371892100,4,False,1,43830.0,1,0,0.0,0,0.0,True,False,0,7,0.0,1,1,0.00030653262004379635,0.0,0,boundary,0.9,"Граница выгрузки: 4-е колено, исходящие не выгружались. Получил 44 тыс ₸ от 1; роль не определить без доп. выгрузки",2,0.27,0.3856761565836299,0.5433718861209964,0.41559163701067614,0.3993
100000008130868100,4,False,1,22782.0,1,0,0.0,0,0.0,True,False,0,1,0.0,1,1,0.0004516044976627326,0.0,0,boundary,0.9,"Граница выгрузки: 4-е колено, исходящие не выгружались. Получил 23 тыс ₸ от 1; роль не определить без доп. выгрузки",11,0.27,0.23220640569395018,0.14768683274021352,0.5648354092526691,0.292
100000007153161100,4,False,1,44997.0,1,0,0.0,0,0.0,True,False,0,7,0.0,1,1,0.0005309451743246838,0.0,0,boundary,0.9,"Граница выгрузки: 4-е колено, исходящие не выгружались. Получил 45 тыс ₸ от 1; роль не определить без доп. выгрузки",10,0.27,0.3919039145907473,0.5433718861209964,0.59375,0.4449
100000002994441100,4,False,1,5000.0,1,0,0.0,0,0.0,True,False,0,7,0.0,1,1,0.0005532703163220673,0.0,0,boundary,0.9,"Граница выгрузки: 4-е колено, исходящие не выгружались. Получил 5 тыс ₸ от 1; роль не определить без доп. выгрузки",1,0.27,0.01601423487544484,0.5433718861209964,0.6188834519572953,0.336
100000001065481100,4,False,1,16000.0,2,0,0.0,0,0.0,True,False,0,7,0.0,1,2,0.00043226569249872176,0.0,0,boundary,0.9,"Граница выгрузки: 4-е колено, исходящие не выгружались. Получил 16 тыс ₸ от 1; роль не определить без доп. выгрузки",17,0.27,0.15769572953736655,0.5433718861209964,0.5586076512455516,0.3646
100000007731977100,4,False,1,50000.0,1,0,0.0,0,0.0,True,False,0,7,0.0,1,1,0.0003367721755154738,0.0,0,boundary,0.9,"Граница выгрузки: 4-е колено, исходящие не выгружались. Получил 50 тыс ₸ от 1; роль не определить без доп. выгрузки",18,0.27,0.42838078291814946,0.5433718861209964,0.488767793594306,0.4303
100000003252446100,4,False,1,108600.0,1,0,0.0,0,0.0,True,False,0,8,0.0,1,1,0.00029998773072103645,0.0,0,boundary,0.9,"Граница выгрузки: 4-е колено, исходящие не выгружались. Получил 109 тыс ₸ от 1; роль не определить без доп. выгрузки",3,0.27,0.5965302491103203,0.8387455516014235,0.38200622775800713,0.528
100000002671326100,4,False,1,1050000.0,2,0,0.0,0,0.0,True,False,0,7,0.0,1,2,0.0006294451129335774,0.0,0,boundary,0.9,"Граница выгрузки: 4-е колено, исходящие не выгружались. Получил 1,1 млн ₸ от 1; роль не определить без доп. выгрузки",29,0.27,0.9319395017793595,0.5433718861209964,0.6386788256227758,0.6212
100000005087923100,4,False,1,20000.0,1,0,0.0,0,0.0,True,False,0,1,0.0,1,1,0.0004605791647030636,0.0,0,boundary,0.9,"Граница выгрузки: 4-е колено, исходящие не выгружались. Получил 20 тыс ₸ от 1; роль не определить без доп. выгрузки",9,0.27,0.20462633451957296,0.14768683274021352,0.5663923487544484,0.2839
100000008770483100,4,False,1,5000.0,1,0,0.0,0,0.0,True,False,0,9,0.0,1,1,0.0002888920536538102,0.0,0,boundary,0.9,"Граница выгрузки: 4-е колено, исходящие не выгружались. Получил 5 тыс ₸ от 1; роль не определить без доп. выгрузки",3,0.27,0.01601423487544484,0.9094750889679716,0.25544928825622776,0.3366
100000002748040100,4,False,1,18000.0,1,0,0.0,0,0.0,True,False,0,7,0.0,1,1,0.0002923072164548583,0.0,0,boundary,0.9,"Граница выгрузки: 4-е колено, исходящие не выгружались. Получил 18 тыс ₸ от 1; роль не определить без доп. выгрузки",9,0.27,0.1834964412811388,0.5433718861209964,0.31238879003558717,0.3122
100000004800648100,4,False,1,131000.0,1,0,0.0,0,0.0,True,False,0,7,0.0,1,1,0.0003368336531012062,0.0,0,boundary,0.9,"Граница выгрузки: 4-е колено, исходящие не выгружались. Получил 131 тыс ₸ от 1; роль не определить без доп. выгрузки",12,0.27,0.626779359430605,0.5433718861209964,0.4892126334519573,0.4912
100000005025629100,4,False,1,5227.0,1,0,0.0,0,0.0,True,False,0,7,0.0,1,1,0.0003141510108848508,0.0,0,boundary,0.9,"Граница выгрузки: 4-е колено, исходящие не выгружались. Получил 5 тыс ₸ от 1; роль не определить без доп. выгрузки",6,0.27,0.025355871886120998,0.5433718861209964,0.4453959074733096,0.2963
100000000581682100,4,False,1,5000.0,1,0,0.0,0,0.0,True,False,0,7,0.0,1,1,0.0002908621872233397,0.0,0,boundary,0.9,"Граница выгрузки: 4-е колено, исходящие не выгружались. Получил 5 тыс ₸ от 1; роль не определить без доп. выгрузки",22,0.27,0.01601423487544484,0.5433718861209964,0.29036921708185054,0.2555
100000004976946100,4,False,1,246000.0,1,0,0.0,0,0.0,True,False,0,7,0.0,1,1,0.000319492918509721,0.0,0,boundary,0.9,"Граница выгрузки: 4-е колено, исходящие не выгружались. Получил 246 тыс ₸ от 1; роль не определить без доп. выгрузки",10,0.27,0.748220640569395,0.5433718861209964,0.46185498220640575,0.5217
100000000957746100,4,False,1,5300.0,1,0,0.0,0,0.0,True,False,0,7,0.0,1,1,0.00034730735985062075,0.0,0,boundary,0.9,"Граница выгрузки: 4-е колено, исходящие не выгружались. Получил 5 тыс ₸ от 1; роль не определить без доп. выгрузки",6,0.27,0.026690391459074734,0.5433718861209964,0.5030026690391459,0.3108
100000003001138100,4,False,1,30000.0,1,0,0.0,0,0.0,True,False,0,7,0.0,1,1,0.0003173266522535839,0.0,0,boundary,0.9,"Граница выгрузки: 4-е колено, исходящие не выгружались. Получил 30 тыс ₸ от 1; роль не определить без доп. выгрузки",22,0.27,0.3082740213523132,0.5433718861209964,0.45429270462633453,0.3851
100000001325618100,4,False,1,9300.0,1,0,0.0,0,0.0,True,False,0,1,0.0,1,1,0.000290546185650357,0.0,0,boundary,0.9,"Граница выгрузки: 4-е колено, исходящие не выгружались. Получил 9 тыс ₸ от 1; роль не определить без доп. выгрузки",11,0.27,0.06227758007117438,0.14768683274021352,0.2870329181494662,0.1719
100000003792647100,4,False,1,8000.0,1,0,0.0,0,0.0,True,False,0,7,0.0,1,1,0.0004002731421119268,0.0,0,boundary,0.9,"Граница выгрузки: 4-е колено, исходящие не выгружались. Получил 8 тыс ₸ от 1; роль не определить без доп. выгрузки",6,0.27,0.052713523131672595,0.5433718861209964,0.5452624555160143,0.3292
100000004107228100,4,False,1,5000.0,1,0,0.0,0,0.0,True,False,0,7,0.0,1,1,0.0002887085719064815,0.0,0,boundary,0.9,"Граница выгрузки: 4-е колено, исходящие не выгружались. Получил 5 тыс ₸ от 1; роль не определить без доп. выгрузки",10,0.27,0.01601423487544484,0.5433718861209964,0.24944395017793594,0.2455
100000003500764100,4,False,1,21000.0,1,0,0.0,0,0.0,True,False,0,7,0.0,1,1,0.0005301918184248244,0.0,0,boundary,0.9,"Граница выгрузки: 4-е колено, исходящие не выгружались. Получил 21 тыс ₸ от 1; роль не определить без доп. выгрузки",6,0.27,0.22197508896797152,0.5433718861209964,0.5910809608540926,0.3922
100000004261340100,4,False,1,48500.0,4,0,0.0,0,0.0,True,False,0,7,0.0,1,4,0.00034738504920153653,0.0,0,boundary,0.9,"Граница выгрузки: 4-е колено, исходящие не выгружались. Получил 48 тыс ₸ от 1; роль не определить без доп. выгрузки",4,0.27,0.4152580071174377,0.5433718861209964,0.5032250889679716,0.4299
100000008172721100,4,False,1,168335.0,1,0,0.0,0,0.0,True,False,0,7,0.0,1,1,0.00039521609203523213,0.0,0,boundary,0.9,"Граница выгрузки: 4-е колено, исходящие не выгружались. Получил 168 тыс ₸ от 1; роль не определить без доп. выгрузки",40,0.27,0.6788256227758007,0.5433718861209964,0.5423709964412812,0.5201
100000005079473100,4,False,1,39312.0,1,0,0.0,0,0.0,True,False,0,7,0.0,1,1,0.00032600590088597723,0.0,0,boundary,0.9,"Граница выгрузки: 4-е колено, исходящие не выгружались. Получил 39 тыс ₸ от 1; роль не определить без доп. выгрузки",17,0.27,0.3652135231316726,0.5433718861209964,0.47364323843416367,0.4073
100000004850609100,4,False,1,10000.0,1,0,0.0,0,0.0,True,False,0,7,0.0,1,1,0.00031302949674031055,0.0,0,boundary,0.9,"Граница выгрузки: 4-е колено, исходящие не выгружались. Получил 10 тыс ₸ от 1; роль не определить без доп. выгрузки",4,0.27,0.07873665480427046,0.5433718861209964,0.44005782918149466,0.3114
100000005042822100,4,False,1,1000000.0,1,0,0.0,0,0.0,True,False,0,7,0.0,1,1,0.00045261173566138284,0.0,0,boundary,0.9,"Граница выгрузки: 4-е колено, исходящие не выгружались. Получил 1,0 млн ₸ от 1; роль не определить без доп. выгрузки",28,0.27,0.9268238434163701,0.5433718861209964,0.5652802491103203,0.6017
100000002794374100,4,False,1,111000.0,1,0,0.0,0,0.0,True,False,0,9,0.0,1,1,0.0003637625168388325,0.0,0,boundary,0.9,"Граница выгрузки: 4-е колено, исходящие не выгружались. Получил 111 тыс ₸ от 1; роль не определить без доп. выгрузки",3,0.27,0.6018683274021353,0.9094750889679716,0.5192393238434164,0.5806
100000002860934100,4,False,1,279500.0,4,0,0.0,0,0.0,True,False,0,7,0.0,1,4,0.0005814420132554212,0.0,0,boundary,0.9,"Граница выгрузки: 4-е колено, исходящие не выгружались. Получил 280 тыс ₸ от 1; роль не определить без доп. выгрузки",22,0.27,0.7649021352313167,0.5433718861209964,0.6288923487544484,0.5677
100000003097947100,4,False,1,52980.0,1,0,0.0,0,0.0,True,False,0,7,0.0,1,1,0.0003200783823355938,0.0,0,boundary,0.9,"Граница выгрузки: 4-е колено, исходящие не выгружались. Получил 53 тыс ₸ от 1; роль не определить без доп. выгрузки",40,0.27,0.447508896797153,0.5433718861209964,0.4629670818505338,0.4299
100000004260869100,4,False,1,10000.0,1,0,0.0,0,0.0,True,False,0,7,0.0,1,1,0.000842208480336415,0.0,0,boundary,0.9,"Граница выгрузки: 4-е колено, исходящие не выгружались. Получил 10 тыс ₸ от 1; роль не определить без доп. выгрузки",2,0.27,0.07873665480427046,0.5433718861209964,0.6593638790035588,0.3651
100000008762885100,4,False,1,7000.0,1,0,0.0,0,0.0,True,False,0,8,0.0,1,1,0.0002872637131137807,0.0,0,boundary,0.9,"Граница выгрузки: 4-е колено, исходящие не выгружались. Получил 7 тыс ₸ от 1; роль не определить без доп. выгрузки",3,0.27,0.04581850533807829,0.8387455516014235,0.22019572953736655,0.3198
100000002986245100,4,False,1,5750.0,1,0,0.0,0,0.0,True,False,0,1,0.0,1,1,0.0002886464045119285,0.0,0,boundary,0.9,"Граница выгрузки: 4-е колено, исходящие не выгружались. Получил 6 тыс ₸ от 1; роль не определить без доп. выгрузки",11,0.27,0.032473309608540925,0.14768683274021352,0.24766459074733096,0.1532
100000001471706100,4,False,1,377000.0,8,0,0.0,0,0.0,True,False,0,8,0.0,1,7,0.0005401265380892354,0.0,0,boundary,0.9,"Граница выгрузки: 4-е колено, исходящие не выгружались. Получил 377 тыс ₸ от 1; роль не определить без доп. выгрузки",16,0.27,0.8147241992882562,0.8387455516014235,0.6083185053380783,0.6502
100000002304943100,4,False,1,15000.0,1,0,0.0,0,0.0,True,False,0,7,0.0,1,1,0.00030637187771531986,0.0,0,boundary,0.9,"Граница выгрузки: 4-е колено, исходящие не выгружались. Получил 15 тыс ₸ от 1; роль не определить без доп. выгрузки",19,0.27,0.13856761565836298,0.5433718861209964,0.4149243772241993,0.3235
100000002695812100,4,False,1,95000.0,1,0,0.0,0,0.0,True,False,0,7,0.0,1,1,0.00032113055047111887,0.0,0,boundary,0.9,"Граница выгрузки: 4-е колено, исходящие не выгружались. Получил 95 тыс ₸ от 1; роль не определить без доп. выгрузки",9,0.27,0.5665035587188612,0.5433718861209964,0.46697064056939497,0.4673
100000008761220100,4,False,1,10000.0,1,0,0.0,0,0.0,True,False,0,8,0.0,1,1,0.00028688487138758524,0.0,0,boundary,0.9,"Граница выгрузки: 4-е колено, исходящие не выгружались. Получил 10 тыс ₸ от 1; роль не определить без доп. выгрузки",3,0.27,0.07873665480427046,0.8387455516014235,0.21519128113879005,0.3286
100000004890713100,4,False,1,40485.0,1,0,0.0,0,0.0,True,False,0,7,0.0,1,1,0.0003007240043166196,0.0,0,boundary,0.9,"Граница выгрузки: 4-е колено, исходящие не выгружались. Получил 40 тыс ₸ от 1; роль не определить без доп. выгрузки",9,0.27,0.37455516014234874,0.5433718861209964,0.3877891459074733,0.3891
100000003083865100,4,False,1,15000.0,1,0,0.0,0,0.0,True,False,0,7,0.0,1,1,0.00029118422941526375,0.0,0,boundary,0.9,"Граница выгрузки: 4-е колено, исходящие не выгружались. Получил 15 тыс ₸ от 1; роль не определить без доп. выгрузки",9,0.27,0.13856761565836298,0.5433718861209964,0.2960409252669039,0.2944
100000004030553100,4,False,1,70000.0,1,0,0.0,0,0.0,True,False,0,1,0.0,1,1,0.0005308297210537953,0.0,0,boundary,0.9,"Граница выгрузки: 4-е колено, исходящие не выгружались. Получил 70 тыс ₸ от 1; роль не определить без доп. выгрузки",21,0.27,0.5002224199288257,0.14768683274021352,0.5926379003558719,0.3809
100000002653187100,4,False,1,15000.0,1,0,0.0,0,0.0,True,False,0,8,0.0,1,1,0.0004732789140150342,0.0,0,boundary,0.9,"Граница выгрузки: 4-е колено, исходящие не выгружались. Получил 15 тыс ₸ от 1; роль не определить без доп. выгрузки",12,0.27,0.13856761565836298,0.8387455516014235,0.5708407473309609,0.4341
100000006412162100,4,False,1,15000.0,2,0,0.0,0,0.0,True,False,0,1,0.0,1,1,0.00029359653846417166,0.0,0,boundary,0.9,"Граница выгрузки: 4-е колено, исходящие не выгружались. Получил 15 тыс ₸ от 1; роль не определить без доп. выгрузки",11,0.27,0.13856761565836298,0.14768683274021352,0.3281806049822064,0.2054
100000004674178100,4,False,1,20000.0,1,0,0.0,0,0.0,True,False,0,7,0.0,1,1,0.00030274344180862404,0.0,0,boundary,0.9,"Граница выгрузки: 4-е колено, исходящие не выгружались. Получил 20 тыс ₸ от 1; роль не определить без доп. выгрузки",25,0.27,0.20462633451957296,0.5433718861209964,0.3995774021352313,0.34
100000004070530100,4,False,1,20000.0,1,0,0.0,0,0.0,True,False,0,7,0.0,1,1,0.00028719909320018945,0.0,0,boundary,0.9,"Граница выгрузки: 4-е колено, исходящие не выгружались. Получил 20 тыс ₸ от 1; роль не определить без доп. выгрузки",6,0.27,0.20462633451957296,0.5433718861209964,0.21852758007117437,0.2956
100000006706519100,4,False,1,36000.0,3,0,0.0,0,0.0,True,False,0,7,0.0,1,3,0.00039071092103657676,0.0,0,boundary,0.9,"Граница выгрузки: 4-е колено, исходящие не выгружались. Получил 36 тыс ₸ от 1; роль не определить без доп. выгрузки",10,0.27,0.3503113879003559,0.5433718861209964,0.5370329181494662,0.4183
100000005636951100,4,False,1,40000.0,1,0,0.0,0,0.0,True,False,0,1,0.0,1,1,0.0006355890351888364,0.0,0,boundary,0.9,"Граница выгрузки: 4-е колено, исходящие не выгружались. Получил 40 тыс ₸ от 1; роль не определить без доп. выгрузки",9,0.27,0.37055160142348753,0.14768683274021352,0.6400133451957295,0.3528
100000003040087100,4,False,1,29000.0,1,0,0.0,0,0.0,True,False,0,7,0.0,1,1,0.0002964248356000384,0.0,0,boundary,0.9,"Граница выгрузки: 4-е колено, исходящие не выгружались. Получил 29 тыс ₸ от 1; роль не определить без доп. выгрузки",9,0.27,0.297153024911032,0.5433718861209964,0.3562055160142349,0.3577
100000008766764100,4,False,1,5000.0,1,0,0.0,0,0.0,True,False,0,8,0.0,1,1,0.00028622708280243804,0.0,0,boundary,0.9,"Граница выгрузки: 4-е колено, исходящие не выгружались. Получил 5 тыс ₸ от 1; роль не определить без доп. выгрузки",3,0.27,0.01601423487544484,0.8387455516014235,0.20518238434163702,0.307
100000000299820100,4,False,1,10000.0,1,0,0.0,0,0.0,True,False,0,7,0.0,1,1,0.0004501620352243437,0.0,0,boundary,0.9,"Граница выгрузки: 4-е колено, исходящие не выгружались. Получил 10 тыс ₸ от 1; роль не определить без доп. выгрузки",1,0.27,0.07873665480427046,0.5433718861209964,0.5646129893238434,0.3419
100000008349740100,4,False,1,70000.0,2,0,0.0,0,0.0,True,False,0,7,0.0,1,2,0.00029252500391614434,0.0,0,boundary,0.9,"Граница выгрузки: 4-е колено, исходящие не выгружались. Получил 70 тыс ₸ от 1; роль не определить без доп. выгрузки",6,0.27,0.5002224199288257,0.5433718861209964,0.31528024911032027,0.4098
100000008761132100,4,False,1,10000.0,1,0,0.0,0,0.0,True,False,0,8,0.0,1,1,0.00028688487138758524,0.0,0,boundary,0.9,"Граница выгрузки: 4-е колено, исходящие не выгружались. Получил 10 тыс ₸ от 1; роль не определить без доп. выгрузки",3,0.27,0.07873665480427046,0.8387455516014235,0.21519128113879005,0.3286
100000002540033100,4,False,1,10000.0,1,0,0.0,0,0.0,True,False,0,9,0.0,1,1,0.0005960851621180808,0.0,0,boundary,0.9,"Граница выгрузки: 4-е колено, исходящие не выгружались. Получил 10 тыс ₸ от 1; роль не определить без доп. выгрузки",3,0.27,0.07873665480427046,0.9094750889679716,0.6320062277580071,0.448
100000001845505100,4,False,1,20000.0,1,0,0.0,0,0.0,True,False,0,7,0.0,1,1,0.0005923838494805277,0.0,0,boundary,0.9,"Граница выгрузки: 4-е колено, исходящие не выгружались. Получил 20 тыс ₸ от 1; роль не определить без доп. выгрузки",1,0.27,0.20462633451957296,0.5433718861209964,0.6315613879003559,0.3968
100000003782913100,4,False,1,200000.0,1,0,0.0,0,0.0,True,False,0,7,0.0,1,1,0.0002993965636065486,0.0,0,boundary,0.9,"Граница выгрузки: 4-е колено, исходящие не выгружались. Получил 200 тыс ₸ от 1; роль не определить без доп. выгрузки",14,0.27,0.7106316725978647,0.5433718861209964,0.3766681494661922,0.4893
100000008778753100,4,False,1,10000.0,1,0,0.0,0,0.0,True,False,0,7,0.0,1,1,0.00029415636801295746,0.0,0,boundary,0.9,"Граница выгрузки: 4-е колено, исходящие не выгружались. Получил 10 тыс ₸ от 1; роль не определить без доп. выгрузки",25,0.27,0.07873665480427046,0.5433718861209964,0.33485320284697506,0.2856
100000008710913100,4,False,1,14000.0,1,0,0.0,0,0.0,True,False,0,8,0.0,1,1,0.00028811097479962785,0.0,0,boundary,0.9,"Граница выгрузки: 4-е колено, исходящие не выгружались. Получил 14 тыс ₸ от 1; роль не определить без доп. выгрузки",3,0.27,0.12433274021352313,0.8387455516014235,0.23409697508896798,0.3472
100000005495211100,4,False,1,14500.0,1,0,0.0,0,0.0,True,False,0,7,0.0,1,1,0.0005599644833584307,0.0,0,boundary,0.9,"Граница выгрузки: 4-е колено, исходящие не выгружались. Получил 14 тыс ₸ от 1; роль не определить без доп. выгрузки",1,0.27,0.12922597864768684,0.5433718861209964,0.6228870106761566,0.3716
100000004013952100,4,False,1,5500.0,1,0,0.0,0,0.0,True,False,0,7,0.0,1,1,0.0005331412160251213,0.0,0,boundary,0.9,"Граница выгрузки: 4-е колено, исходящие не выгружались. Получил 6 тыс ₸ от 1; роль не определить без доп. выгрузки",1,0.27,0.029804270462633453,0.5433718861209964,0.5988656583629893,0.3353
100000007330432100,4,False,1,584900.0,1,0,0.0,0,0.0,True,False,0,7,0.0,1,1,0.00053817599306743,0.0,0,boundary,0.9,"Граница выгрузки: 4-е колено, исходящие не выгружались. Получил 585 тыс ₸ от 1; роль не определить без доп. выгрузки",2,0.27,0.8816725978647687,0.5433718861209964,0.6053158362989324,0.5977
100000000737152100,4,False,1,35000.0,1,0,0.0,0,0.0,True,False,0,7,0.0,1,1,0.0003445071691804116,0.0,0,boundary,0.9,"Граница выгрузки: 4-е колено, исходящие не выгружались. Получил 35 тыс ₸ от 1; роль не определить без доп. выгрузки",10,0.27,0.34363879003558717,0.5433718861209964,0.4992215302491103,0.407
100000004674389100,4,False,1,15000.0,1,0,0.0,0,0.0,True,False,0,8,0.0,1,1,0.0003520253352644254,0.0,0,boundary,0.9,"Граница выгрузки: 4-е колено, исходящие не выгружались. Получил 15 тыс ₸ от 1; роль не определить без доп. выгрузки",13,0.27,0.13856761565836298,0.8387455516014235,0.5072286476868327,0.4185
100000002529877100,4,False,1,232000.0,1,0,0.0,0,0.0,True,False,0,8,0.0,1,1,0.0003058339492043382,0.0,0,boundary,0.9,"Граница выгрузки: 4-е колено, исходящие не выгружались. Получил 232 тыс ₸ от 1; роль не определить без доп. выгрузки",3,0.27,0.7348754448398577,0.8387455516014235,0.41270017793594305,0.5779
100000004035925100,4,False,1,1111588.0,2,0,0.0,0,0.0,True,False,0,7,0.0,1,2,0.00046241262393565346,0.0,0,boundary,0.9,"Граница выгрузки: 4-е колено, исходящие не выгружались. Получил 1,1 млн ₸ от 1; роль не определить без доп. выгрузки",2,0.27,0.9350533807829181,0.5433718861209964,0.5668371886120996,0.6046
100000002188586100,4,False,1,38310.0,1,0,0.0,0,0.0,True,False,0,7,0.0,1,1,0.0002999098387129135,0.0,0,boundary,0.9,"Граница выгрузки: 4-е колено, исходящие не выгружались. Получил 38 тыс ₸ от 1; роль не определить без доп. выгрузки",9,0.27,0.36165480427046265,0.5433718861209964,0.3815613879003559,0.3837
100000008050986100,4,False,1,95000.0,2,0,0.0,0,0.0,True,False,0,7,0.0,1,2,0.00031180831574760716,0.0,0,boundary,0.9,"Граница выгрузки: 4-е колено, исходящие не выгружались. Получил 95 тыс ₸ от 1; роль не определить без доп. выгрузки",6,0.27,0.5665035587188612,0.5433718861209964,0.43516459074733094,0.4595
100000004777215100,4,False,1,60000.0,1,0,0.0,0,0.0,True,False,0,7,0.0,1,1,0.00046515486374554374,0.0,0,boundary,0.9,"Граница выгрузки: 4-е колено, исходящие не выгружались. Получил 60 тыс ₸ от 1; роль не определить без доп. выгрузки",19,0.27,0.474644128113879,0.5433718861209964,0.5677268683274022,0.4638
100000000926078100,4,False,1,250000.0,1,0,0.0,0,0.0,True,False,0,7,0.0,1,1,0.0005165635899862601,0.0,0,boundary,0.9,"Граница выгрузки: 4-е колено, исходящие не выгружались. Получил 250 тыс ₸ от 1; роль не определить без доп. выгрузки",1,0.27,0.7504448398576512,0.5433718861209964,0.5850756227758007,0.5525
100000003486846100,4,False,1,27000.0,2,0,0.0,0,0.0,True,False,0,7,0.0,1,2,0.0005311359663531782,0.0,0,boundary,0.9,"Граница выгрузки: 4-е колено, исходящие не выгружались. Получил 27 тыс ₸ от 1; роль не определить без доп. выгрузки",2,0.27,0.28536476868327404,0.5433718861209964,0.5944172597864769,0.4124
100000002516862100,4,False,1,81710.0,5,0,0.0,0,0.0,True,False,0,7,0.0,1,3,0.00034943970609758876,0.0,0,boundary,0.9,"Граница выгрузки: 4-е колено, исходящие не выгружались. Получил 82 тыс ₸ от 1; роль не определить без доп. выгрузки",4,0.27,0.5258007117437722,0.5433718861209964,0.5045596085409253,0.464
100000008730238100,4,False,1,113000.0,1,0,0.0,0,0.0,True,False,0,8,0.0,1,1,0.0005632359245676687,0.0,0,boundary,0.9,"Граница выгрузки: 4-е колено, исходящие не выгружались. Получил 113 тыс ₸ от 1; роль не определить без доп. выгрузки",3,0.27,0.6058718861209964,0.8387455516014235,0.6242215302491103,0.5902
100000000803368100,4,False,1,139503.0,1,0,0.0,0,0.0,True,False,0,7,0.0,1,1,0.0005481144591336169,0.0,0,boundary,0.9,"Граница выгрузки: 4-е колено, исходящие не выгружались. Получил 140 тыс ₸ от 1; роль не определить без доп. выгрузки",14,0.27,0.6338967971530249,0.5433718861209964,0.6139902135231317,0.5239
100000002528978100,4,False,1,15900.0,1,0,0.0,0,0.0,True,False,0,7,0.0,1,1,0.0002915211255271421,0.0,0,boundary,0.9,"Граница выгрузки: 4-е колено, исходящие не выгружались. Получил 16 тыс ₸ от 1; роль не определить без доп. выгрузки",9,0.27,0.15480427046263345,0.5433718861209964,0.3019350533807829,0.3008
100000002597074100,4,False,1,8000.0,1,0,0.0,0,0.0,True,False,0,7,0.0,1,1,0.00031042832358882426,0.0,0,boundary,0.9,"Граница выгрузки: 4-е колено, исходящие не выгружались. Получил 8 тыс ₸ от 1; роль не определить без доп. выгрузки",10,0.27,0.052713523131672595,0.5433718861209964,0.43027135231316727,0.301
100000003631015100,4,False,1,266000.0,1,0,0.0,0,0.0,True,False,0,7,0.0,1,1,0.00032225093674487795,0.0,0,boundary,0.9,"Граница выгрузки: 4-е колено, исходящие не выгружались. Получил 266 тыс ₸ от 1; роль не определить без доп. выгрузки",10,0.27,0.7588967971530249,0.5433718861209964,0.4683051601423488,0.5265
100000008255655100,4,False,1,5400.0,1,0,0.0,0,0.0,True,False,0,7,0.0,1,1,0.0005311928331096004,0.0,0,boundary,0.9,"Граница выгрузки: 4-е колено, исходящие не выгружались. Получил 5 тыс ₸ от 1; роль не определить без доп. выгрузки",4,0.27,0.027580071174377226,0.5433718861209964,0.5946396797153025,0.3336
100000004265639100,4,False,1,10000.0,1,0,0.0,0,0.0,True,False,0,7,0.0,1,1,0.0005523205956514877,0.0,0,boundary,0.9,"Граница выгрузки: 4-е колено, исходящие не выгружались. Получил 10 тыс ₸ от 1; роль не определить без доп. выгрузки",1,0.27,0.07873665480427046,0.5433718861209964,0.6179937722419929,0.3549
100000002726055100,4,False,1,10000.0,1,0,0.0,0,0.0,True,False,0,7,0.0,1,1,0.00034001485733930624,0.0,0,boundary,0.9,"Граница выгрузки: 4-е колено, исходящие не выгружались. Получил 10 тыс ₸ от 1; роль не определить без доп. выгрузки",19,0.27,0.07873665480427046,0.5433718861209964,0.4945507117437723,0.3247
100000003696422100,4,False,1,118000.0,2,0,0.0,0,0.0,True,False,0,7,0.0,1,2,0.0007085171420194981,0.0,0,boundary,0.9,"Граница выгрузки: 4-е колено, исходящие не выгружались. Получил 118 тыс ₸ от 1; роль не определить без доп. выгрузки",28,0.27,0.6123220640569395,0.5433718861209964,0.6482428825622776,0.5257
100000007745062100,4,False,1,100000.0,1,0,0.0,0,0.0,True,False,0,9,0.0,1,1,0.0006252799425245716,0.0,0,boundary,0.9,"Граница выгрузки: 4-е колено, исходящие не выгружались. Получил 100 тыс ₸ от 1; роль не определить без доп. выгрузки",12,0.27,0.5798487544483986,0.9094750889679716,0.6377891459074733,0.6029
100000005041147100,4,False,1,10000.0,1,0,0.0,0,0.0,True,False,0,7,0.0,1,1,0.0005337622626216141,0.0,0,boundary,0.9,"Граница выгрузки: 4-е колено, исходящие не выгружались. Получил 10 тыс ₸ от 1; роль не определить без доп. выгрузки",1,0.27,0.07873665480427046,0.5433718861209964,0.5999777580071174,0.3505
100000003819173100,4,False,1,143777.0,1,0,0.0,0,0.0,True,False,0,7,0.0,1,1,0.0002952095652766993,0.0,0,boundary,0.9,"Граница выгрузки: 4-е колено, исходящие не выгружались. Получил 144 тыс ₸ от 1; роль не определить без доп. выгрузки",17,0.27,0.6392348754448398,0.5433718861209964,0.3448620996441281,0.4596
100000001275557100,4,False,1,20000.0,1,0,0.0,0,0.0,True,False,0,7,0.0,1,1,0.0003475117995580225,0.0,0,boundary,0.9,"Граница выгрузки: 4-е колено, исходящие не выгружались. Получил 20 тыс ₸ от 1; роль не определить без доп. выгрузки",23,0.27,0.20462633451957296,0.5433718861209964,0.5034475088967971,0.3654
100000002706810100,4,False,1,45000.0,1,0,0.0,0,0.0,True,False,0,1,0.0,1,1,0.0003096510269579332,0.0,0,boundary,0.9,"Граница выгрузки: 4-е колено, исходящие не выгружались. Получил 45 тыс ₸ от 1; роль не определить без доп. выгрузки",11,0.27,0.39524021352313166,0.14768683274021352,0.42737989323843417,0.3082
100000002896506100,4,False,1,45000.0,1,0,0.0,0,0.0,True,False,0,7,0.0,1,1,0.0003136296448083371,0.0,0,boundary,0.9,"Граница выгрузки: 4-е колено, исходящие не выгружались. Получил 45 тыс ₸ от 1; роль не определить без доп. выгрузки",21,0.27,0.39524021352313166,0.5433718861209964,0.443394128113879,0.4091
100000008766031100,4,False,1,5000.0,1,0,0.0,0,0.0,True,False,0,8,0.0,1,1,0.0002864770372824112,0.0,0,boundary,0.9,"Граница выгрузки: 4-е колено, исходящие не выгружались. Получил 5 тыс ₸ от 1; роль не определить без доп. выгрузки",3,0.27,0.01601423487544484,0.8387455516014235,0.20918594306049823,0.308
100000008758607100,4,False,1,5000.0,1,0,0.0,0,0.0,True,False,0,8,0.0,1,1,0.00028622708280243804,0.0,0,boundary,0.9,"Граница выгрузки: 4-е колено, исходящие не выгружались. Получил 5 тыс ₸ от 1; роль не определить без доп. выгрузки",3,0.27,0.01601423487544484,0.8387455516014235,0.20518238434163702,0.307
100000008648783100,4,False,1,5200.0,1,0,0.0,0,0.0,True,False,0,1,0.0,1,1,0.0002883520722228762,0.0,0,boundary,0.9,"Граница выгрузки: 4-е колено, исходящие не выгружались. Получил 5 тыс ₸ от 1; роль не определить без доп. выгрузки",11,0.27,0.02468861209964413,0.14768683274021352,0.24165925266903915,0.1493
100000004291663100,4,False,1,25000.0,1,0,0.0,0,0.0,True,False,0,7,0.0,1,1,0.00031117073486638236,0.0,0,boundary,0.9,"Граница выгрузки: 4-е колено, исходящие не выгружались. Получил 25 тыс ₸ от 1; роль не определить без доп. выгрузки",18,0.27,0.26045373665480426,0.5433718861209964,0.4324955516014235,0.3651
100000003037476100,4,False,3,555000.0,3,0,0.0,0,0.0,True,False,0,8,0.0,2,2,0.0003593540563280306,0.0,0,boundary,0.9,"Граница выгрузки: 4-е колено, исходящие не выгружались. Получил 555 тыс ₸ от 3; роль не определить без доп. выгрузки",3,0.27,0.8765569395017794,0.8387455516014235,0.514790925266904,0.6463
100000008715513100,4,False,1,32500.0,1,0,0.0,0,0.0,True,False,0,1,0.0,1,1,0.00030296165675219926,0.0,0,boundary,0.9,"Граница выгрузки: 4-е колено, исходящие не выгружались. Получил 32 тыс ₸ от 1; роль не определить без доп. выгрузки",11,0.27,0.3305160142348754,0.14768683274021352,0.40068950177935947,0.2819
100000001276409100,4,False,1,94760.0,1,0,0.0,0,0.0,True,False,0,7,0.0,1,1,0.00032104071150795133,0.0,0,boundary,0.9,"Граница выгрузки: 4-е колено, исходящие не выгружались. Получил 95 тыс ₸ от 1; роль не определить без доп. выгрузки",9,0.27,0.5645017793594306,0.5433718861209964,0.4663033807829181,0.4665
100000003232675100,4,False,1,44000.0,2,0,0.0,0,0.0,True,False,0,7,0.0,1,1,0.00040104453660487797,0.0,0,boundary,0.9,"Граница выгрузки: 4-е колено, исходящие не выгружались. Получил 44 тыс ₸ от 1; роль не определить без доп. выгрузки",4,0.27,0.3865658362989324,0.5433718861209964,0.5457072953736655,0.4315
100000007988344100,4,False,1,20000.0,3,0,0.0,0,0.0,True,False,0,7,0.0,1,3,0.00038745764148945846,0.0,0,boundary,0.9,"Граница выгрузки: 4-е колено, исходящие не выгружались. Получил 20 тыс ₸ от 1; роль не определить без доп. выгрузки",1,0.27,0.20462633451957296,0.5433718861209964,0.5352535587188613,0.3732
100000003047800100,4,False,1,12212.0,1,0,0.0,0,0.0,True,False,0,1,0.0,1,1,0.00037457034348758035,0.0,0,boundary,0.9,"Граница выгрузки: 4-е колено, исходящие не выгружались. Получил 12 тыс ₸ от 1; роль не определить без доп. выгрузки",11,0.27,0.10720640569395018,0.14768683274021352,0.5274688612099644,0.2446
100000003230328100,4,False,3,26572.0,3,0,0.0,0,0.0,True,False,0,7,0.0,1,3,0.00035168013741866146,0.0,0,boundary,0.9,"Граница выгрузки: 4-е колено, исходящие не выгружались. Получил 27 тыс ₸ от 3; роль не определить без доп. выгрузки",18,0.27,0.28158362989323843,0.5433718861209964,0.5067838078291815,0.3898
100000002702968100,4,False,1,31600.0,1,0,0.0,0,0.0,True,False,0,7,0.0,1,1,0.00029739809103435365,0.0,0,boundary,0.9,"Граница выгрузки: 4-е колено, исходящие не выгружались. Получил 32 тыс ₸ от 1; роль не определить без доп. выгрузки",9,0.27,0.32473309608540923,0.5433718861209964,0.36354537366548045,0.3679
100000004788983100,4,False,1,27000.0,1,0,0.0,0,0.0,True,False,0,7,0.0,1,1,0.000369468518346216,0.0,0,boundary,0.9,"Граница выгрузки: 4-е колено, исходящие не выгружались. Получил 27 тыс ₸ от 1; роль не определить без доп. выгрузки",10,0.27,0.28536476868327404,0.5433718861209964,0.5241325622775801,0.3952
100000006490615100,4,False,1,41600.0,6,0,0.0,0,0.0,True,False,0,7,0.0,1,5,0.00039474588702010044,0.0,0,boundary,0.9,"Граница выгрузки: 4-е колено, исходящие не выгружались. Получил 42 тыс ₸ от 1; роль не определить без доп. выгрузки",4,0.27,0.37944839857651247,0.5433718861209964,0.5417037366548043,0.4283
100000008745676100,4,False,1,34547.0,1,0,0.0,0,0.0,True,False,0,1,0.0,1,1,0.0005303236661827129,0.0,1,boundary,0.9,"Граница выгрузки: 4-е колено, исходящие не выгружались. Получил 35 тыс ₸ от 1; роль не определить без доп. выгрузки",7,0.27,0.3398576512455516,0.14768683274021352,0.5913033807829181,0.3314
100000001598625100,4,False,1,25000.0,1,0,0.0,0,0.0,True,False,0,7,0.0,1,1,0.00042888184355224774,0.0,0,boundary,0.9,"Граница выгрузки: 4-е колено, исходящие не выгружались. Получил 25 тыс ₸ от 1; роль не определить без доп. выгрузки",1,0.27,0.26045373665480426,0.5433718861209964,0.5567170818505338,0.3956
100000008461217100,4,False,1,18000.0,1,0,0.0,0,0.0,True,False,0,10,0.0,1,1,0.0005455897895490721,0.0,0,boundary,0.9,"Граница выгрузки: 4-е колено, исходящие не выгружались. Получил 18 тыс ₸ от 1; роль не определить без доп. выгрузки",8,0.27,0.1834964412811388,0.9612989323843416,0.6117660142348754,0.4878
100000005711521100,4,False,1,238000.0,1,0,0.0,0,0.0,True,False,0,7,0.0,1,1,0.0005338432844113278,0.0,0,boundary,0.9,"Граница выгрузки: 4-е колено, исходящие не выгружались. Получил 238 тыс ₸ от 1; роль не определить без доп. выгрузки",4,0.27,0.7406583629893239,0.5433718861209964,0.6004225978647687,0.5533
100000002713974100,4,False,1,50000.0,1,0,0.0,0,0.0,True,False,0,7,0.0,1,1,0.0003299501883700874,0.0,0,boundary,0.9,"Граница выгрузки: 4-е колено, исходящие не выгружались. Получил 50 тыс ₸ от 1; роль не определить без доп. выгрузки",17,0.27,0.42838078291814946,0.5433718861209964,0.4798709964412812,0.4282
100000005272139100,4,False,1,165000.0,1,0,0.0,0,0.0,True,False,0,7,0.0,1,1,0.0007555290963517883,0.0,0,boundary,0.9,"Граница выгрузки: 4-е колено, исходящие не выгружались. Получил 165 тыс ₸ от 1; роль не определить без доп. выгрузки",2,0.27,0.6737099644128114,0.5433718861209964,0.6529137010676157,0.5456
100000002968096100,4,False,1,70000.0,1,0,0.0,0,0.0,True,False,0,7,0.0,1,1,0.0003194824114349239,0.0,0,boundary,0.9,"Граница выгрузки: 4-е колено, исходящие не выгружались. Получил 70 тыс ₸ от 1; роль не определить без доп. выгрузки",17,0.27,0.5002224199288257,0.5433718861209964,0.4616325622775801,0.4457
100000004449824100,4,False,1,9000.0,1,0,0.0,0,0.0,True,False,0,1,0.0,1,1,0.00029038564076541934,0.0,0,boundary,0.9,"Граница выгрузки: 4-е колено, исходящие не выгружались. Получил 9 тыс ₸ от 1; роль не определить без доп. выгрузки",11,0.27,0.06005338078291815,0.14768683274021352,0.28269572953736655,0.1702
100000004502048100,4,False,1,13888.0,1,0,0.0,0,0.0,True,False,0,7,0.0,1,1,0.00033971462250251223,0.0,0,boundary,0.9,"Граница выгрузки: 4-е колено, исходящие не выгружались. Получил 14 тыс ₸ от 1; роль не определить без доп. выгрузки",18,0.27,0.12144128113879003,0.5433718861209964,0.494105871886121,0.3377
100000002660298100,4,False,1,30900.0,1,0,0.0,0,0.0,True,False,0,7,0.0,1,1,0.00029713606072511497,0.0,0,boundary,0.9,"Граница выгрузки: 4-е колено, исходящие не выгружались. Получил 31 тыс ₸ от 1; роль не определить без доп. выгрузки",9,0.27,0.3185053380782918,0.5433718861209964,0.3615435943060498,0.3655
100000001299828100,4,False,1,100000.0,1,0,0.0,0,0.0,True,False,0,7,0.0,1,1,0.0005472629597932584,0.0,0,boundary,0.9,"Граница выгрузки: 4-е колено, исходящие не выгружались. Получил 100 тыс ₸ от 1; роль не определить без доп. выгрузки",1,0.27,0.5798487544483986,0.5433718861209964,0.6131005338078291,0.5072
100000000581662100,4,False,1,21160.0,1,0,0.0,0,0.0,True,False,0,2,0.0,1,1,0.00030291662853066217,0.0,0,boundary,0.9,"Граница выгрузки: 4-е колено, исходящие не выгружались. Получил 21 тыс ₸ от 1; роль не определить без доп. выгрузки",11,0.27,0.22419928825622776,0.28113879003558717,0.4004670818505338,0.282
100000001249054100,4,False,1,17375.0,1,0,0.0,0,0.0,True,False,0,7,0.0,1,1,0.00029207326082160943,0.0,0,boundary,0.9,"Граница выгрузки: 4-е колено, исходящие не выгружались. Получил 17 тыс ₸ от 1; роль не определить без доп. выгрузки",9,0.27,0.17348754448398576,0.5433718861209964,0.3088300711743772,0.3082
100000008759795100,4,False,1,17000.0,1,0,0.0,0,0.0,True,False,0,1,0.0,1,1,0.0002946668376970891,0.0,0,boundary,0.9,"Граница выгрузки: 4-е колено, исходящие не выгружались. Получил 17 тыс ₸ от 1; роль не определить без доп. выгрузки",11,0.27,0.16614768683274023,0.14768683274021352,0.3397464412811388,0.2166
100000001299443100,4,False,1,8000.0,1,0,0.0,0,0.0,True,False,0,1,0.0,1,1,0.00028985049114896067,0.0,0,boundary,0.9,"Граница выгрузки: 4-е колено, исходящие не выгружались. Получил 8 тыс ₸ от 1; роль не определить без доп. выгрузки",11,0.27,0.052713523131672595,0.14768683274021352,0.27502224199288255,0.1661
100000007997939100,4,False,1,13000.0,1,0,0.0,0,0.0,True,False,0,9,0.0,1,1,0.00035796308347988245,0.0,0,boundary,0.9,"Граница выгрузки: 4-е колено, исходящие не выгружались. Получил 13 тыс ₸ от 1; роль не определить без доп. выгрузки",3,0.27,0.11543594306049822,0.9094750889679716,0.5127891459074733,0.4301
100000003470579100,4,False,1,357000.0,2,0,0.0,0,0.0,True,False,0,7,0.0,1,2,0.0005685326159317399,0.0,0,boundary,0.9,"Граница выгрузки: 4-е колено, исходящие не выгружались. Получил 357 тыс ₸ от 1; роль не определить без доп. выгрузки",26,0.27,0.8069395017793595,0.5433718861209964,0.6253336298932385,0.5797
100000008649416100,4,False,1,5000.0,1,0,0.0,0,0.0,True,False,0,7,0.0,1,1,0.000533726717629368,0.0,0,boundary,0.9,"Граница выгрузки: 4-е колено, исходящие не выгружались. Получил 5 тыс ₸ от 1; роль не определить без доп. выгрузки",6,0.27,0.01601423487544484,0.5433718861209964,0.5997553380782918,0.3313
100000008183752100,4,False,1,140000.0,1,0,0.0,0,0.0,True,False,0,8,0.0,1,1,0.0005301890395310136,0.0,0,boundary,0.9,"Граница выгрузки: 4-е колено, исходящие не выгружались. Получил 140 тыс ₸ от 1; роль не определить без доп. выгрузки",3,0.27,0.6352313167259787,0.8387455516014235,0.5908585409252669,0.591
100000003950749100,4,False,1,7000.0,1,0,0.0,0,0.0,True,False,0,7,0.0,1,1,0.00038424128954841564,0.0,0,boundary,0.9,"Граница выгрузки: 4-е колено, исходящие не выгружались. Получил 7 тыс ₸ от 1; роль не определить без доп. выгрузки",2,0.27,0.04581850533807829,0.5433718861209964,0.533029359430605,0.3241
100000005979037100,4,False,1,60300.0,1,0,0.0,0,0.0,True,False,0,7,0.0,1,1,0.0003248463424153593,0.0,0,boundary,0.9,"Граница выгрузки: 4-е колено, исходящие не выгружались. Получил 60 тыс ₸ от 1; роль не определить без доп. выгрузки",40,0.27,0.47820284697508897,0.5433718861209964,0.4725311387900356,0.4416
100000008734279100,4,False,1,31650.0,1,0,0.0,0,0.0,True,False,0,7,0.0,1,1,0.0003013329445693454,0.0,0,boundary,0.9,"Граница выгрузки: 4-е колено, исходящие не выгружались. Получил 32 тыс ₸ от 1; роль не определить без доп. выгрузки",17,0.27,0.3251779359430605,0.5433718861209964,0.39223754448398573,0.3751
100000005589319100,4,False,1,26000.0,1,0,0.0,0,0.0,True,False,0,7,0.0,1,1,0.00030995557415139477,0.0,0,boundary,0.9,"Граница выгрузки: 4-е колено, исходящие не выгружались. Получил 26 тыс ₸ от 1; роль не определить без доп. выгрузки",4,0.27,0.2713523131672598,0.5433718861209964,0.4284919928825623,0.3675
100000003626268100,4,False,1,5000.0,1,0,0.0,0,0.0,True,False,0,7,0.0,1,1,0.0005308903791336683,0.0,0,boundary,0.9,"Граница выгрузки: 4-е колено, исходящие не выгружались. Получил 5 тыс ₸ от 1; роль не определить без доп. выгрузки",1,0.27,0.01601423487544484,0.5433718861209964,0.5935275800711743,0.3297
100000001220124100,4,False,1,40000.0,1,0,0.0,0,0.0,True,False,0,7,0.0,1,1,0.0005395565851958802,0.0,0,boundary,0.9,"Граница выгрузки: 4-е колено, исходящие не выгружались. Получил 40 тыс ₸ от 1; роль не определить без доп. выгрузки",1,0.27,0.37055160142348753,0.5433718861209964,0.607317615658363,0.4417
100000003904497100,4,False,1,10000.0,1,0,0.0,0,0.0,True,False,0,9,0.0,1,1,0.0003412568244192844,0.0,0,boundary,0.9,"Граница выгрузки: 4-е колено, исходящие не выгружались. Получил 10 тыс ₸ от 1; роль не определить без доп. выгрузки",3,0.27,0.07873665480427046,0.9094750889679716,0.4963300711743772,0.4148
100000001270470100,4,False,1,28300.0,2,0,0.0,0,0.0,True,False,0,7,0.0,1,2,0.000429741305607408,0.0,0,boundary,0.9,"Граница выгрузки: 4-е колено, исходящие не выгружались. Получил 28 тыс ₸ от 1; роль не определить без доп. выгрузки",1,0.27,0.2915925266903915,0.5433718861209964,0.5572731316725978,0.4052
100000003091142100,4,False,1,40000.0,1,0,0.0,0,0.0,True,False,0,7,0.0,1,1,0.00040986444107495766,0.0,0,boundary,0.9,"Граница выгрузки: 4-е колено, исходящие не выгружались. Получил 40 тыс ₸ от 1; роль не определить без доп. выгрузки",10,0.27,0.37055160142348753,0.5433718861209964,0.5492660142348754,0.4274
100000001053894100,4,False,1,2000000.0,7,0,0.0,0,0.0,True,False,0,7,0.0,1,7,0.0004485491925071488,0.0,0,boundary,0.9,"Граница выгрузки: 4-е колено, исходящие не выгружались. Получил 2,0 млн ₸ от 1; роль не определить без доп. выгрузки",6,0.27,0.9706405693950177,0.5433718861209964,0.5641681494661922,0.6148
100000004722630100,4,False,1,340000.0,2,0,0.0,0,0.0,True,False,0,7,0.0,1,2,0.0004921869960127064,0.0,0,boundary,0.9,"Граница выгрузки: 4-е колено, исходящие не выгружались. Получил 340 тыс ₸ от 1; роль не определить без доп. выгрузки",38,0.27,0.796040925266904,0.5433718861209964,0.5777357651245552,0.5647
100000004655046100,4,False,1,24000.0,1,0,0.0,0,0.0,True,False,0,9,0.0,1,1,0.0005575082914139779,0.0,0,boundary,0.9,"Граница выгрузки: 4-е колено, исходящие не выгружались. Получил 24 тыс ₸ от 1; роль не определить без доп. выгрузки",15,0.27,0.24822064056939502,0.9094750889679716,0.6213300711743772,0.4973
100000004019056100,4,False,1,50000.0,1,0,0.0,0,0.0,True,False,0,7,0.0,1,1,0.0005409213827074575,0.0,0,boundary,0.9,"Граница выгрузки: 4-е колено, исходящие не выгружались. Получил 50 тыс ₸ от 1; роль не определить без доп. выгрузки",4,0.27,0.42838078291814946,0.5433718861209964,0.609096975088968,0.4598
100000008071749100,4,False,1,24943.0,1,0,0.0,0,0.0,True,False,0,7,0.0,1,1,0.0002949061827934933,0.0,0,boundary,0.9,"Граница выгрузки: 4-е колено, исходящие не выгружались. Получил 25 тыс ₸ от 1; роль не определить без доп. выгрузки",9,0.27,0.25444839857651247,0.5433718861209964,0.3426379003558719,0.3413
100000008221765100,4,False,1,156354.0,1,0,0.0,0,0.0,True,False,0,7,0.0,1,1,0.0005404417175185718,0.0,0,boundary,0.9,"Граница выгрузки: 4-е колено, исходящие не выгружались. Получил 156 тыс ₸ от 1; роль не определить без доп. выгрузки",6,0.27,0.6641459074733096,0.5433718861209964,0.6088745551601423,0.5319
100000008778010100,4,False,1,76950.0,2,0,0.0,0,0.0,True,False,0,1,0.0,1,1,0.0005296426486872762,0.0,1,boundary,0.9,"Граница выгрузки: 4-е колено, исходящие не выгружались. Получил 77 тыс ₸ от 1; роль не определить без доп. выгрузки",7,0.27,0.516459074733096,0.14768683274021352,0.5895240213523132,0.3851
100000004584730100,4,False,1,47000.0,1,0,0.0,0,0.0,True,False,0,7,0.0,1,1,0.00030383982641037343,0.0,0,boundary,0.9,"Граница выгрузки: 4-е колено, исходящие не выгружались. Получил 47 тыс ₸ от 1; роль не определить без доп. выгрузки",1,0.27,0.40636120996441283,0.5433718861209964,0.40602758007117434,0.4033
100000004797167100,4,False,1,31000.0,1,0,0.0,0,0.0,True,False,0,1,0.0,1,1,0.0005516247027029544,0.0,0,boundary,0.9,"Граница выгрузки: 4-е колено, исходящие не выгружались. Получил 31 тыс ₸ от 1; роль не определить без доп. выгрузки",21,0.27,0.3193950177935943,0.14768683274021352,0.6166592526690392,0.3314
100000005010159100,4,False,1,7092.0,1,0,0.0,0,0.0,True,False,0,7,0.0,1,1,0.0006143684568259249,0.0,0,boundary,0.9,"Граница выгрузки: 4-е колено, исходящие не выгружались. Получил 7 тыс ₸ от 1; роль не определить без доп. выгрузки",17,0.27,0.04804270462633452,0.5433718861209964,0.636232206405694,0.35
100000003025903100,4,False,1,386300.0,6,0,0.0,0,0.0,True,False,0,7,0.0,1,6,0.0005264518149577612,0.0,0,boundary,0.9,"Граница выгрузки: 4-е колено, исходящие не выгружались. Получил 386 тыс ₸ от 1; роль не определить без доп. выгрузки",21,0.27,0.818950177935943,0.5433718861209964,0.5868549822064058,0.5739
100000003005167100,4,False,1,7000.0,1,0,0.0,0,0.0,True,False,0,1,0.0,1,1,0.00028931534153250194,0.0,0,boundary,0.9,"Граница выгрузки: 4-е колено, исходящие не выгружались. Получил 7 тыс ₸ от 1; роль не определить без доп. выгрузки",11,0.27,0.04581850533807829,0.14768683274021352,0.26390124555160144,0.1612
100000002214383100,4,False,1,213000.0,1,0,0.0,0,0.0,True,False,0,1,0.0,1,1,0.0005308718022156257,0.0,1,boundary,0.9,"Граница выгрузки: 4-е колено, исходящие не выгружались. Получил 213 тыс ₸ от 1; роль не определить без доп. выгрузки",7,0.27,0.7197508896797153,0.14768683274021352,0.5933051601423488,0.4482
100000004800452100,4,False,1,6544.53,1,0,0.0,0,0.0,True,False,0,7,0.0,1,1,0.000607979765974599,0.0,0,boundary,0.9,"Граница выгрузки: 4-е колено, исходящие не выгружались. Получил 7 тыс ₸ от 1; роль не определить без доп. выгрузки",17,0.27,0.041370106761565835,0.5433718861209964,0.6348976868327402,0.3476
100000006903193100,4,False,1,9000.0,1,0,0.0,0,0.0,True,False,0,7,0.0,1,1,0.0003016045268852538,0.0,0,boundary,0.9,"Граница выгрузки: 4-е колено, исходящие не выгружались. Получил 9 тыс ₸ от 1; роль не определить без доп. выгрузки",1,0.27,0.06005338078291815,0.5433718861209964,0.3937944839857651,0.2943
100000007811950100,4,False,1,50000.0,1,0,0.0,0,0.0,True,False,0,7,0.0,1,1,0.0005462285400719733,0.0,0,boundary,0.9,"Граница выгрузки: 4-е колено, исходящие не выгружались. Получил 50 тыс ₸ от 1; роль не определить без доп. выгрузки",25,0.27,0.42838078291814946,0.5433718861209964,0.6122108540925267,0.4606
100000000375150100,4,False,1,300000.0,1,0,0.0,0,0.0,True,False,0,10,0.0,1,1,0.0007463802351751577,0.0,0,boundary,0.9,"Граница выгрузки: 4-е колено, исходящие не выгружались. Получил 300 тыс ₸ от 1; роль не определить без доп. выгрузки",30,0.27,0.7784697508896797,0.9612989323843416,0.65269128113879,0.68
100000008775747100,4,False,1,5000.0,1,0,0.0,0,0.0,True,False,0,8,0.0,1,1,0.00028622708280243804,0.0,0,boundary,0.9,"Граница выгрузки: 4-е колено, исходящие не выгружались. Получил 5 тыс ₸ от 1; роль не определить без доп. выгрузки",3,0.27,0.01601423487544484,0.8387455516014235,0.20518238434163702,0.307
100000006689603100,4,False,1,400000.0,2,0,0.0,0,0.0,True,False,0,7,0.0,1,2,0.00031238935878786454,0.0,0,boundary,0.9,"Граница выгрузки: 4-е колено, исходящие не выгружались. Получил 400 тыс ₸ от 1; роль не определить без доп. выгрузки",17,0.27,0.8256227758007118,0.5433718861209964,0.43761120996441283,0.5394
100000005075949100,4,False,1,2226000.0,7,0,0.0,0,0.0,True,False,0,7,0.0,1,4,0.0007679113857379712,0.0,0,boundary,0.9,"Граница выгрузки: 4-е колено, исходящие не выгружались. Получил 2,2 млн ₸ от 1; роль не определить без доп. выгрузки",4,0.27,0.9741992882562278,0.5433718861209964,0.6538033807829181,0.6379
100000003985389100,4,False,1,422698.0,16,0,0.0,0,0.0,True,False,0,7,0.0,1,15,0.0004903551059552773,0.0,0,boundary,0.9,"Граница выгрузки: 4-е колено, исходящие не выгружались. Получил 423 тыс ₸ от 1; роль не определить без доп. выгрузки",17,0.27,0.8327402135231317,0.5433718861209964,0.5770685053380783,0.5758
100000002478829100,4,False,1,34000.0,1,0,0.0,0,0.0,True,False,0,7,0.0,1,1,0.0003873344502833008,0.0,0,boundary,0.9,"Граница выгрузки: 4-е колено, исходящие не выгружались. Получил 34 тыс ₸ от 1; роль не определить без доп. выгрузки",19,0.27,0.3374110320284697,0.5433718861209964,0.5350311387900356,0.4138
100000003125997100,4,False,1,87750.0,1,0,0.0,0,0.0,True,False,0,8,0.0,1,1,0.0005483720399494517,0.0,0,boundary,0.9,"Граница выгрузки: 4-е колено, исходящие не выгружались. Получил 88 тыс ₸ от 1; роль не определить без доп. выгрузки",3,0.27,0.5444839857651246,0.8387455516014235,0.6142126334519573,0.5689
100000003214786100,4,False,1,5000.0,1,0,0.0,0,0.0,True,False,0,7,0.0,1,1,0.00042028195414468963,0.0,0,boundary,0.9,"Граница выгрузки: 4-е колено, исходящие не выгружались. Получил 5 тыс ₸ от 1; роль не определить без доп. выгрузки",1,0.27,0.01601423487544484,0.5433718861209964,0.5518238434163701,0.3195
100000008308418100,4,False,1,50000.0,1,0,0.0,0,0.0,True,False,0,7,0.0,1,1,0.00043159933146629903,0.0,0,boundary,0.9,"Граница выгрузки: 4-е колено, исходящие не выгружались. Получил 50 тыс ₸ от 1; роль не определить без доп. выгрузки",10,0.27,0.42838078291814946,0.5433718861209964,0.5581628113879004,0.4473
100000008619159100,4,False,1,446400.0,2,0,0.0,0,0.0,True,False,0,7,0.0,1,1,0.00035658738939848845,0.0,0,boundary,0.9,"Граница выгрузки: 4-е колено, исходящие не выгружались. Получил 446 тыс ₸ от 1; роль не определить без доп. выгрузки",2,0.27,0.8403024911032029,0.5433718861209964,0.5110097864768683,0.5619
100000004418967100,4,False,1,100000.0,1,0,0.0,0,0.0,True,False,0,8,0.0,1,1,0.0004534748089525571,0.0,0,boundary,0.9,"Граница выгрузки: 4-е колено, исходящие не выгружались. Получил 100 тыс ₸ от 1; роль не определить без доп. выгрузки",3,0.27,0.5798487544483986,0.8387455516014235,0.5655026690391459,0.5678
100000003173783100,4,False,1,23500.0,2,0,0.0,0,0.0,True,False,0,7,0.0,1,2,0.0003468224290716631,0.0,0,boundary,0.9,"Граница выгрузки: 4-е колено, исходящие не выгружались. Получил 24 тыс ₸ от 1; роль не определить без доп. выгрузки",11,0.27,0.23910142348754448,0.5433718861209964,0.5023354092526691,0.3757
100000002242455100,4,False,1,110000.0,1,0,0.0,0,0.0,True,False,0,7,0.0,1,1,0.0005321740677312218,0.0,0,boundary,0.9,"Граница выгрузки: 4-е колено, исходящие не выгружались. Получил 110 тыс ₸ от 1; роль не определить без доп. выгрузки",6,0.27,0.5991992882562278,0.5433718861209964,0.59730871886121,0.5092
100000004848236100,4,False,1,7500.0,1,0,0.0,0,0.0,True,False,0,7,0.0,1,1,0.00030887463425310343,0.0,0,boundary,0.9,"Граница выгрузки: 4-е колено, исходящие не выгружались. Получил 8 тыс ₸ от 1; роль не определить без доп. выгрузки",10,0.27,0.049154804270462635,0.5433718861209964,0.42359875444839856,0.2983
100000004674412100,4,False,1,46000.0,1,0,0.0,0,0.0,True,False,0,8,0.0,1,1,0.00048936782009517,0.0,0,boundary,0.9,"Граница выгрузки: 4-е колено, исходящие не выгружались. Получил 46 тыс ₸ от 1; роль не определить без доп. выгрузки",13,0.27,0.4001334519572954,0.8387455516014235,0.5764012455516014,0.5155
100000007071852100,4,False,1,195000.0,1,0,0.0,0,0.0,True,False,0,7,0.0,1,1,0.0004435147927696225,0.0,0,boundary,0.9,"Граница выгрузки: 4-е колено, исходящие не выгружались. Получил 195 тыс ₸ от 1; роль не определить без доп. выгрузки",1,0.27,0.702846975088968,0.5433718861209964,0.5628336298932385,0.5325
100000001498732100,4,False,1,5500.0,1,0,0.0,0,0.0,True,False,0,7,0.0,1,1,0.0002894096098235812,0.0,0,boundary,0.9,"Граница выгрузки: 4-е колено, исходящие не выгружались. Получил 6 тыс ₸ от 1; роль не определить без доп. выгрузки",29,0.27,0.029804270462633453,0.5433718861209964,0.265903024911032,0.2537
100000000627521100,4,False,1,6500.0,1,0,0.0,0,0.0,True,False,0,7,0.0,1,1,0.00028609897888673294,0.0,0,boundary,0.9,"Граница выгрузки: 4-е колено, исходящие не выгружались. Получил 6 тыс ₸ от 1; роль не определить без доп. выгрузки",6,0.27,0.04048042704626335,0.5433718861209964,0.20229092526690393,0.2414
100000003105089100,4,False,1,10000.0,1,0,0.0,0,0.0,True,False,0,7,0.0,1,1,0.00029943768321597685,0.0,0,boundary,0.9,"Граница выгрузки: 4-е колено, исходящие не выгружались. Получил 10 тыс ₸ от 1; роль не определить без доп. выгрузки",19,0.27,0.07873665480427046,0.5433718861209964,0.3774466192170819,0.296
100000003166017100,4,False,1,15000.0,1,0,0.0,0,0.0,True,False,0,7,0.0,1,1,0.00029118422941526375,0.0,0,boundary,0.9,"Граница выгрузки: 4-е колено, исходящие не выгружались. Получил 15 тыс ₸ от 1; роль не определить без доп. выгрузки",9,0.27,0.13856761565836298,0.5433718861209964,0.2960409252669039,0.2944
100000002506987100,4,False,1,28200.0,1,0,0.0,0,0.0,True,False,0,7,0.0,1,1,0.0002961253723894798,0.0,0,boundary,0.9,"Граница выгрузки: 4-е колено, исходящие не выгружались. Получил 28 тыс ₸ от 1; роль не определить без доп. выгрузки",9,0.27,0.29092526690391457,0.5433718861209964,0.35309163701067614,0.355
100000005767403100,4,False,1,1100000.0,2,0,0.0,0,0.0,True,False,0,7,0.0,1,2,0.0010818599457011425,0.0,0,boundary,0.9,"Граница выгрузки: 4-е колено, исходящие не выгружались. Получил 1,1 млн ₸ от 1; роль не определить без доп. выгрузки",22,0.27,0.9346085409252669,0.5433718861209964,0.6702624555160143,0.6298
100000005553088100,4,False,1,17500.0,1,0,0.0,0,0.0,True,False,0,7,0.0,1,1,0.0002942853726110019,0.0,0,boundary,0.9,"Граница выгрузки: 4-е колено, исходящие не выгружались. Получил 18 тыс ₸ от 1; роль не определить без доп. выгрузки",17,0.27,0.17459964412811388,0.5433718861209964,0.3355204626334519,0.3151
100000003632533100,4,False,1,10000.0,1,0,0.0,0,0.0,True,False,0,7,0.0,1,1,0.00042894910408558583,0.0,0,boundary,0.9,"Граница выгрузки: 4-е колено, исходящие не выгружались. Получил 10 тыс ₸ от 1; роль не определить без доп. выгрузки",6,0.27,0.07873665480427046,0.5433718861209964,0.5570507117437723,0.34
100000008762005100,4,False,1,5000.0,1,0,0.0,0,0.0,True,False,0,8,0.0,1,1,0.0002867795934290693,0.0,0,boundary,0.9,"Граница выгрузки: 4-е колено, исходящие не выгружались. Получил 5 тыс ₸ от 1; роль не определить без доп. выгрузки",3,0.27,0.01601423487544484,0.8387455516014235,0.21274466192170818,0.3088
100000002214207100,4,False,1,97000.0,1,0,0.0,0,0.0,True,False,0,1,0.0,1,1,0.0006906066279546782,0.0,0,boundary,0.9,"Граница выгрузки: 4-е колено, исходящие не выгружались. Получил 97 тыс ₸ от 1; роль не определить без доп. выгрузки",32,0.27,0.5709519572953736,0.14768683274021352,0.6466859430604982,0.4158
100000003180820100,4,False,1,101000.0,1,0,0.0,0,0.0,True,False,0,8,0.0,1,1,0.0002988566236372641,0.0,0,boundary,0.9,"Граница выгрузки: 4-е колено, исходящие не выгружались. Получил 101 тыс ₸ от 1; роль не определить без доп. выгрузки",3,0.27,0.5867437722419929,0.8387455516014235,0.3717749110320285,0.5225
100000003786516100,4,False,1,5000.0,1,0,0.0,0,0.0,True,False,0,7,0.0,1,1,0.0002931596479812034,0.0,0,boundary,0.9,"Граница выгрузки: 4-е колено, исходящие не выгружались. Получил 5 тыс ₸ от 1; роль не определить без доп. выгрузки",4,0.27,0.01601423487544484,0.5433718861209964,0.3221752669039146,0.2633
100000005226217100,4,False,1,17500.0,1,0,0.0,0,0.0,True,False,0,9,0.0,1,1,0.0003830224720707795,0.0,0,boundary,0.9,"Граница выгрузки: 4-е колено, исходящие не выгружались. Получил 18 тыс ₸ от 1; роль не определить без доп. выгрузки",3,0.27,0.17459964412811388,0.9094750889679716,0.5323620996441281,0.453
100000001533161100,4,False,1,100000.0,1,0,0.0,0,0.0,True,False,0,7,0.0,1,1,0.0003244427669685303,0.0,0,boundary,0.9,"Граница выгрузки: 4-е колено, исходящие не выгружались. Получил 100 тыс ₸ от 1; роль не определить без доп. выгрузки",1,0.27,0.5798487544483986,0.5433718861209964,0.4716414590747331,0.4725
100000007034089100,4,False,2,198000.0,2,0,0.0,0,0.0,True,False,0,8,0.0,2,1,0.00032111599242809935,0.0,0,boundary,0.9,"Граница выгрузки: 4-е колено, исходящие не выгружались. Получил 198 тыс ₸ от 2; роль не определить без доп. выгрузки",3,0.27,0.7046263345195729,0.8387455516014235,0.4667482206405694,0.5819
100000008336318100,4,False,1,170000.0,1,0,0.0,0,0.0,True,False,0,8,0.0,1,1,0.00032671946741775836,0.0,0,boundary,0.9,"Граница выгрузки: 4-е колено, исходящие не выгружались. Получил 170 тыс ₸ от 1; роль не определить без доп. выгрузки",3,0.27,0.6817170818505338,0.8387455516014235,0.47475533807829184,0.5768
100000005370558100,4,False,1,5000.0,1,0,0.0,0,0.0,True,False,0,7,0.0,1,1,0.00029929939547880074,0.0,0,boundary,0.9,"Граница выгрузки: 4-е колено, исходящие не выгружались. Получил 5 тыс ₸ от 1; роль не определить без доп. выгрузки",4,0.27,0.01601423487544484,0.5433718861209964,0.37511120996441283,0.2763
100000002729875100,4,False,1,76000.0,1,0,0.0,0,0.0,True,False,0,7,0.0,1,1,0.00031401829922035325,0.0,0,boundary,0.9,"Граница выгрузки: 4-е колено, исходящие не выгружались. Получил 76 тыс ₸ от 1; роль не определить без доп. выгрузки",9,0.27,0.5146797153024911,0.5433718861209964,0.4445062277580071,0.4459
100000006512787100,4,False,1,20000.0,2,0,0.0,0,0.0,True,False,0,7,0.0,1,2,0.0005300461906110881,0.0,0,boundary,0.9,"Граница выгрузки: 4-е колено, исходящие не выгружались. Получил 20 тыс ₸ от 1; роль не определить без доп. выгрузки",10,0.27,0.20462633451957296,0.5433718861209964,0.5904137010676157,0.3867
100000003186579100,4,False,1,110000.0,2,0,0.0,0,0.0,True,False,0,7,0.0,1,2,0.0005151815504625246,0.0,0,boundary,0.9,"Граница выгрузки: 4-е колено, исходящие не выгружались. Получил 110 тыс ₸ от 1; роль не определить без доп. выгрузки",1,0.27,0.5991992882562278,0.5433718861209964,0.5846307829181495,0.5061
100000004472936100,4,False,1,5000.0,1,0,0.0,0,0.0,True,False,0,7,0.0,1,1,0.0005318955309395101,0.0,0,boundary,0.9,"Граница выгрузки: 4-е колено, исходящие не выгружались. Получил 5 тыс ₸ от 1; роль не определить без доп. выгрузки",4,0.27,0.01601423487544484,0.5433718861209964,0.5959741992882562,0.3303
100000002231144100,4,False,1,15000.0,1,0,0.0,0,0.0,True,False,0,7,0.0,1,1,0.0003672376389003139,0.0,0,boundary,0.9,"Граница выгрузки: 4-е колено, исходящие не выгружались. Получил 15 тыс ₸ от 1; роль не определить без доп. выгрузки",19,0.27,0.13856761565836298,0.5433718861209964,0.5227980427046264,0.3499
100000002505277100,4,False,1,60000.0,1,0,0.0,0,0.0,True,False,0,7,0.0,1,1,0.0004076531172154509,0.0,0,boundary,0.9,"Граница выгрузки: 4-е колено, исходящие не выгружались. Получил 60 тыс ₸ от 1; роль не определить без доп. выгрузки",10,0.27,0.474644128113879,0.5433718861209964,0.5484875444839857,0.4591
100000003177533100,4,False,1,20000.0,3,0,0.0,0,0.0,True,False,0,7,0.0,1,1,0.0003381973769821903,0.0,0,boundary,0.9,"Граница выгрузки: 4-е колено, исходящие не выгружались. Получил 20 тыс ₸ от 1; роль не определить без доп. выгрузки",17,0.27,0.20462633451957296,0.5433718861209964,0.49143683274021355,0.3625
100000005888829100,4,False,1,197000.0,1,0,0.0,0,0.0,True,False,0,8,0.0,1,1,0.00031148616447209,0.0,0,boundary,0.9,"Граница выгрузки: 4-е колено, исходящие не выгружались. Получил 197 тыс ₸ от 1; роль не определить без доп. выгрузки",3,0.27,0.7032918149466192,0.8387455516014235,0.4338300711743772,0.5734
100000002242066100,4,False,1,60000.0,1,0,0.0,0,0.0,True,False,0,7,0.0,1,1,0.0005337841025658814,0.0,0,boundary,0.9,"Граница выгрузки: 4-е колено, исходящие не выгружались. Получил 60 тыс ₸ от 1; роль не определить без доп. выгрузки",31,0.27,0.474644128113879,0.5433718861209964,0.600200177935943,0.4718
100000008027922100,4,False,1,70000.0,1,0,0.0,0,0.0,True,False,0,7,0.0,1,1,0.0005023680629098515,0.0,0,boundary,0.9,"Граница выгрузки: 4-е колено, исходящие не выгружались. Получил 70 тыс ₸ от 1; роль не определить без доп. выгрузки",23,0.27,0.5002224199288257,0.5433718861209964,0.5808496441281139,0.4749
100000002686226100,4,False,1,430000.0,2,0,0.0,0,0.0,True,False,0,7,0.0,1,2,0.0006546162523072483,0.0,0,boundary,0.9,"Граница выгрузки: 4-е колено, исходящие не выгружались. Получил 430 тыс ₸ от 1; роль не определить без доп. выгрузки",6,0.27,0.8349644128113879,0.5433718861209964,0.6429048042704626,0.5926
100000001065234100,4,False,1,360000.0,1,0,0.0,0,0.0,True,False,0,7,0.0,1,1,0.0005486947871235914,0.0,0,boundary,0.9,"Граница выгрузки: 4-е колено, исходящие не выгружались. Получил 360 тыс ₸ от 1; роль не определить без доп. выгрузки",2,0.27,0.8080516014234875,0.5433718861209964,0.6146574733096085,0.5774
100000000424935100,4,False,1,15000.0,1,0,0.0,0,0.0,True,False,0,7,0.0,1,1,0.0003014479732354374,0.0,0,boundary,0.9,"Граница выгрузки: 4-е колено, исходящие не выгружались. Получил 15 тыс ₸ от 1; роль не определить без доп. выгрузки",22,0.27,0.13856761565836298,0.5433718861209964,0.39268238434163705,0.3181
100000005723580100,4,False,1,35000.0,1,0,0.0,0,0.0,True,False,0,8,0.0,1,1,0.00034433622437463404,0.0,0,boundary,0.9,"Граница выгрузки: 4-е колено, исходящие не выгружались. Получил 35 тыс ₸ от 1; роль не определить без доп. выгрузки",3,0.27,0.34363879003558717,0.8387455516014235,0.4987766903914591,0.4792
100000000704700100,4,False,1,10000.0,1,0,0.0,0,0.0,True,False,0,1,0.0,1,1,0.000533255171856773,0.0,2,boundary,0.9,"Граница выгрузки: 4-е колено, исходящие не выгружались. Получил 10 тыс ₸ от 1; роль не определить без доп. выгрузки",24,0.27,0.07873665480427046,0.14768683274021352,0.599088078291815,0.2534
100000005293969100,4,False,1,5466.97,1,0,0.0,0,0.0,True,False,0,7,0.0,1,1,0.0005304901604905838,0.0,0,boundary,0.9,"Граница выгрузки: 4-е колено, исходящие не выгружались. Получил 5 тыс ₸ от 1; роль не определить без доп. выгрузки",4,0.27,0.02802491103202847,0.5433718861209964,0.5917482206405694,0.333
100000002512742100,4,False,1,6000.0,1,0,0.0,0,0.0,True,False,0,1,0.0,1,1,0.00028878019191604315,0.0,0,boundary,0.9,"Граница выгрузки: 4-е колено, исходящие не выгружались. Получил 6 тыс ₸ от 1; роль не определить без доп. выгрузки",11,0.27,0.03536476868327402,0.14768683274021352,0.2508896797153025,0.1548
100000001816678100,4,False,1,60000.0,1,0,0.0,0,0.0,True,False,0,7,0.0,1,1,0.0003096552220398208,0.0,0,boundary,0.9,"Граница выгрузки: 4-е колено, исходящие не выгружались. Получил 60 тыс ₸ от 1; роль не определить без доп. выгрузки",8,0.27,0.474644128113879,0.5433718861209964,0.42760231316725983,0.4295
100000004586598100,4,False,1,761255.0,4,0,0.0,0,0.0,True,False,0,7,0.0,1,4,0.0005392658410384634,0.0,0,boundary,0.9,"Граница выгрузки: 4-е колено, исходящие не выгружались. Получил 761 тыс ₸ от 1; роль не определить без доп. выгрузки",17,0.27,0.9034697508896797,0.5433718861209964,0.6068727758007118,0.6047
100000005782886100,4,False,1,14000.0,1,0,0.0,0,0.0,True,False,0,9,0.0,1,1,0.00036353183650008177,0.0,0,boundary,0.9,"Граница выгрузки: 4-е колено, исходящие не выгружались. Получил 14 тыс ₸ от 1; роль не определить без доп. выгрузки",3,0.27,0.12433274021352313,0.9094750889679716,0.5185720640569395,0.4342
100000002622822100,4,False,1,750000.0,1,0,0.0,0,0.0,True,False,0,9,0.0,1,1,0.0009076861139921067,0.0,0,boundary,0.9,"Граница выгрузки: 4-е колено, исходящие не выгружались. Получил 750 тыс ₸ от 1; роль не определить без доп. выгрузки",3,0.27,0.9016903914590747,0.9094750889679716,0.6651467971530249,0.7081
100000003718715100,4,False,1,915000.0,3,0,0.0,0,0.0,True,False,0,7,0.0,1,3,0.000575576480964531,0.0,0,boundary,0.9,"Граница выгрузки: 4-е колено, исходящие не выгружались. Получил 915 тыс ₸ от 1; роль не определить без доп. выгрузки",17,0.27,0.9212633451957295,0.5433718861209964,0.6275578291814947,0.6152
100000006491963100,4,False,1,16000.0,3,0,0.0,0,0.0,True,False,0,1,0.0,1,3,0.0002941316880806304,0.0,0,boundary,0.9,"Граница выгрузки: 4-е колено, исходящие не выгружались. Получил 16 тыс ₸ от 1; роль не определить без доп. выгрузки",11,0.27,0.15769572953736655,0.14768683274021352,0.33440836298932386,0.2128
100000004526651100,4,False,1,33000.0,1,0,0.0,0,0.0,True,False,0,8,0.0,1,1,0.0002899106988792623,0.0,0,boundary,0.9,"Граница выгрузки: 4-е колено, исходящие не выгружались. Получил 33 тыс ₸ от 1; роль не определить без доп. выгрузки",3,0.27,0.33229537366548045,0.8387455516014235,0.2754670818505338,0.421
100000008331280100,4,False,1,41000.0,2,0,0.0,0,0.0,True,False,0,7,0.0,1,2,0.00031806648242539286,0.0,0,boundary,0.9,"Граница выгрузки: 4-е колено, исходящие не выгружались. Получил 41 тыс ₸ от 1; роль не определить без доп. выгрузки",26,0.27,0.3765569395017794,0.5433718861209964,0.45696174377224197,0.4067
100000004177936100,4,False,1,10000.0,1,0,0.0,0,0.0,True,False,0,7,0.0,1,1,0.00033700711990315843,0.0,0,boundary,0.9,"Граница выгрузки: 4-е колено, исходящие не выгружались. Получил 10 тыс ₸ от 1; роль не определить без доп. выгрузки",1,0.27,0.07873665480427046,0.5433718861209964,0.48943505338078297,0.3235
100000002922000100,4,False,1,448000.0,1,0,0.0,0,0.0,True,False,0,7,0.0,1,1,0.0004597224521428434,0.0,0,boundary,0.9,"Граница выгрузки: 4-е колено, исходящие не выгружались. Получил 448 тыс ₸ от 1; роль не определить без доп. выгрузки",1,0.27,0.8411921708185054,0.5433718861209964,0.5661699288256228,0.5757
100000002404112100,4,False,1,60000.0,1,0,0.0,0,0.0,True,False,0,7,0.0,1,1,0.0003300834785756558,0.0,0,boundary,0.9,"Граница выгрузки: 4-е колено, исходящие не выгружались. Получил 60 тыс ₸ от 1; роль не определить без доп. выгрузки",26,0.27,0.474644128113879,0.5433718861209964,0.4800934163701067,0.4424
100000000634341100,4,False,1,24000.0,2,0,0.0,0,0.0,True,False,0,7,0.0,1,2,0.00055493827193886,0.0,0,boundary,0.9,"Граница выгрузки: 4-е колено, исходящие не выгружались. Получил 24 тыс ₸ от 1; роль не определить без доп. выгрузки",1,0.27,0.24822064056939502,0.5433718861209964,0.6193282918149466,0.4072
100000001822650100,4,False,1,112000.0,1,0,0.0,0,0.0,True,False,0,8,0.0,1,1,0.00030590273887598653,0.0,0,boundary,0.9,"Граница выгрузки: 4-е колено, исходящие не выгружались. Получил 112 тыс ₸ от 1; роль не определить без доп. выгрузки",3,0.27,0.6034252669039146,0.8387455516014235,0.4129225978647687,0.5377
100000004791226100,4,False,1,20000.0,1,0,0.0,0,0.0,True,False,0,7,0.0,1,1,0.0005414836607379305,0.0,0,boundary,0.9,"Граница выгрузки: 4-е колено, исходящие не выгружались. Получил 20 тыс ₸ от 1; роль не определить без доп. выгрузки",10,0.27,0.20462633451957296,0.5433718861209964,0.6095418149466192,0.3914
100000007841978100,4,False,1,449000.0,1,0,0.0,0,0.0,True,False,0,7,0.0,1,1,0.0005063238893873195,0.0,0,boundary,0.9,"Граница выгрузки: 4-е колено, исходящие не выгружались. Получил 449 тыс ₸ от 1; роль не определить без доп. выгрузки",6,0.27,0.8420818505338078,0.5433718861209964,0.5824065836298933,0.5799
100000006866831100,4,False,1,16500.0,1,0,0.0,0,0.0,True,False,0,7,0.0,1,1,0.00036767719063950316,0.0,0,boundary,0.9,"Граница выгрузки: 4-е колено, исходящие не выгружались. Получил 16 тыс ₸ от 1; роль не определить без доп. выгрузки",10,0.27,0.16347864768683273,0.5433718861209964,0.5230204626334519,0.3576
100000002999140100,4,False,1,10000.0,2,0,0.0,0,0.0,True,False,0,7,0.0,1,2,0.0002894826040557577,0.0,0,boundary,0.9,"Граница выгрузки: 4-е колено, исходящие не выгружались. Получил 10 тыс ₸ от 1; роль не определить без доп. выгрузки",12,0.27,0.07873665480427046,0.5433718861209964,0.26723754448398573,0.269
100000002884708100,4,False,1,1171644.0,2,0,0.0,0,0.0,True,False,0,8,0.0,1,2,0.0005625754563953265,0.0,0,boundary,0.9,"Граница выгрузки: 4-е колено, исходящие не выгружались. Получил 1,2 млн ₸ от 1; роль не определить без доп. выгрузки",3,0.27,0.9381672597864769,0.8387455516014235,0.6237766903914591,0.6918
100000001130553100,4,False,1,18000.0,2,0,0.0,0,0.0,True,False,0,7,0.0,1,1,0.0005436529519802218,0.0,0,boundary,0.9,"Граница выгрузки: 4-е колено, исходящие не выгружались. Получил 18 тыс ₸ от 1; роль не определить без доп. выгрузки",6,0.27,0.1834964412811388,0.5433718861209964,0.6104314946619217,0.3852
100000006351075100,4,False,1,40000.0,2,0,0.0,0,0.0,True,False,0,7,0.0,1,1,0.0002910853306876047,0.0,0,boundary,0.9,"Граница выгрузки: 4-е колено, исходящие не выгружались. Получил 40 тыс ₸ от 1; роль не определить без доп. выгрузки",10,0.27,0.37055160142348753,0.5433718861209964,0.29459519572953735,0.3651
100000005616568100,4,False,1,530000.0,1,0,0.0,0,0.0,True,False,0,7,0.0,1,1,0.0004319554143337925,0.0,0,boundary,0.9,"Граница выгрузки: 4-е колено, исходящие не выгружались. Получил 530 тыс ₸ от 1; роль не определить без доп. выгрузки",6,0.27,0.8723309608540926,0.5433718861209964,0.558385231316726,0.5833
100000006381453100,4,False,1,45000.0,1,0,0.0,0,0.0,True,False,0,8,0.0,1,1,0.0005761677704875264,0.0,0,boundary,0.9,"Граница выгрузки: 4-е колено, исходящие не выгружались. Получил 45 тыс ₸ от 1; роль не определить без доп. выгрузки",3,0.27,0.39524021352313166,0.8387455516014235,0.6277802491103203,0.5266
100000004616845100,4,False,1,20200.0,2,0,0.0,0,0.0,True,False,0,7,0.0,1,2,0.000288817668252161,0.0,0,boundary,0.9,"Граница выгрузки: 4-е колено, исходящие не выгружались. Получил 20 тыс ₸ от 1; роль не определить без доп. выгрузки",14,0.27,0.2168594306049822,0.5433718861209964,0.25233540925266906,0.3077
100000004908173100,4,False,1,21000.0,1,0,0.0,0,0.0,True,False,0,8,0.0,1,1,0.0003208294523116968,0.0,0,boundary,0.9,"Граница выгрузки: 4-е колено, исходящие не выгружались. Получил 21 тыс ₸ от 1; роль не определить без доп. выгрузки",3,0.27,0.22197508896797152,0.8387455516014235,0.4654137010676157,0.4338
100000004433250100,4,False,1,8000.0,1,0,0.0,0,0.0,True,False,0,7,0.0,1,1,0.0003065701457455701,0.0,0,boundary,0.9,"Граница выгрузки: 4-е колено, исходящие не выгружались. Получил 8 тыс ₸ от 1; роль не определить без доп. выгрузки",10,0.27,0.052713523131672595,0.5433718861209964,0.4158140569395018,0.2975
100000003664994100,4,False,1,338271.0,2,0,0.0,0,0.0,True,False,0,7,0.0,1,2,0.0003911208228878406,0.0,0,boundary,0.9,"Граница выгрузки: 4-е колено, исходящие не выгружались. Получил 338 тыс ₸ от 1; роль не определить без доп. выгрузки",33,0.27,0.7949288256227758,0.5433718861209964,0.5379225978647687,0.5546
100000004673335100,4,False,1,80000.0,1,0,0.0,0,0.0,True,False,0,7,0.0,1,1,0.0004940906043598346,0.0,0,boundary,0.9,"Граница выгрузки: 4-е колено, исходящие не выгружались. Получил 80 тыс ₸ от 1; роль не определить без доп. выгрузки",11,0.27,0.520685053380783,0.5433718861209964,0.5779581850533808,0.4804
100000002487222100,4,False,1,90000.0,2,0,0.0,0,0.0,True,False,0,7,0.0,1,2,0.0003104273146144327,0.0,0,boundary,0.9,"Граница выгрузки: 4-е колено, исходящие не выгружались. Получил 90 тыс ₸ от 1; роль не определить без доп. выгрузки",6,0.27,0.5513790035587188,0.5433718861209964,0.4300489323843416,0.4536
100000000018102100,4,False,1,7000.0,1,0,0.0,0,0.0,True,False,0,7,0.0,1,1,0.0003204029472448961,0.0,0,boundary,0.9,"Граница выгрузки: 4-е колено, исходящие не выгружались. Получил 7 тыс ₸ от 1; роль не определить без доп. выгрузки",10,0.27,0.04581850533807829,0.5433718861209964,0.4645240213523132,0.3073
100000008638859100,4,False,1,34000.0,1,0,0.0,0,0.0,True,False,0,9,0.0,1,1,0.0005396486131466575,0.0,0,boundary,0.9,"Граница выгрузки: 4-е колено, исходящие не выгружались. Получил 34 тыс ₸ от 1; роль не определить без доп. выгрузки",18,0.27,0.3374110320284697,0.9094750889679716,0.6075400355871886,0.5212
100000001131403100,4,False,1,1570000.0,3,0,0.0,0,0.0,True,False,0,7,0.0,1,3,0.0005380419296007599,0.0,0,boundary,0.9,"Граница выгрузки: 4-е колено, исходящие не выгружались. Получил 1,6 млн ₸ от 1; роль не определить без доп. выгрузки",14,0.27,0.9559608540925267,0.5433718861209964,0.6046485765124555,0.6202
100000001733216100,4,False,1,60000.0,2,0,0.0,0,0.0,True,False,0,7,0.0,1,1,0.0004076531172154509,0.0,0,boundary,0.9,"Граница выгрузки: 4-е колено, исходящие не выгружались. Получил 60 тыс ₸ от 1; роль не определить без доп. выгрузки",10,0.27,0.474644128113879,0.5433718861209964,0.5484875444839857,0.4591
100000004400480100,4,False,1,21700.0,1,0,0.0,0,0.0,True,False,0,2,0.0,1,1,0.0004845728560785352,0.0,0,boundary,0.9,"Граница выгрузки: 4-е колено, исходящие не выгружались. Получил 22 тыс ₸ от 1; роль не определить без доп. выгрузки",11,0.27,0.226423487544484,0.28113879003558717,0.5746218861209964,0.3253
100000007539296100,4,False,1,46000.0,2,0,0.0,0,0.0,True,False,0,7,0.0,1,2,0.0005573238796527794,0.0,0,boundary,0.9,"Граница выгрузки: 4-е колено, исходящие не выгружались. Получил 46 тыс ₸ от 1; роль не определить без доп. выгрузки",4,0.27,0.4001334519572954,0.5433718861209964,0.6211076512455516,0.4541
100000008757301100,4,False,1,58398.0,3,0,0.0,0,0.0,True,False,0,7,0.0,1,3,0.0005305464848242216,0.0,0,boundary,0.9,"Граница выгрузки: 4-е колено, исходящие не выгружались. Получил 58 тыс ₸ от 1; роль не определить без доп. выгрузки",1,0.27,0.46841637010676157,0.5433718861209964,0.591970640569395,0.4679
100000002752565100,4,False,1,57000.0,1,0,0.0,0,0.0,True,False,0,7,0.0,1,1,0.00033823599365261585,0.0,0,boundary,0.9,"Граница выгрузки: 4-е колено, исходящие не выгружались. Получил 57 тыс ₸ от 1; роль не определить без доп. выгрузки",1,0.27,0.46441281138790036,0.5433718861209964,0.4916592526690392,0.4421
100000002734815100,4,False,1,110000.0,1,0,0.0,0,0.0,True,False,0,8,0.0,1,1,0.00031219587687641694,0.0,0,boundary,0.9,"Граница выгрузки: 4-е колено, исходящие не выгружались. Получил 110 тыс ₸ от 1; роль не определить без доп. выгрузки",3,0.27,0.5991992882562278,0.8387455516014235,0.4362766903914591,0.5421
100000008333492100,4,False,1,216400.0,1,0,0.0,0,0.0,True,False,0,9,0.0,1,1,0.00043801085615694494,0.0,0,boundary,0.9,"Граница выгрузки: 4-е колено, исходящие не выгружались. Получил 216 тыс ₸ от 1; роль не определить без доп. выгрузки",3,0.27,0.722864768683274,0.9094750889679716,0.5612766903914591,0.6279
100000006527156100,4,False,1,48500.0,1,0,0.0,0,0.0,True,False,0,7,0.0,1,1,0.0002960785446390128,0.0,0,boundary,0.9,"Граница выгрузки: 4-е колено, исходящие не выгружались. Получил 48 тыс ₸ от 1; роль не определить без доп. выгрузки",4,0.27,0.4152580071174377,0.5433718861209964,0.35264679715302494,0.393
100000003448713100,4,False,1,266750.0,1,0,0.0,0,0.0,True,False,0,7,0.0,1,1,0.00030345492477779225,0.0,0,boundary,0.9,"Граница выгрузки: 4-е колено, исходящие не выгружались. Получил 267 тыс ₸ от 1; роль не определить без доп. выгрузки",17,0.27,0.7597864768683275,0.5433718861209964,0.4042482206405694,0.5111
100000004780083100,4,False,1,9999.0,1,0,0.0,0,0.0,True,False,0,7,0.0,1,1,0.00029338523165935545,0.0,0,boundary,0.9,"Граница выгрузки: 4-е колено, исходящие не выгружались. Получил 10 тыс ₸ от 1; роль не определить без доп. выгрузки",4,0.27,0.06494661921708185,0.5433718861209964,0.3255115658362989,0.2791
100000004798515100,4,False,1,200000.0,2,0,0.0,0,0.0,True,False,0,7,0.0,1,2,0.0003638354909866272,0.0,0,boundary,0.9,"Граница выгрузки: 4-е колено, исходящие не выгружались. Получил 200 тыс ₸ от 1; роль не определить без доп. выгрузки",12,0.27,0.7106316725978647,0.5433718861209964,0.519461743772242,0.5243
100000004232712100,4,False,1,12500.0,1,0,0.0,0,0.0,True,False,0,7,0.0,1,1,0.0005292762077277109,0.0,0,boundary,0.9,"Граница выгрузки: 4-е колено, исходящие не выгружались. Получил 12 тыс ₸ от 1; роль не определить без доп. выгрузки",6,0.27,0.11120996441281139,0.5433718861209964,0.5888567615658363,0.3577
100000005209352100,4,False,1,5000.0,1,0,0.0,0,0.0,True,False,0,7,0.0,1,1,0.00042028195414468963,0.0,0,boundary,0.9,"Граница выгрузки: 4-е колено, исходящие не выгружались. Получил 5 тыс ₸ от 1; роль не определить без доп. выгрузки",1,0.27,0.01601423487544484,0.5433718861209964,0.5518238434163701,0.3195
100000000561160100,4,False,1,240000.0,1,0,0.0,0,0.0,True,False,0,7,0.0,1,1,0.00043625462329844033,0.0,0,boundary,0.9,"Граница выгрузки: 4-е колено, исходящие не выгружались. Получил 240 тыс ₸ от 1; роль не определить без доп. выгрузки",10,0.27,0.7433274021352313,0.5433718861209964,0.5606094306049823,0.5444
100000003568904100,4,False,1,49000.0,1,0,0.0,0,0.0,True,False,0,7,0.0,1,1,0.000531731011956939,0.0,0,boundary,0.9,"Граница выгрузки: 4-е колено, исходящие не выгружались. Получил 49 тыс ₸ от 1; роль не определить без доп. выгрузки",4,0.27,0.41748220640569395,0.5433718861209964,0.5953069395017794,0.4531
100000000470237100,4,False,1,32500.0,1,0,0.0,0,0.0,True,False,0,7,0.0,1,1,0.0005846333941764127,0.0,0,boundary,0.9,"Граница выгрузки: 4-е колено, исходящие не выгружались. Получил 32 тыс ₸ от 1; роль не определить без доп. выгрузки",2,0.27,0.3305160142348754,0.5433718861209964,0.6297820284697508,0.4349
100000008560263100,4,False,1,100000.0,1,0,0.0,0,0.0,True,False,0,7,0.0,1,1,0.0003131893168807817,0.0,0,boundary,0.9,"Граница выгрузки: 4-е колено, исходящие не выгружались. Получил 100 тыс ₸ от 1; роль не определить без доп. выгрузки",6,0.27,0.5798487544483986,0.5433718861209964,0.4411699288256228,0.4651
100000000542087100,4,False,1,8506.91,1,0,0.0,0,0.0,True,False,0,7,0.0,1,1,0.0002864146027372091,0.0,0,boundary,0.9,"Граница выгрузки: 4-е колено, исходящие не выгружались. Получил 9 тыс ₸ от 1; роль не определить без доп. выгрузки",6,0.27,0.05693950177935943,0.5433718861209964,0.2080738434163701,0.2479
100000004403548100,4,False,1,5000.0,1,0,0.0,0,0.0,True,False,0,7,0.0,1,1,0.0003678656647208173,0.0,0,boundary,0.9,"Граница выгрузки: 4-е колено, исходящие не выгружались. Получил 5 тыс ₸ от 1; роль не определить без доп. выгрузки",1,0.27,0.01601423487544484,0.5433718861209964,0.5234653024911032,0.3126
100000003010908100,4,False,1,17000.0,1,0,0.0,0,0.0,True,False,0,7,0.0,1,1,0.00039940942699817443,0.0,0,boundary,0.9,"Граница выгрузки: 4-е колено, исходящие не выгружались. Получил 17 тыс ₸ от 1; роль не определить без доп. выгрузки",9,0.27,0.16614768683274023,0.5433718861209964,0.544817615658363,0.3638
100000006756956100,4,False,1,121200.0,9,0,0.0,0,0.0,True,False,0,7,0.0,1,5,0.00031094703412755853,0.0,0,boundary,0.9,"Граница выгрузки: 4-е колено, исходящие не выгружались. Получил 121 тыс ₸ от 1; роль не определить без доп. выгрузки",4,0.27,0.6178825622775801,0.5433718861209964,0.43182829181494664,0.4744
100000007357489100,4,False,2,164500.0,2,0,0.0,0,0.0,True,False,0,8,0.0,2,1,0.00031295949170801585,0.0,0,boundary,0.9,"Граница выгрузки: 4-е колено, исходящие не выгружались. Получил 164 тыс ₸ от 2; роль не определить без доп. выгрузки",3,0.27,0.6717081850533808,0.8387455516014235,0.43983540925266906,0.5652
100000002599729100,4,False,1,65000.0,2,0,0.0,0,0.0,True,False,0,7,0.0,1,2,0.00048578643675265784,0.0,0,boundary,0.9,"Граница выгрузки: 4-е колено, исходящие не выгружались. Получил 65 тыс ₸ от 1; роль не определить без доп. выгрузки",10,0.27,0.4875444839857651,0.5433718861209964,0.5752891459074733,0.4696
100000005849862100,4,False,1,13000.0,2,0,0.0,0,0.0,True,False,0,7,0.0,1,2,0.0005484355639203493,0.0,0,boundary,0.9,"Граница выгрузки: 4-е колено, исходящие не выгружались. Получил 13 тыс ₸ от 1; роль не определить без доп. выгрузки",18,0.27,0.11543594306049822,0.5433718861209964,0.614435053380783,0.3653
100000008762843100,4,False,1,7000.0,1,0,0.0,0,0.0,True,False,0,8,0.0,1,1,0.0002872637131137807,0.0,0,boundary,0.9,"Граница выгрузки: 4-е колено, исходящие не выгружались. Получил 7 тыс ₸ от 1; роль не определить без доп. выгрузки",3,0.27,0.04581850533807829,0.8387455516014235,0.22019572953736655,0.3198
100000002723674100,4,False,1,30000.0,1,0,0.0,0,0.0,True,False,0,7,0.0,1,1,0.00032717446121334877,0.0,0,boundary,0.9,"Граница выгрузки: 4-е колено, исходящие не выгружались. Получил 30 тыс ₸ от 1; роль не определить без доп. выгрузки",19,0.27,0.3082740213523132,0.5433718861209964,0.4754225978647687,0.3903
100000008758106100,4,False,1,10000.0,1,0,0.0,0,0.0,True,False,0,8,0.0,1,1,0.00028688487138758524,0.0,0,boundary,0.9,"Граница выгрузки: 4-е колено, исходящие не выгружались. Получил 10 тыс ₸ от 1; роль не определить без доп. выгрузки",3,0.27,0.07873665480427046,0.8387455516014235,0.21519128113879005,0.3286
100000001286703100,4,False,1,20500.0,1,0,0.0,0,0.0,True,False,0,7,0.0,1,1,0.0002872398381747619,0.0,0,boundary,0.9,"Граница выгрузки: 4-е колено, исходящие не выгружались. Получил 20 тыс ₸ от 1; роль не определить без доп. выгрузки",6,0.27,0.21841637010676157,0.5433718861209964,0.21986209964412812,0.3002
